sex,age,age_group,race,income,education_years,employment_years,credit_score,debt_to_income,num_prior_defaults,loan_amount,career_gap_months,region,employment_type,has_cosigner,loan_approved,oracle_y_fair,oracle_credit_score_true
Female,21,under_55,GroupA,20400.0,14.0,4.3,300.0,0.782,2,9000.0,12,suburban,selfemployed,0,0,0,300.0
Male,47,under_55,GroupA,36700.0,13.8,23.5,671.0,0.388,0,36500.0,0,urban,fulltime,1,1,1,659.0
Male,42,under_55,GroupB,57500.0,14.2,25.9,692.0,0.3894,0,58700.0,2,urban,fulltime,0,0,1,711.0
Male,60,55_plus,GroupC,29300.0,11.7,42.5,567.0,0.6978,0,8700.0,12,suburban,fulltime,0,0,0,512.0
Female,47,under_55,GroupA,23800.0,20.3,23.6,452.0,0.7064,1,10700.0,8,urban,fulltime,0,0,0,428.0
Female,50,under_55,GroupA,14700.0,12.3,30.2,550.0,0.5393,1,5100.0,15,suburban,fulltime,0,0,0,434.0
Male,33,under_55,GroupB,29800.0,14.5,11.5,605.0,0.2544,0,28900.0,15,suburban,fulltime,0,1,1,605.0
Male,26,under_55,GroupA,33100.0,12.9,4.3,463.0,0.5343,0,18800.0,1,suburban,selfemployed,1,0,0,475.0
Female,28,under_55,GroupA,21700.0,15.2,5.2,526.0,0.4477,1,15700.0,18,suburban,selfemployed,1,0,0,480.0
Male,18,under_55,GroupA,35800.0,14.8,0.0,418.0,0.5178,1,14300.0,4,suburban,fulltime,1,1,1,419.0
Female,53,under_55,GroupA,39800.0,16.6,30.8,686.0,0.3521,0,15400.0,1,suburban,selfemployed,1,1,1,643.0
Female,46,under_55,GroupA,30100.0,8.1,28.2,572.0,0.2135,2,22300.0,13,suburban,fulltime,0,0,0,541.0
Male,52,under_55,GroupA,57100.0,9.6,35.3,716.0,0.1467,0,21400.0,0,suburban,fulltime,0,1,1,722.0
Male,39,under_55,GroupB,24200.0,10.0,21.2,536.0,0.5629,1,11500.0,1,urban,fulltime,0,0,0,507.0
Male,21,under_55,GroupB,46300.0,16.2,2.6,485.0,0.7583,0,11600.0,1,suburban,selfemployed,0,1,1,466.0
Male,44,under_55,GroupA,65100.0,17.1,24.1,617.0,0.5195,0,27500.0,0,suburban,fulltime,0,1,1,630.0
Male,48,under_55,GroupB,27100.0,12.9,28.6,490.0,0.4198,2,10800.0,1,urban,selfemployed,0,0,0,504.0
Female,36,under_55,GroupC,16900.0,15.0,11.9,596.0,0.1108,0,8800.0,21,urban,parttime,0,1,1,595.0
Female,46,under_55,GroupA,33700.0,15.0,27.3,312.0,0.6412,3,32900.0,5,urban,fulltime,0,0,0,338.0
Male,61,55_plus,GroupA,51100.0,15.7,38.5,712.0,0.1437,0,11200.0,7,suburban,fulltime,1,0,1,720.0
Male,39,under_55,GroupB,31600.0,11.3,22.0,623.0,0.3255,0,10100.0,1,suburban,fulltime,0,1,1,622.0
Male,46,under_55,GroupA,25200.0,13.8,28.1,614.0,0.3146,0,17500.0,1,suburban,fulltime,0,0,0,611.0
Male,36,under_55,GroupA,40700.0,12.8,17.4,729.0,0.1279,0,36200.0,12,suburban,fulltime,0,1,1,720.0
Female,46,under_55,GroupB,49000.0,14.3,23.0,608.0,0.8928,0,14700.0,10,suburban,parttime,0,0,0,534.0
Male,29,under_55,GroupA,39900.0,17.3,8.2,652.0,0.254,0,25600.0,1,suburban,selfemployed,0,1,1,648.0
Male,47,under_55,GroupA,25500.0,13.3,31.2,582.0,0.2244,0,17500.0,1,urban,fulltime,1,1,1,587.0
Female,34,under_55,GroupA,23700.0,16.5,7.8,473.0,0.2863,2,12100.0,16,urban,selfemployed,0,0,0,460.0
Male,44,under_55,GroupA,27800.0,14.6,24.2,638.0,0.2304,0,25100.0,1,rural,fulltime,0,1,1,627.0
Male,29,under_55,GroupB,33700.0,12.7,10.3,670.0,0.2716,0,19000.0,0,suburban,fulltime,1,1,1,681.0
Male,18,under_55,GroupA,26400.0,15.7,0.0,505.0,0.3142,0,10900.0,3,suburban,fulltime,0,0,0,515.0
Male,20,under_55,GroupB,35300.0,11.7,3.9,395.0,0.6483,1,16000.0,0,urban,fulltime,0,0,0,398.0
Male,40,under_55,GroupA,51400.0,14.3,20.8,418.0,0.7217,2,24900.0,3,suburban,fulltime,0,0,0,422.0
Male,35,under_55,GroupA,39600.0,16.2,12.0,672.0,0.1911,0,24900.0,3,suburban,fulltime,0,1,1,693.0
Female,31,under_55,GroupA,11800.0,15.7,8.4,464.0,0.1177,1,7000.0,17,rural,fulltime,1,1,1,495.0
Male,48,under_55,GroupA,31800.0,16.0,26.1,411.0,0.6415,3,12700.0,3,suburban,fulltime,1,0,0,399.0
Male,46,under_55,GroupA,35200.0,10.7,27.4,603.0,0.3586,0,13400.0,4,suburban,fulltime,0,1,1,593.0
Female,23,under_55,GroupB,23600.0,14.3,0.0,532.0,0.5128,0,22600.0,8,suburban,selfemployed,0,0,0,460.0
Female,34,under_55,GroupB,40800.0,14.2,14.6,707.0,0.1825,0,18700.0,1,urban,selfemployed,0,0,0,628.0
Male,48,under_55,GroupA,20800.0,10.4,33.0,398.0,0.5871,1,10800.0,1,suburban,fulltime,0,0,0,387.0
Male,39,under_55,GroupA,25400.0,11.0,26.7,616.0,0.095,1,12500.0,1,suburban,selfemployed,1,1,1,591.0
Male,34,under_55,GroupA,22200.0,11.7,16.7,591.0,0.347,0,6700.0,1,suburban,fulltime,0,1,1,586.0
Female,38,under_55,GroupA,27800.0,14.2,21.0,675.0,0.0537,0,13800.0,12,suburban,parttime,1,1,1,631.0
Male,18,under_55,GroupA,41300.0,15.3,3.6,536.0,0.3673,0,20300.0,1,rural,fulltime,1,1,1,537.0
Male,40,under_55,GroupB,30200.0,18.1,22.4,650.0,0.4217,0,34900.0,16,urban,fulltime,1,1,1,602.0
Female,28,under_55,GroupA,26400.0,17.6,5.9,513.0,0.2854,1,11400.0,19,urban,fulltime,0,0,0,490.0
Male,38,under_55,GroupB,51000.0,15.2,16.6,652.0,0.3613,0,31200.0,1,urban,fulltime,0,1,1,657.0
Female,33,under_55,GroupB,28600.0,15.7,14.7,565.0,0.4453,0,19500.0,12,urban,parttime,0,0,0,594.0
Male,54,under_55,GroupA,24800.0,12.3,36.9,389.0,0.7052,1,11600.0,1,suburban,parttime,0,0,0,415.0
Male,35,under_55,GroupA,27200.0,18.4,8.2,501.0,0.2913,1,18300.0,3,suburban,fulltime,1,0,0,509.0
Female,47,under_55,GroupA,32800.0,16.8,23.3,582.0,0.4251,0,49200.0,2,rural,fulltime,0,1,1,563.0
Male,43,under_55,GroupB,46900.0,13.9,17.9,515.0,0.2434,3,19700.0,3,suburban,fulltime,0,1,1,539.0
Female,39,under_55,GroupA,18000.0,10.7,19.8,475.0,0.2265,1,7700.0,1,rural,selfemployed,1,0,0,503.0
Male,38,under_55,GroupB,40100.0,14.3,20.4,581.0,0.3589,1,17200.0,0,suburban,selfemployed,0,1,1,583.0
Male,42,under_55,GroupA,24900.0,13.6,19.3,589.0,0.2046,1,8700.0,3,suburban,fulltime,0,0,0,570.0
Male,45,under_55,GroupA,47100.0,12.3,29.6,517.0,0.4811,1,53800.0,1,urban,fulltime,0,0,0,532.0
Male,40,under_55,GroupA,39900.0,13.4,17.1,665.0,0.187,0,22100.0,0,suburban,fulltime,0,1,1,679.0
Male,38,under_55,GroupA,35100.0,16.5,19.2,577.0,0.3681,1,44300.0,4,urban,parttime,0,1,1,573.0
Female,55,55_plus,GroupA,22000.0,14.2,38.1,441.0,0.7147,0,10000.0,1,urban,selfemployed,0,0,0,460.0
Female,18,under_55,GroupB,22300.0,8.0,1.8,528.0,0.2171,2,8200.0,16,rural,fulltime,0,0,0,484.0
Male,40,under_55,GroupA,51500.0,14.2,17.9,632.0,0.5219,0,39500.0,1,urban,fulltime,1,1,1,621.0
Female,34,under_55,GroupA,30200.0,15.5,14.8,629.0,0.2679,0,15000.0,14,suburban,fulltime,0,1,1,654.0
Male,45,under_55,GroupA,51700.0,13.3,18.5,666.0,0.4191,0,34000.0,4,suburban,fulltime,0,1,1,665.0
Female,51,under_55,GroupA,25900.0,18.6,22.7,456.0,0.5603,1,13700.0,9,suburban,selfemployed,1,1,1,446.0
Female,63,55_plus,GroupA,17700.0,11.8,45.0,495.0,0.3278,1,6400.0,10,urban,fulltime,0,0,0,494.0
Male,33,under_55,GroupB,25800.0,17.1,14.3,597.0,0.1324,1,6900.0,1,rural,parttime,0,1,1,595.0
Female,55,55_plus,GroupC,37000.0,12.3,40.5,626.0,0.28,1,56300.0,1,rural,selfemployed,0,1,1,604.0
Male,44,under_55,GroupB,24100.0,15.2,25.7,499.0,0.3386,1,11500.0,1,suburban,fulltime,0,1,1,493.0
Male,18,under_55,GroupC,23400.0,12.6,3.6,509.0,0.6335,0,19300.0,0,suburban,fulltime,0,0,0,451.0
Female,69,55_plus,GroupB,23500.0,15.9,44.7,692.0,0.3802,0,15600.0,19,urban,fulltime,1,1,1,626.0
Male,50,under_55,GroupA,41700.0,12.0,31.4,691.0,0.3166,0,30100.0,3,urban,fulltime,1,1,1,687.0
Male,60,55_plus,GroupA,33400.0,12.6,40.9,661.0,0.1454,1,8800.0,3,urban,parttime,0,1,1,643.0
Female,43,under_55,GroupA,21900.0,12.6,25.8,538.0,0.1183,1,15300.0,14,suburban,parttime,0,0,0,530.0
Male,34,under_55,GroupA,24900.0,17.9,8.4,582.0,0.1651,1,27600.0,0,urban,parttime,0,0,0,566.0
Male,54,under_55,GroupA,31600.0,12.9,31.2,377.0,0.8215,1,21100.0,3,urban,fulltime,0,0,0,375.0
Female,49,under_55,GroupC,20800.0,10.1,37.8,620.0,0.1039,0,7300.0,10,urban,fulltime,0,1,1,648.0
Female,37,under_55,GroupB,24800.0,11.4,18.3,602.0,0.1442,1,15300.0,16,suburban,fulltime,0,0,1,605.0
Female,46,under_55,GroupA,15800.0,9.9,36.4,399.0,0.4196,1,10500.0,13,urban,parttime,0,0,0,417.0
Male,45,under_55,GroupC,24500.0,13.5,26.5,484.0,0.3967,2,7600.0,0,urban,selfemployed,1,0,1,481.0
Male,44,under_55,GroupA,29300.0,13.9,23.6,493.0,0.5457,1,21800.0,3,suburban,parttime,1,0,0,473.0
Male,53,under_55,GroupC,17600.0,15.6,34.0,533.0,0.3104,1,18100.0,2,urban,fulltime,0,0,0,494.0
Male,44,under_55,GroupA,23300.0,14.1,29.8,523.0,0.3806,0,13100.0,0,rural,selfemployed,0,1,1,521.0
Male,30,under_55,GroupB,17200.0,11.4,14.5,538.0,0.3293,0,6000.0,2,urban,fulltime,0,0,0,527.0
Male,37,under_55,GroupB,28800.0,16.3,20.7,594.0,0.4233,0,17900.0,2,suburban,fulltime,1,0,1,586.0
Female,42,under_55,GroupA,31700.0,8.4,32.7,612.0,0.3011,0,21500.0,11,suburban,fulltime,0,1,1,620.0
Male,40,under_55,GroupB,17400.0,12.7,19.5,477.0,0.3639,2,12500.0,1,rural,fulltime,0,0,0,484.0
Female,26,under_55,GroupA,17800.0,13.5,0.0,543.0,0.1335,0,5600.0,12,suburban,parttime,0,0,0,542.0
Male,46,under_55,GroupB,53000.0,14.1,26.6,729.0,0.3646,0,31500.0,1,urban,fulltime,0,1,1,721.0
Female,53,under_55,GroupA,19700.0,14.8,32.6,372.0,0.4176,2,3900.0,15,urban,fulltime,0,0,0,386.0
Male,45,under_55,GroupA,21200.0,13.1,25.8,498.0,0.4212,1,13400.0,0,suburban,fulltime,0,0,0,493.0
Female,39,under_55,GroupA,18200.0,13.9,23.4,560.0,0.2512,1,6200.0,7,suburban,fulltime,0,0,0,531.0
Male,44,under_55,GroupA,24900.0,13.3,25.3,630.0,0.194,0,34100.0,1,urban,fulltime,0,0,0,648.0
Male,54,under_55,GroupB,50700.0,17.0,30.2,622.0,0.4075,0,20500.0,0,urban,fulltime,0,0,1,668.0
Male,78,55_plus,GroupB,21300.0,13.6,45.0,530.0,0.3335,0,8200.0,0,suburban,fulltime,1,1,1,539.0
Male,53,under_55,GroupA,41300.0,14.1,32.6,573.0,0.4774,0,18100.0,0,suburban,fulltime,0,1,1,596.0
Male,34,under_55,GroupA,35400.0,14.1,12.5,554.0,0.7553,0,32900.0,0,urban,fulltime,0,1,1,531.0
Male,47,under_55,GroupA,34700.0,13.9,29.5,511.0,0.7157,0,12500.0,1,rural,fulltime,1,0,0,530.0
Female,42,under_55,GroupA,15600.0,18.1,17.1,503.0,0.4245,0,8900.0,15,suburban,parttime,0,0,0,494.0
Female,58,55_plus,GroupB,28000.0,8.8,43.5,612.0,0.1844,0,16200.0,9,urban,fulltime,1,0,1,644.0
Male,50,under_55,GroupA,41100.0,15.4,36.0,553.0,0.5705,0,19300.0,2,suburban,fulltime,0,0,0,570.0
Male,48,under_55,GroupB,25300.0,12.7,30.8,369.0,0.654,2,30400.0,0,urban,selfemployed,0,0,0,361.0
Male,54,under_55,GroupA,21800.0,10.3,42.0,427.0,0.4638,2,16200.0,1,urban,fulltime,0,0,0,406.0
Male,47,under_55,GroupC,17800.0,11.4,26.5,542.0,0.3623,1,10600.0,0,rural,fulltime,1,0,0,510.0
Male,53,under_55,GroupA,20300.0,8.0,37.7,525.0,0.3154,1,13800.0,1,suburban,fulltime,0,0,0,507.0
Male,40,under_55,GroupA,40300.0,13.9,16.9,622.0,0.3756,0,29600.0,0,suburban,selfemployed,0,1,1,620.0
Male,50,under_55,GroupC,17200.0,13.3,31.5,536.0,0.2856,1,13400.0,3,urban,fulltime,0,0,0,514.0
Male,46,under_55,GroupC,43500.0,13.6,24.8,429.0,0.5816,2,34100.0,1,urban,fulltime,0,0,0,425.0
Male,29,under_55,GroupA,37500.0,17.4,8.2,634.0,0.3612,0,18100.0,3,suburban,selfemployed,0,1,1,644.0
Male,60,55_plus,GroupB,29400.0,11.2,41.4,418.0,0.7711,1,7800.0,7,urban,fulltime,0,0,0,382.0
Male,47,under_55,GroupB,47200.0,14.1,26.4,710.0,0.2351,0,33300.0,1,suburban,fulltime,0,1,1,696.0
Male,39,under_55,GroupA,42100.0,16.7,20.1,586.0,0.5077,0,21800.0,1,suburban,fulltime,0,1,1,588.0
Male,54,under_55,GroupB,10900.0,10.0,36.5,461.0,0.3797,0,7600.0,2,urban,selfemployed,0,0,0,469.0
Male,45,under_55,GroupA,43300.0,10.5,33.6,545.0,0.655,0,25600.0,6,suburban,fulltime,1,1,1,545.0
Male,67,55_plus,GroupC,16900.0,17.7,40.3,524.0,0.4521,0,6000.0,1,urban,fulltime,0,1,1,516.0
Female,42,under_55,GroupA,26300.0,15.3,19.1,680.0,0.0928,0,21300.0,17,suburban,fulltime,0,0,0,649.0
Female,35,under_55,GroupA,17300.0,11.4,20.9,495.0,0.1428,1,8100.0,11,suburban,fulltime,1,1,1,515.0
Female,33,under_55,GroupB,14300.0,12.3,17.5,486.0,0.5173,0,13000.0,12,suburban,fulltime,1,0,0,419.0
Female,61,55_plus,GroupA,45300.0,15.3,39.6,663.0,0.4917,0,64400.0,18,suburban,fulltime,1,0,0,620.0
Female,47,under_55,GroupA,27900.0,15.5,23.1,693.0,0.2335,0,16000.0,7,suburban,fulltime,1,1,1,673.0
Female,51,under_55,GroupC,51700.0,17.0,28.4,679.0,0.3254,0,28800.0,13,rural,selfemployed,1,0,1,700.0
Female,46,under_55,GroupB,14900.0,11.4,30.4,479.0,0.3314,0,6700.0,13,suburban,fulltime,0,0,0,493.0
Male,36,under_55,GroupA,66300.0,16.8,11.6,654.0,0.4178,0,48300.0,2,suburban,fulltime,0,1,1,660.0
Female,51,under_55,GroupC,27800.0,14.0,33.6,657.0,0.6277,0,24400.0,13,urban,fulltime,0,0,0,537.0
Female,57,55_plus,GroupA,22000.0,14.2,36.6,404.0,0.6055,1,7100.0,14,suburban,fulltime,0,0,0,391.0
Female,62,55_plus,GroupA,24300.0,12.5,43.2,611.0,0.2259,0,15800.0,0,suburban,parttime,0,0,1,622.0
Male,33,under_55,GroupC,24400.0,12.9,16.8,459.0,0.5572,0,28600.0,4,urban,fulltime,0,1,1,497.0
Female,50,under_55,GroupB,15200.0,14.4,32.3,535.0,0.3053,1,8200.0,11,urban,fulltime,0,0,0,474.0
Male,44,under_55,GroupA,47700.0,16.6,21.7,431.0,0.6409,2,8100.0,5,urban,fulltime,0,0,0,443.0
Male,44,under_55,GroupA,21700.0,10.1,32.6,511.0,0.3028,1,7000.0,0,rural,fulltime,1,1,1,530.0
Female,55,55_plus,GroupB,25300.0,12.1,37.9,513.0,0.1305,0,8600.0,12,urban,selfemployed,0,0,1,634.0
Male,18,under_55,GroupC,23100.0,12.6,0.0,392.0,0.2964,1,33800.0,0,urban,fulltime,0,0,0,425.0
Female,60,55_plus,GroupA,33300.0,16.6,38.0,569.0,0.3154,1,25500.0,2,rural,fulltime,1,0,0,561.0
Female,31,under_55,GroupB,15300.0,10.4,9.9,361.0,0.6077,1,11900.0,10,urban,fulltime,0,0,0,394.0
Male,28,under_55,GroupB,21400.0,15.9,7.9,619.0,0.0655,1,9300.0,0,rural,fulltime,1,1,1,593.0
Female,38,under_55,GroupC,22300.0,15.0,17.6,612.0,0.4258,0,18300.0,13,suburban,parttime,0,0,0,536.0
Female,43,under_55,GroupB,7800.0,12.7,26.4,568.0,0.155,1,2700.0,16,rural,parttime,0,0,0,482.0
Male,47,under_55,GroupA,51100.0,15.6,27.9,690.0,0.1722,0,15800.0,2,suburban,selfemployed,0,1,1,693.0
Male,64,55_plus,GroupB,25100.0,8.7,45.0,676.0,0.2088,1,17800.0,1,urban,fulltime,0,1,1,624.0
Female,58,55_plus,GroupA,33400.0,13.3,39.4,659.0,0.1563,0,11500.0,16,suburban,fulltime,0,0,1,678.0
Male,41,under_55,GroupB,26900.0,13.4,16.6,470.0,0.4577,2,9500.0,0,urban,fulltime,1,0,0,479.0
Female,33,under_55,GroupA,27800.0,15.7,7.2,470.0,0.5107,1,15300.0,13,suburban,parttime,1,0,0,456.0
Male,34,under_55,GroupB,16300.0,14.6,10.5,556.0,0.3179,0,6000.0,2,urban,fulltime,0,0,0,538.0
Male,39,under_55,GroupA,79200.0,18.5,12.6,592.0,0.8393,0,37500.0,3,suburban,fulltime,0,0,0,596.0
Female,36,under_55,GroupC,26200.0,14.1,20.1,623.0,0.0774,0,15100.0,2,rural,selfemployed,0,1,1,702.0
Female,39,under_55,GroupB,16500.0,12.3,16.9,519.0,0.2425,1,7700.0,12,urban,selfemployed,0,0,0,518.0
Female,38,under_55,GroupB,52600.0,13.5,16.3,546.0,0.5142,0,52100.0,1,suburban,fulltime,0,1,1,605.0
Male,53,under_55,GroupA,54300.0,12.0,32.6,609.0,0.2758,1,48400.0,14,rural,parttime,0,1,1,631.0
Female,40,under_55,GroupB,29900.0,15.3,20.5,534.0,0.2312,1,11100.0,10,urban,fulltime,0,1,1,614.0
Male,50,under_55,GroupB,90800.0,15.2,27.7,740.0,0.1475,0,34200.0,1,urban,fulltime,1,1,1,786.0
Female,57,55_plus,GroupB,28000.0,14.3,36.0,514.0,0.2617,0,5800.0,15,urban,selfemployed,0,1,1,613.0
Female,56,55_plus,GroupB,29800.0,16.3,34.8,478.0,0.3935,1,34100.0,2,rural,selfemployed,0,0,0,532.0
Female,34,under_55,GroupA,25200.0,15.9,11.9,528.0,0.4672,1,17700.0,12,rural,parttime,0,0,0,507.0
Male,48,under_55,GroupA,38500.0,16.3,28.3,573.0,0.273,1,19900.0,3,urban,fulltime,1,1,1,589.0
Male,27,under_55,GroupA,54100.0,15.6,0.9,635.0,0.1487,0,27300.0,3,suburban,selfemployed,0,1,1,621.0
Female,34,under_55,GroupA,26500.0,16.2,7.6,549.0,0.1507,1,18900.0,16,rural,parttime,0,1,1,592.0
Female,52,under_55,GroupA,28600.0,16.5,30.1,516.0,0.359,1,14900.0,5,suburban,fulltime,0,0,0,523.0
Male,59,55_plus,GroupB,25900.0,12.4,35.9,416.0,0.4112,2,36000.0,2,suburban,parttime,0,0,0,495.0
Male,32,under_55,GroupA,27600.0,15.0,11.1,595.0,0.1959,1,8400.0,0,urban,fulltime,0,1,1,594.0
Male,39,under_55,GroupA,50400.0,14.5,20.2,668.0,0.2616,0,10500.0,3,suburban,fulltime,1,1,1,659.0
Female,59,55_plus,GroupA,55500.0,15.5,35.6,722.0,0.1399,0,25800.0,12,urban,selfemployed,0,0,1,698.0
Male,43,under_55,GroupB,27900.0,16.6,23.2,593.0,0.4239,0,10100.0,2,urban,selfemployed,0,1,1,585.0
Male,49,under_55,GroupA,24600.0,15.3,24.7,521.0,0.2936,1,18900.0,2,suburban,fulltime,0,0,0,520.0
Female,47,under_55,GroupA,48100.0,21.1,23.0,616.0,0.774,0,35500.0,9,suburban,fulltime,0,1,1,571.0
Female,37,under_55,GroupC,9100.0,12.3,19.2,330.0,0.7252,2,6700.0,16,urban,selfemployed,0,0,0,300.0
Male,36,under_55,GroupC,35100.0,15.5,11.3,625.0,0.3647,0,28500.0,5,suburban,fulltime,0,1,1,661.0
Male,48,under_55,GroupA,18500.0,13.6,28.2,570.0,0.3697,0,5400.0,2,suburban,fulltime,0,1,1,577.0
Male,44,under_55,GroupA,19300.0,17.3,20.7,580.0,0.1087,0,28700.0,0,rural,fulltime,0,1,1,587.0
Male,39,under_55,GroupA,30000.0,15.5,8.8,665.0,0.0756,0,14600.0,3,suburban,fulltime,0,1,1,677.0
Male,39,under_55,GroupA,43200.0,13.3,20.0,477.0,0.6629,1,15600.0,3,suburban,selfemployed,0,0,0,477.0
Male,38,under_55,GroupA,26000.0,13.1,15.5,508.0,0.266,1,28800.0,0,rural,fulltime,0,0,0,518.0
Male,37,under_55,GroupA,24900.0,15.8,15.1,557.0,0.3446,0,6800.0,1,rural,fulltime,0,1,1,566.0
Male,54,under_55,GroupA,36000.0,10.0,40.2,583.0,0.4909,0,12200.0,18,rural,selfemployed,1,1,1,579.0
Female,29,under_55,GroupB,30200.0,12.2,11.0,385.0,0.678,2,18100.0,0,suburban,selfemployed,0,0,0,336.0
Female,43,under_55,GroupA,16400.0,13.6,21.8,387.0,0.4603,2,6200.0,11,suburban,fulltime,1,0,0,415.0
Male,62,55_plus,GroupA,19300.0,11.9,41.8,436.0,0.3981,1,8200.0,0,suburban,fulltime,0,0,0,452.0
Female,61,55_plus,GroupA,23000.0,13.4,45.0,511.0,0.3734,1,10200.0,3,urban,parttime,0,0,0,483.0
Female,67,55_plus,GroupA,28600.0,14.2,45.0,471.0,0.5699,1,32000.0,3,urban,fulltime,0,0,0,478.0
Female,35,under_55,GroupB,18200.0,13.3,17.3,316.0,0.5209,1,8500.0,12,suburban,fulltime,0,0,0,390.0
Female,53,under_55,GroupA,20700.0,11.6,37.3,661.0,0.088,0,16500.0,9,urban,fulltime,0,1,1,624.0
Female,29,under_55,GroupA,25600.0,9.6,12.9,503.0,0.5987,0,12700.0,2,urban,fulltime,0,0,0,466.0
Male,23,under_55,GroupA,23500.0,12.6,2.5,366.0,0.625,0,7100.0,4,rural,fulltime,1,0,0,357.0
Male,39,under_55,GroupC,25800.0,13.1,18.0,586.0,0.3819,0,13600.0,2,suburban,fulltime,0,0,0,575.0
Female,39,under_55,GroupA,12300.0,15.1,17.6,443.0,0.2004,2,8100.0,18,suburban,selfemployed,0,0,0,429.0
Female,61,55_plus,GroupA,21100.0,13.3,44.5,491.0,0.4926,0,5800.0,14,suburban,parttime,0,0,0,505.0
Male,42,under_55,GroupA,26800.0,17.1,17.7,548.0,0.32,1,12100.0,2,rural,fulltime,0,1,1,547.0
Female,28,under_55,GroupB,72000.0,16.8,6.6,699.0,0.3013,0,29300.0,10,suburban,fulltime,1,0,1,689.0
Female,51,under_55,GroupB,52200.0,16.5,25.6,850.0,0.0371,0,33700.0,13,rural,fulltime,0,1,1,743.0
Male,68,55_plus,GroupA,19100.0,12.4,45.0,375.0,0.5853,2,6500.0,1,suburban,fulltime,0,0,0,378.0
Female,58,55_plus,GroupA,23900.0,11.8,38.6,533.0,0.2427,2,17000.0,11,suburban,fulltime,0,0,0,531.0
Male,68,55_plus,GroupA,21000.0,14.1,45.0,630.0,0.1543,0,29100.0,0,suburban,fulltime,0,1,1,638.0
Male,36,under_55,GroupA,47500.0,12.4,15.2,648.0,0.3445,0,10500.0,4,urban,fulltime,0,1,1,664.0
Male,70,55_plus,GroupA,18900.0,11.2,45.0,402.0,0.389,3,6300.0,2,rural,fulltime,0,0,0,397.0
Male,45,under_55,GroupA,40700.0,15.1,23.2,606.0,0.4424,0,28400.0,2,suburban,fulltime,0,1,1,610.0
Male,47,under_55,GroupA,32800.0,15.5,24.0,587.0,0.2827,1,11400.0,3,rural,fulltime,0,1,1,601.0
Male,23,under_55,GroupA,16000.0,15.3,0.0,454.0,0.2277,0,10900.0,0,suburban,fulltime,0,0,0,441.0
Male,52,under_55,GroupA,44000.0,11.3,37.9,521.0,0.4961,0,23000.0,3,rural,selfemployed,0,0,0,522.0
Female,28,under_55,GroupA,25900.0,20.7,5.3,307.0,0.892,1,16600.0,3,suburban,parttime,0,0,0,313.0
Male,58,55_plus,GroupA,19000.0,17.8,30.7,452.0,0.524,0,11800.0,1,suburban,fulltime,0,0,0,454.0
Male,70,55_plus,GroupB,17100.0,14.8,45.0,320.0,0.7151,3,16500.0,2,urban,fulltime,1,0,0,300.0
Female,49,under_55,GroupA,21900.0,18.6,25.9,530.0,0.4311,0,7100.0,14,rural,fulltime,1,1,1,528.0
Male,24,under_55,GroupA,30100.0,10.8,2.6,415.0,0.4753,1,7000.0,3,suburban,fulltime,0,1,1,421.0
Female,37,under_55,GroupA,24000.0,17.4,15.7,599.0,0.3293,1,5800.0,14,rural,parttime,1,1,1,571.0
Female,43,under_55,GroupB,21000.0,16.0,18.5,474.0,0.7905,0,18300.0,1,urban,fulltime,1,1,1,450.0
Female,45,under_55,GroupA,69200.0,19.8,19.0,657.0,0.2786,0,49300.0,15,suburban,fulltime,1,0,1,673.0
Female,40,under_55,GroupA,15500.0,14.2,17.9,365.0,0.6587,1,15000.0,19,suburban,parttime,0,0,0,418.0
Male,62,55_plus,GroupA,15100.0,12.0,45.0,306.0,0.5346,3,7000.0,2,urban,fulltime,0,0,0,302.0
Male,39,under_55,GroupC,37300.0,15.8,13.3,492.0,0.7415,1,22000.0,2,urban,fulltime,1,1,1,450.0
Male,55,55_plus,GroupB,15300.0,11.6,41.7,550.0,0.215,0,5100.0,3,urban,fulltime,0,0,0,536.0
Female,33,under_55,GroupA,24500.0,15.2,11.6,460.0,0.5803,1,27000.0,14,rural,parttime,0,0,0,411.0
Male,42,under_55,GroupC,33000.0,11.2,29.0,420.0,0.6619,2,38800.0,1,rural,selfemployed,0,0,0,379.0
Male,37,under_55,GroupA,31800.0,12.3,18.3,653.0,0.2419,0,13300.0,2,rural,fulltime,1,1,1,650.0
Female,36,under_55,GroupA,22900.0,15.5,12.3,572.0,0.1914,1,19800.0,7,suburban,fulltime,0,0,0,563.0
Female,45,under_55,GroupA,22000.0,13.3,26.1,558.0,0.2442,0,26700.0,10,urban,parttime,0,0,0,608.0
Female,58,55_plus,GroupB,27200.0,13.6,41.5,420.0,0.5257,0,7000.0,12,urban,parttime,0,0,1,531.0
Female,44,under_55,GroupC,17900.0,14.5,22.4,366.0,0.7482,0,9200.0,7,urban,parttime,1,1,1,424.0
Female,34,under_55,GroupA,30400.0,17.3,4.6,472.0,0.4513,1,9000.0,21,urban,fulltime,0,0,0,448.0
Male,34,under_55,GroupC,40600.0,14.0,14.3,672.0,0.1126,0,20900.0,1,urban,selfemployed,0,0,1,708.0
Female,69,55_plus,GroupA,20800.0,12.0,45.0,503.0,0.2561,1,15100.0,14,suburban,fulltime,0,0,0,489.0
Male,59,55_plus,GroupB,25700.0,12.9,38.7,620.0,0.1615,0,18600.0,0,suburban,parttime,1,1,1,618.0
Female,49,under_55,GroupC,21700.0,10.4,30.0,334.0,0.4864,2,8800.0,8,rural,fulltime,0,0,0,390.0
Female,47,under_55,GroupC,24700.0,12.6,34.9,526.0,0.4624,0,13200.0,15,urban,fulltime,0,0,0,506.0
Male,29,under_55,GroupA,51700.0,16.3,11.6,626.0,0.4207,0,20500.0,2,suburban,fulltime,0,1,1,618.0
Male,28,under_55,GroupA,56400.0,13.5,7.7,786.0,0.0803,0,40200.0,0,suburban,selfemployed,1,1,1,792.0
Female,42,under_55,GroupA,12000.0,14.7,22.5,501.0,0.3163,0,4600.0,15,urban,parttime,0,0,0,486.0
Male,31,under_55,GroupA,14100.0,10.0,16.5,475.0,0.1757,1,12700.0,3,suburban,fulltime,0,0,0,470.0
Male,52,under_55,GroupB,15400.0,9.6,32.2,586.0,0.1167,1,11800.0,3,urban,parttime,0,0,0,563.0
Male,18,under_55,GroupC,14200.0,12.5,0.0,326.0,0.3679,2,5800.0,3,rural,fulltime,0,0,0,343.0
Male,39,under_55,GroupB,44200.0,15.4,18.3,617.0,0.4569,0,69000.0,0,urban,selfemployed,1,1,1,672.0
Female,59,55_plus,GroupB,18200.0,16.0,37.0,351.0,0.513,1,11700.0,13,urban,fulltime,1,0,0,431.0
Male,24,under_55,GroupA,33200.0,12.4,4.9,631.0,0.1639,0,13500.0,1,rural,fulltime,0,1,1,640.0
Male,52,under_55,GroupA,51500.0,14.0,32.2,740.0,0.2048,0,20400.0,2,urban,fulltime,0,1,1,732.0
Female,63,55_plus,GroupB,28600.0,19.3,39.6,520.0,0.3451,1,13200.0,13,rural,fulltime,0,0,0,504.0
Female,45,under_55,GroupA,21200.0,12.1,31.8,503.0,0.3454,2,10600.0,13,suburban,parttime,0,0,0,524.0
Male,57,55_plus,GroupC,35700.0,11.6,39.0,702.0,0.3823,0,42600.0,1,suburban,fulltime,0,1,1,645.0
Female,37,under_55,GroupA,50200.0,19.9,11.7,554.0,0.37,1,33200.0,4,suburban,fulltime,0,0,1,615.0
Female,27,under_55,GroupB,15100.0,12.4,4.8,361.0,0.685,0,8300.0,15,urban,fulltime,0,0,0,399.0
Female,58,55_plus,GroupC,19200.0,16.1,40.1,582.0,0.0849,1,16100.0,14,urban,fulltime,0,0,0,578.0
Male,38,under_55,GroupA,54000.0,12.3,21.7,789.0,0.1831,0,38700.0,2,suburban,fulltime,0,1,1,779.0
Male,56,55_plus,GroupB,44900.0,10.6,40.7,701.0,0.2643,0,22000.0,2,urban,fulltime,0,1,1,684.0
Female,43,under_55,GroupA,27200.0,11.9,21.2,664.0,0.1035,0,11000.0,15,suburban,parttime,0,1,1,700.0
Female,49,under_55,GroupB,31900.0,15.9,23.0,661.0,0.2347,1,15600.0,13,suburban,fulltime,0,1,1,613.0
Male,56,55_plus,GroupA,19700.0,11.3,37.0,483.0,0.481,0,8700.0,1,suburban,parttime,0,0,0,503.0
Male,55,55_plus,GroupB,37200.0,14.9,32.1,413.0,0.6868,1,29800.0,2,suburban,fulltime,0,0,0,440.0
Male,50,under_55,GroupA,51000.0,16.3,33.6,606.0,0.4574,0,31800.0,1,suburban,fulltime,0,1,1,638.0
Male,28,under_55,GroupA,45400.0,15.0,5.8,553.0,0.5199,0,32300.0,2,suburban,fulltime,0,1,1,558.0
Male,55,55_plus,GroupC,21200.0,12.7,39.2,590.0,0.3561,1,17000.0,7,urban,fulltime,0,0,0,539.0
Male,35,under_55,GroupA,26000.0,14.3,21.3,516.0,0.39,1,13800.0,1,suburban,fulltime,1,0,0,532.0
Male,61,55_plus,GroupA,15500.0,10.6,44.0,527.0,0.3697,0,6700.0,1,urban,fulltime,0,1,1,525.0
Female,42,under_55,GroupA,19000.0,16.3,23.7,485.0,0.5176,1,12600.0,13,rural,fulltime,0,0,0,447.0
Female,46,under_55,GroupA,21700.0,12.9,23.9,430.0,0.3102,3,6300.0,3,urban,parttime,0,0,0,404.0
Male,26,under_55,GroupA,22400.0,11.1,9.7,465.0,0.4433,2,13300.0,0,rural,fulltime,1,0,0,455.0
Female,50,under_55,GroupB,22300.0,12.6,29.6,590.0,0.3886,0,21300.0,13,rural,fulltime,0,0,1,568.0
Female,60,55_plus,GroupA,27000.0,14.4,36.7,615.0,0.4142,0,12200.0,10,suburban,fulltime,0,0,0,567.0
Female,41,under_55,GroupA,31600.0,17.4,15.6,409.0,0.895,0,14500.0,11,suburban,selfemployed,0,0,0,470.0
Female,18,under_55,GroupA,22600.0,12.4,0.0,514.0,0.3776,0,13900.0,15,rural,fulltime,1,0,0,501.0
Male,31,under_55,GroupA,84300.0,16.0,10.6,694.0,0.5266,0,58300.0,1,urban,parttime,0,1,1,699.0
Female,49,under_55,GroupC,16100.0,8.4,31.5,660.0,0.0761,0,12100.0,9,suburban,fulltime,1,1,1,595.0
Male,21,under_55,GroupA,48200.0,15.7,2.5,484.0,0.5312,0,46800.0,0,urban,fulltime,1,0,0,497.0
Male,56,55_plus,GroupB,120400.0,15.8,35.1,752.0,0.497,0,190300.0,3,urban,fulltime,0,1,1,742.0
Male,39,under_55,GroupC,29900.0,16.4,18.9,568.0,0.2789,0,13900.0,10,suburban,selfemployed,0,1,1,599.0
Male,37,under_55,GroupA,17800.0,12.4,20.4,340.0,0.568,3,2800.0,0,rural,fulltime,0,0,0,300.0
Female,42,under_55,GroupB,26500.0,10.9,28.9,506.0,0.4732,0,21600.0,18,rural,fulltime,0,0,0,581.0
Male,32,under_55,GroupA,59600.0,19.6,2.9,679.0,0.2175,0,38500.0,1,suburban,selfemployed,1,0,0,671.0
Male,30,under_55,GroupA,30100.0,15.2,6.3,570.0,0.1718,1,18100.0,2,urban,fulltime,0,1,1,574.0
Male,32,under_55,GroupB,67400.0,13.6,11.5,643.0,0.274,0,44400.0,1,urban,fulltime,1,1,1,671.0
Male,53,under_55,GroupA,22800.0,12.9,33.0,461.0,0.3245,2,20900.0,1,suburban,fulltime,0,0,0,475.0
Male,45,under_55,GroupA,46800.0,15.5,23.2,602.0,0.4681,0,16700.0,15,suburban,fulltime,0,1,1,597.0
Female,41,under_55,GroupC,36000.0,15.1,21.8,714.0,0.4539,0,24000.0,7,urban,fulltime,0,1,1,614.0
Female,47,under_55,GroupA,28500.0,15.2,27.1,487.0,0.6071,1,21100.0,9,rural,parttime,1,0,0,440.0
Male,31,under_55,GroupA,28800.0,15.2,10.1,455.0,0.6269,1,12500.0,2,suburban,fulltime,0,0,0,457.0
Male,31,under_55,GroupA,74800.0,18.5,8.4,694.0,0.3541,0,16500.0,1,suburban,fulltime,0,1,1,701.0
Male,59,55_plus,GroupA,27300.0,11.4,45.0,697.0,0.1085,0,16700.0,1,rural,fulltime,1,1,1,695.0
Male,62,55_plus,GroupB,38300.0,13.6,43.8,720.0,0.2245,0,29700.0,0,urban,fulltime,0,1,1,685.0
Female,35,under_55,GroupA,39600.0,14.9,12.3,514.0,0.5783,1,13900.0,15,suburban,parttime,0,1,1,495.0
Female,64,55_plus,GroupB,25200.0,14.2,42.2,494.0,0.5892,0,26400.0,9,rural,fulltime,0,0,0,456.0
Female,29,under_55,GroupA,23800.0,10.0,11.0,544.0,0.4046,0,27100.0,17,suburban,fulltime,0,0,1,570.0
Female,59,55_plus,GroupB,23400.0,13.3,39.3,609.0,0.3068,0,22000.0,10,urban,fulltime,0,0,0,597.0
Female,22,under_55,GroupA,25800.0,14.6,0.7,523.0,0.316,0,26000.0,0,suburban,parttime,0,0,0,510.0
Female,48,under_55,GroupA,48000.0,14.8,24.8,501.0,0.6878,1,24500.0,13,rural,fulltime,0,0,0,534.0
Male,65,55_plus,GroupA,30500.0,16.5,44.0,533.0,0.6122,0,10000.0,0,urban,fulltime,0,0,0,517.0
Male,58,55_plus,GroupB,22800.0,15.8,32.1,514.0,0.1991,1,8500.0,1,urban,parttime,1,1,1,539.0
Female,51,under_55,GroupC,24400.0,10.2,34.2,384.0,0.5041,1,12800.0,16,urban,parttime,1,0,0,469.0
Female,34,under_55,GroupA,31300.0,15.4,13.5,362.0,0.8454,0,19400.0,9,suburban,fulltime,0,1,1,424.0
Male,39,under_55,GroupA,33200.0,13.7,20.7,437.0,0.5825,2,15900.0,6,urban,fulltime,1,0,0,447.0
Male,37,under_55,GroupA,30000.0,16.5,12.3,558.0,0.2235,1,15000.0,2,suburban,fulltime,0,0,0,552.0
Female,40,under_55,GroupB,28100.0,14.4,15.3,723.0,0.0923,0,15700.0,1,urban,parttime,1,1,1,644.0
Female,35,under_55,GroupB,28700.0,13.4,18.5,430.0,0.6303,0,20000.0,14,rural,fulltime,1,0,0,494.0
Male,39,under_55,GroupC,20700.0,10.6,19.4,369.0,0.4442,3,10700.0,0,urban,fulltime,0,0,0,361.0
Female,42,under_55,GroupA,32700.0,16.8,22.6,445.0,0.4157,1,37300.0,14,rural,parttime,0,1,1,472.0
Male,38,under_55,GroupA,21900.0,9.0,19.5,474.0,0.457,1,7100.0,1,urban,fulltime,0,0,0,466.0
Male,24,under_55,GroupA,42500.0,15.3,7.0,696.0,0.2634,0,41700.0,1,rural,selfemployed,0,1,1,688.0
Male,61,55_plus,GroupA,29200.0,16.2,35.2,606.0,0.2357,1,17300.0,13,urban,fulltime,0,1,1,594.0
Female,69,55_plus,GroupA,30000.0,12.4,45.0,518.0,0.6163,0,10400.0,9,suburban,fulltime,0,0,0,513.0
Male,45,under_55,GroupB,30500.0,13.1,30.2,384.0,0.7344,1,16300.0,1,urban,fulltime,0,0,0,392.0
Male,46,under_55,GroupA,9900.0,11.9,32.2,305.0,0.2801,4,19600.0,0,rural,fulltime,0,0,0,300.0
Male,18,under_55,GroupB,20900.0,15.2,0.0,534.0,0.0575,0,9800.0,0,suburban,fulltime,0,1,1,541.0
Male,50,under_55,GroupA,23900.0,14.5,24.9,639.0,0.1781,0,21300.0,2,rural,fulltime,0,1,1,636.0
Male,26,under_55,GroupC,22600.0,14.6,4.3,464.0,0.4062,1,19500.0,1,rural,fulltime,0,0,0,452.0
Male,41,under_55,GroupC,35200.0,13.7,21.1,677.0,0.2954,0,19700.0,3,urban,fulltime,0,1,1,664.0
Male,75,55_plus,GroupA,18800.0,12.4,45.0,580.0,0.2105,1,8500.0,4,urban,fulltime,1,1,1,566.0
Female,47,under_55,GroupA,42800.0,14.1,25.3,640.0,0.4816,1,38700.0,12,suburban,fulltime,1,1,1,585.0
Female,54,under_55,GroupA,31200.0,13.9,34.4,614.0,0.3423,0,19600.0,14,suburban,fulltime,0,1,1,621.0
Female,18,under_55,GroupA,13800.0,13.7,0.0,331.0,0.436,1,15800.0,21,suburban,fulltime,0,0,0,385.0
Male,51,under_55,GroupA,18600.0,10.6,34.4,382.0,0.4179,3,11000.0,2,urban,fulltime,1,0,0,372.0
Female,21,under_55,GroupB,26400.0,15.6,8.8,422.0,0.5694,2,19900.0,2,urban,fulltime,1,1,1,411.0
Female,59,55_plus,GroupA,26700.0,15.8,36.1,657.0,0.1777,0,18100.0,12,urban,selfemployed,0,1,1,655.0
Female,29,under_55,GroupA,21500.0,12.0,13.1,521.0,0.3058,0,9500.0,11,suburban,fulltime,0,1,1,575.0
Male,32,under_55,GroupA,85300.0,18.1,11.7,628.0,0.6404,0,41800.0,0,suburban,fulltime,1,1,1,649.0
Female,42,under_55,GroupC,19000.0,11.2,29.9,492.0,0.1428,1,8500.0,16,urban,fulltime,1,1,1,530.0
Male,47,under_55,GroupB,45800.0,14.8,31.5,673.0,0.4402,0,15700.0,0,rural,fulltime,1,0,0,653.0
Female,39,under_55,GroupA,24900.0,18.6,16.1,480.0,0.1855,3,13900.0,2,urban,parttime,0,0,0,479.0
Female,55,55_plus,GroupB,22600.0,14.9,40.7,736.0,0.2241,0,9000.0,15,rural,selfemployed,0,0,1,626.0
Male,29,under_55,GroupA,22100.0,15.8,6.7,378.0,0.5376,1,20300.0,1,urban,fulltime,0,0,0,387.0
Male,59,55_plus,GroupA,48800.0,14.7,42.2,640.0,0.2651,0,52600.0,1,suburban,fulltime,0,1,1,649.0
Male,49,under_55,GroupA,78200.0,15.7,24.5,741.0,0.1869,0,20700.0,2,suburban,fulltime,0,1,1,742.0
Female,55,55_plus,GroupB,20200.0,14.7,39.2,387.0,0.5702,1,7400.0,0,rural,selfemployed,0,0,0,394.0
Male,25,under_55,GroupB,27200.0,13.4,10.5,587.0,0.2456,0,11700.0,0,rural,fulltime,1,1,1,619.0
Male,43,under_55,GroupA,26400.0,11.4,23.4,660.0,0.0892,0,16200.0,2,suburban,fulltime,1,1,1,664.0
Female,68,55_plus,GroupA,31700.0,19.7,41.2,546.0,0.4204,0,13900.0,14,urban,fulltime,0,1,1,538.0
Male,45,under_55,GroupA,25700.0,12.0,24.0,332.0,0.8735,2,11200.0,18,suburban,fulltime,0,0,0,350.0
Male,40,under_55,GroupB,35800.0,10.4,23.9,500.0,0.4648,2,19100.0,1,urban,fulltime,1,0,0,505.0
Male,34,under_55,GroupB,26400.0,18.8,9.5,340.0,0.7602,2,30300.0,0,suburban,parttime,0,0,0,322.0
Male,48,under_55,GroupA,34900.0,15.0,20.0,521.0,0.5409,0,11100.0,8,urban,parttime,0,1,1,509.0
Male,58,55_plus,GroupA,40300.0,12.2,40.2,668.0,0.2799,0,79500.0,2,rural,selfemployed,0,1,1,666.0
Male,64,55_plus,GroupA,74500.0,16.9,42.1,661.0,0.431,0,39400.0,14,rural,selfemployed,0,1,1,675.0
Female,46,under_55,GroupA,29100.0,15.4,25.2,392.0,0.8743,1,17000.0,12,rural,fulltime,0,0,0,380.0
Male,57,55_plus,GroupB,25400.0,13.0,38.0,556.0,0.2501,1,11900.0,0,suburban,fulltime,0,0,0,594.0
Male,40,under_55,GroupB,32500.0,13.5,19.8,615.0,0.3378,1,29400.0,0,rural,fulltime,1,0,1,578.0
Male,55,55_plus,GroupA,44800.0,14.6,30.0,776.0,0.0545,0,40300.0,0,suburban,selfemployed,0,1,1,781.0
Male,45,under_55,GroupA,31200.0,10.7,29.1,487.0,0.7123,0,9400.0,13,suburban,fulltime,1,1,1,475.0
Female,55,55_plus,GroupB,10300.0,10.9,38.7,397.0,0.2595,2,6300.0,9,urban,parttime,1,0,0,393.0
Female,55,55_plus,GroupB,29300.0,13.9,38.3,529.0,0.2209,1,31500.0,1,urban,fulltime,0,0,0,577.0
Female,35,under_55,GroupC,29800.0,17.1,7.5,353.0,0.2971,2,24200.0,1,urban,fulltime,0,0,0,431.0
Male,36,under_55,GroupA,19700.0,15.8,7.8,524.0,0.2471,0,4700.0,2,suburban,fulltime,0,1,1,539.0
Male,56,55_plus,GroupA,56700.0,12.5,35.5,606.0,0.4067,0,28400.0,2,suburban,fulltime,0,0,0,608.0
Female,37,under_55,GroupC,25500.0,15.5,9.7,300.0,0.6769,2,38200.0,7,suburban,selfemployed,0,0,0,354.0
Female,53,under_55,GroupA,31600.0,13.9,31.6,686.0,0.1828,0,15300.0,17,urban,fulltime,1,1,1,695.0
Male,50,under_55,GroupA,23300.0,16.2,29.1,512.0,0.2112,2,14500.0,0,suburban,parttime,0,1,1,499.0
Male,34,under_55,GroupA,40100.0,8.8,18.6,738.0,0.0557,0,24700.0,0,suburban,fulltime,0,1,1,731.0
Male,42,under_55,GroupB,12800.0,8.0,28.9,312.0,0.3831,2,3500.0,0,rural,fulltime,0,0,0,352.0
Male,18,under_55,GroupA,25700.0,12.0,1.9,438.0,0.5025,1,16500.0,3,rural,fulltime,1,1,1,445.0
Female,30,under_55,GroupB,20600.0,17.3,7.5,319.0,0.662,1,14700.0,15,rural,fulltime,1,0,0,369.0
Female,47,under_55,GroupA,29000.0,15.6,24.1,474.0,0.9116,0,30900.0,17,suburban,fulltime,0,0,0,446.0
Male,52,under_55,GroupC,24700.0,12.0,33.0,544.0,0.149,1,29900.0,1,rural,fulltime,0,0,0,581.0
Male,64,55_plus,GroupB,47400.0,14.9,42.4,728.0,0.1275,0,36100.0,2,suburban,fulltime,0,1,1,753.0
Female,68,55_plus,GroupC,14700.0,13.6,45.0,676.0,0.0639,0,6200.0,9,urban,fulltime,0,1,1,648.0
Female,54,under_55,GroupA,26500.0,16.3,34.9,485.0,0.585,1,10800.0,1,suburban,fulltime,0,0,0,446.0
Male,55,55_plus,GroupA,18500.0,14.7,34.9,509.0,0.2777,1,16300.0,7,rural,fulltime,0,0,0,526.0
Female,51,under_55,GroupB,32600.0,13.0,31.3,471.0,0.1909,3,37500.0,17,urban,fulltime,1,0,0,477.0
Female,35,under_55,GroupC,21100.0,15.5,11.6,543.0,0.4204,0,11400.0,16,urban,fulltime,0,0,1,519.0
Male,54,under_55,GroupC,15300.0,10.0,37.3,482.0,0.262,2,11500.0,1,urban,selfemployed,0,0,0,448.0
Male,41,under_55,GroupA,47100.0,15.1,22.9,728.0,0.2374,0,36600.0,1,suburban,fulltime,0,1,1,727.0
Female,45,under_55,GroupA,30400.0,16.1,22.0,573.0,0.4957,0,14100.0,12,suburban,fulltime,0,1,1,596.0
Male,39,under_55,GroupA,38100.0,14.5,22.2,682.0,0.123,0,23500.0,1,suburban,fulltime,0,1,1,685.0
Female,26,under_55,GroupB,27900.0,14.6,4.6,513.0,0.3293,1,23700.0,10,suburban,fulltime,0,0,0,470.0
Male,55,55_plus,GroupB,35500.0,13.0,34.3,538.0,0.4679,2,27400.0,2,urban,fulltime,0,0,0,514.0
Male,47,under_55,GroupC,26400.0,15.2,22.0,418.0,0.5359,2,17600.0,12,urban,fulltime,0,0,0,422.0
Female,42,under_55,GroupA,16700.0,9.2,26.4,417.0,0.551,1,10500.0,0,suburban,fulltime,0,0,0,441.0
Male,50,under_55,GroupC,27500.0,13.0,30.5,528.0,0.5759,0,15100.0,0,suburban,fulltime,0,0,0,534.0
Male,44,under_55,GroupA,32800.0,13.9,25.9,661.0,0.2489,0,22200.0,3,suburban,fulltime,0,1,1,668.0
Male,50,under_55,GroupA,51700.0,13.4,35.0,567.0,0.2845,2,21300.0,2,suburban,fulltime,1,1,1,558.0
Male,63,55_plus,GroupC,22800.0,13.2,38.3,609.0,0.2332,0,8300.0,1,rural,fulltime,1,1,1,626.0
Female,18,under_55,GroupC,15300.0,9.3,3.0,306.0,0.6799,2,5500.0,15,urban,parttime,0,0,0,300.0
Female,27,under_55,GroupA,26800.0,14.3,1.8,460.0,0.1533,1,8700.0,1,suburban,fulltime,0,1,1,512.0
Male,18,under_55,GroupC,16400.0,10.0,0.2,393.0,0.172,1,8700.0,1,rural,fulltime,0,0,0,434.0
Male,41,under_55,GroupA,22200.0,12.5,20.8,557.0,0.3887,0,15500.0,1,urban,fulltime,0,0,0,551.0
Male,35,under_55,GroupB,25600.0,12.6,19.3,537.0,0.3726,0,23700.0,2,urban,fulltime,0,1,1,528.0
Male,36,under_55,GroupA,39600.0,16.0,10.0,621.0,0.2149,0,15500.0,2,suburban,fulltime,0,1,1,624.0
Female,33,under_55,GroupA,22200.0,14.0,14.5,522.0,0.2497,1,11000.0,7,suburban,fulltime,1,1,1,540.0
Male,44,under_55,GroupB,38600.0,10.8,27.0,744.0,0.0391,0,19900.0,1,urban,fulltime,1,1,1,748.0
Male,56,55_plus,GroupA,54000.0,16.3,33.5,695.0,0.2651,0,19900.0,0,suburban,fulltime,0,1,1,683.0
Male,53,under_55,GroupA,42500.0,15.4,35.2,609.0,0.433,0,31600.0,3,suburban,parttime,0,1,1,602.0
Male,53,under_55,GroupC,70900.0,16.0,30.4,732.0,0.1528,0,45600.0,1,urban,fulltime,1,1,1,744.0
Female,48,under_55,GroupA,13200.0,12.7,27.4,337.0,0.6806,0,14600.0,14,urban,fulltime,0,0,0,364.0
Male,60,55_plus,GroupC,15600.0,11.8,38.7,475.0,0.4029,1,3800.0,2,suburban,fulltime,0,0,0,481.0
Male,39,under_55,GroupA,33400.0,19.6,12.4,691.0,0.1637,0,12300.0,3,rural,fulltime,0,1,1,687.0
Male,32,under_55,GroupA,20100.0,19.4,8.6,476.0,0.476,1,10400.0,0,suburban,fulltime,1,0,0,466.0
Female,56,55_plus,GroupB,25600.0,12.7,36.1,558.0,0.6995,0,12100.0,8,suburban,parttime,0,0,0,505.0
Female,42,under_55,GroupB,24200.0,12.7,28.4,582.0,0.2987,0,11300.0,3,urban,selfemployed,0,1,1,600.0
Male,32,under_55,GroupB,24700.0,10.4,17.1,649.0,0.3053,0,15600.0,0,urban,fulltime,0,1,1,631.0
Female,54,under_55,GroupC,29200.0,12.7,38.0,570.0,0.3354,0,19000.0,13,rural,selfemployed,1,1,1,600.0
Female,67,55_plus,GroupA,23200.0,15.1,43.9,505.0,0.3467,0,43000.0,17,rural,fulltime,0,1,1,564.0
Female,38,under_55,GroupB,27600.0,13.5,14.5,699.0,0.4058,0,9200.0,0,urban,selfemployed,0,1,1,580.0
Male,37,under_55,GroupB,25900.0,13.1,17.8,636.0,0.1571,1,7800.0,3,urban,fulltime,1,0,1,586.0
Male,64,55_plus,GroupB,17200.0,11.4,45.0,301.0,0.6288,3,11600.0,1,urban,fulltime,0,0,0,300.0
Female,19,under_55,GroupA,13800.0,17.1,0.0,348.0,0.2672,2,7500.0,10,suburban,parttime,0,0,0,321.0
Male,37,under_55,GroupA,20400.0,12.6,19.3,582.0,0.2892,0,5500.0,1,rural,selfemployed,1,0,0,601.0
Female,54,under_55,GroupA,22900.0,14.5,30.5,466.0,0.5247,0,5200.0,5,suburban,fulltime,0,0,0,468.0
Male,50,under_55,GroupA,18000.0,11.6,32.1,373.0,0.4884,2,3900.0,0,suburban,selfemployed,0,0,0,366.0
Female,44,under_55,GroupB,45900.0,14.6,24.1,551.0,0.7188,0,17600.0,0,suburban,selfemployed,0,0,0,512.0
Male,51,under_55,GroupB,48700.0,14.6,28.6,716.0,0.1687,0,48700.0,4,rural,fulltime,0,1,1,730.0
Male,42,under_55,GroupC,27000.0,14.3,19.3,564.0,0.4457,0,15500.0,9,urban,fulltime,0,0,0,522.0
Male,46,under_55,GroupA,46300.0,15.9,21.6,633.0,0.5248,0,45900.0,1,urban,fulltime,0,1,1,606.0
Male,57,55_plus,GroupA,47800.0,13.7,35.4,756.0,0.0572,0,25100.0,1,suburban,fulltime,0,0,0,770.0
Female,55,55_plus,GroupA,22700.0,16.0,34.6,388.0,0.5695,1,13000.0,1,suburban,fulltime,0,0,0,434.0
Male,27,under_55,GroupA,47100.0,17.3,5.2,579.0,0.3915,0,34700.0,1,suburban,fulltime,0,1,1,593.0
Male,39,under_55,GroupB,28100.0,13.9,18.3,461.0,0.6152,1,19700.0,1,urban,fulltime,0,0,0,479.0
Male,30,under_55,GroupA,33900.0,15.5,4.4,517.0,0.401,0,24700.0,0,rural,selfemployed,0,1,1,520.0
Male,54,under_55,GroupA,29100.0,13.3,28.6,633.0,0.3349,0,16000.0,18,suburban,selfemployed,0,0,0,619.0
Male,28,under_55,GroupA,47400.0,18.4,7.8,651.0,0.3523,0,26600.0,1,suburban,fulltime,0,1,1,643.0
Male,42,under_55,GroupA,28000.0,16.1,20.4,453.0,0.7273,1,17900.0,7,urban,fulltime,0,0,0,444.0
Male,35,under_55,GroupA,19100.0,14.4,18.0,604.0,0.3001,0,6900.0,3,urban,fulltime,0,0,0,580.0
Male,44,under_55,GroupB,50100.0,15.0,21.8,614.0,0.4262,0,140000.0,0,suburban,fulltime,0,1,1,605.0
Male,37,under_55,GroupB,45400.0,14.9,16.9,722.0,0.0807,0,28200.0,2,suburban,selfemployed,1,1,1,750.0
Male,53,under_55,GroupA,47600.0,17.5,28.4,556.0,0.6109,1,42700.0,1,rural,fulltime,0,0,0,539.0
Male,44,under_55,GroupB,48600.0,12.7,26.8,646.0,0.3624,0,30200.0,0,rural,fulltime,1,1,1,636.0
Female,37,under_55,GroupB,36200.0,17.5,14.6,582.0,0.5321,0,28000.0,2,urban,fulltime,0,1,1,587.0
Female,30,under_55,GroupB,59100.0,17.5,6.9,662.0,0.4663,0,62400.0,10,suburban,fulltime,0,1,1,615.0
Male,29,under_55,GroupA,53300.0,12.4,10.9,653.0,0.2932,0,31000.0,1,rural,parttime,0,1,1,663.0
Male,18,under_55,GroupA,21000.0,10.4,1.8,533.0,0.0727,0,7900.0,0,urban,fulltime,0,0,0,525.0
Female,59,55_plus,GroupA,14100.0,12.4,44.2,314.0,0.7229,1,3700.0,10,urban,fulltime,0,0,0,326.0
Male,38,under_55,GroupA,66000.0,12.8,22.1,552.0,0.6352,1,32300.0,1,urban,fulltime,0,1,1,548.0
Female,46,under_55,GroupA,22200.0,15.9,24.6,458.0,0.6395,1,15000.0,13,urban,fulltime,0,0,0,419.0
Female,18,under_55,GroupB,20000.0,10.1,0.4,427.0,0.588,0,17700.0,24,suburban,fulltime,0,0,0,423.0
Male,27,under_55,GroupA,33400.0,11.8,7.6,469.0,0.6291,1,6500.0,6,rural,fulltime,0,1,1,465.0
Female,44,under_55,GroupA,29900.0,13.6,19.5,470.0,0.5693,1,12000.0,10,urban,selfemployed,0,1,1,457.0
Male,64,55_plus,GroupC,25400.0,9.6,45.0,557.0,0.2967,1,15500.0,12,urban,fulltime,0,0,0,517.0
Male,39,under_55,GroupC,25400.0,13.5,18.0,550.0,0.3885,0,11700.0,15,suburban,fulltime,1,0,0,587.0
Male,43,under_55,GroupA,51200.0,17.6,12.9,712.0,0.1746,0,37700.0,0,rural,fulltime,0,1,1,702.0
Male,39,under_55,GroupA,24800.0,12.6,16.8,565.0,0.4831,0,13800.0,2,urban,parttime,0,1,1,561.0
Female,48,under_55,GroupA,42500.0,16.3,29.0,535.0,0.5587,0,25300.0,14,urban,fulltime,0,0,1,532.0
Female,39,under_55,GroupC,29000.0,14.4,23.5,603.0,0.2075,0,23300.0,8,urban,fulltime,0,0,1,628.0
Male,54,under_55,GroupA,32700.0,12.3,38.7,538.0,0.5634,0,16300.0,2,urban,fulltime,0,0,0,532.0
Female,55,55_plus,GroupA,11900.0,14.0,31.9,456.0,0.6001,0,5300.0,8,rural,parttime,0,0,0,426.0
Female,67,55_plus,GroupA,26200.0,13.3,40.3,623.0,0.2411,0,9000.0,13,rural,fulltime,1,1,1,633.0
Male,43,under_55,GroupC,38500.0,13.5,20.4,713.0,0.182,0,43000.0,2,rural,fulltime,1,1,1,689.0
Female,54,under_55,GroupB,17500.0,14.8,34.2,359.0,0.5038,2,8200.0,10,rural,fulltime,0,0,0,387.0
Male,48,under_55,GroupB,33000.0,10.2,28.1,567.0,0.3722,0,27000.0,2,urban,fulltime,1,1,1,611.0
Female,40,under_55,GroupB,25700.0,17.7,18.6,487.0,0.4398,2,20700.0,13,suburban,parttime,0,0,0,478.0
Male,30,under_55,GroupA,23200.0,12.8,7.6,583.0,0.3347,0,8700.0,13,suburban,fulltime,1,0,0,589.0
Male,64,55_plus,GroupB,14000.0,13.1,40.2,633.0,0.1956,0,6100.0,17,rural,fulltime,0,1,1,584.0
Female,62,55_plus,GroupA,28000.0,19.3,41.5,534.0,0.5074,0,34100.0,8,suburban,fulltime,0,0,0,537.0
Male,41,under_55,GroupA,39000.0,15.6,25.8,548.0,0.4234,1,16100.0,0,rural,fulltime,0,0,0,551.0
Male,53,under_55,GroupA,53900.0,16.2,30.7,618.0,0.4542,0,32500.0,3,urban,fulltime,0,1,1,638.0
Male,55,55_plus,GroupA,48400.0,17.3,33.2,629.0,0.4115,0,16900.0,2,urban,fulltime,1,0,1,639.0
Female,62,55_plus,GroupA,17700.0,14.3,42.2,515.0,0.2812,1,9000.0,14,rural,fulltime,0,0,0,482.0
Male,46,under_55,GroupA,49100.0,16.1,25.0,693.0,0.2793,0,36400.0,1,suburban,fulltime,0,1,1,690.0
Male,34,under_55,GroupC,17900.0,16.9,10.6,557.0,0.4681,0,23200.0,1,suburban,fulltime,0,0,0,528.0
Male,29,under_55,GroupB,29600.0,16.3,10.7,551.0,0.296,0,8500.0,14,urban,fulltime,0,1,1,589.0
Male,32,under_55,GroupB,34400.0,16.1,8.0,672.0,0.1944,0,29500.0,4,urban,fulltime,0,1,1,662.0
Male,32,under_55,GroupA,39300.0,11.4,11.5,423.0,0.8216,0,14700.0,3,suburban,fulltime,0,0,0,423.0
Female,37,under_55,GroupA,32700.0,13.5,18.0,510.0,0.327,2,16800.0,9,suburban,fulltime,0,0,1,482.0
Male,26,under_55,GroupA,14300.0,16.4,6.9,472.0,0.2783,1,9200.0,1,urban,parttime,0,0,0,452.0
Male,21,under_55,GroupA,21000.0,13.2,0.0,422.0,0.3446,1,18800.0,2,suburban,fulltime,0,0,0,401.0
Female,77,55_plus,GroupA,21700.0,12.2,45.0,503.0,0.6739,0,9300.0,15,rural,parttime,0,0,0,488.0
Male,42,under_55,GroupA,22800.0,13.7,22.1,541.0,0.5018,0,37000.0,6,suburban,fulltime,0,0,0,527.0
Male,46,under_55,GroupA,42000.0,18.4,23.3,643.0,0.2523,0,25100.0,1,rural,fulltime,0,1,1,634.0
Male,33,under_55,GroupA,30400.0,15.4,8.4,612.0,0.204,1,33700.0,1,suburban,fulltime,0,1,1,608.0
Female,28,under_55,GroupA,29900.0,12.8,11.5,617.0,0.1334,0,11100.0,13,suburban,fulltime,0,1,1,680.0
Male,35,under_55,GroupA,42900.0,13.2,11.5,715.0,0.1193,0,28500.0,20,urban,fulltime,0,1,1,705.0
Female,38,under_55,GroupA,29300.0,11.4,18.8,604.0,0.2999,0,19700.0,9,suburban,fulltime,0,1,1,627.0
Female,31,under_55,GroupA,49100.0,15.3,12.3,632.0,0.3273,0,23300.0,4,suburban,fulltime,1,1,1,665.0
Female,68,55_plus,GroupA,30400.0,14.1,45.0,615.0,0.2936,1,22200.0,16,suburban,fulltime,1,1,1,570.0
Male,44,under_55,GroupA,48600.0,12.5,24.5,605.0,0.2394,1,36000.0,1,suburban,parttime,0,1,1,603.0
Female,35,under_55,GroupA,19900.0,12.0,14.1,400.0,0.6085,0,19900.0,10,suburban,selfemployed,0,1,1,435.0
Male,39,under_55,GroupA,45400.0,14.3,22.5,546.0,0.2379,2,36200.0,0,suburban,selfemployed,0,1,1,546.0
Female,39,under_55,GroupA,26600.0,11.1,19.3,543.0,0.6016,0,18000.0,10,urban,fulltime,1,1,1,477.0
Male,57,55_plus,GroupB,47800.0,18.4,26.9,570.0,0.4217,1,23900.0,1,suburban,fulltime,0,1,1,553.0
Female,63,55_plus,GroupB,13800.0,20.3,30.5,458.0,0.3733,1,15700.0,12,urban,parttime,0,0,0,495.0
Female,62,55_plus,GroupA,14100.0,14.8,40.1,531.0,0.1659,1,4500.0,22,suburban,parttime,0,0,0,514.0
Female,44,under_55,GroupC,13600.0,11.1,25.9,310.0,0.4429,2,3000.0,12,rural,fulltime,0,0,0,413.0
Male,35,under_55,GroupA,30700.0,12.8,14.4,699.0,0.2201,0,22100.0,2,suburban,selfemployed,1,1,1,687.0
Female,45,under_55,GroupA,21200.0,11.4,30.7,452.0,0.5349,0,9800.0,10,urban,fulltime,1,0,0,485.0
Female,18,under_55,GroupA,27100.0,14.2,0.0,510.0,0.1942,2,14200.0,14,rural,fulltime,0,0,0,433.0
Male,45,under_55,GroupA,24500.0,14.1,24.2,398.0,0.6705,1,16700.0,2,suburban,fulltime,0,0,0,390.0
Female,45,under_55,GroupB,18000.0,14.3,24.7,694.0,0.1822,0,9200.0,15,urban,selfemployed,0,1,1,608.0
Male,41,under_55,GroupC,25400.0,10.9,27.7,432.0,0.8177,1,26100.0,12,urban,fulltime,0,0,0,417.0
Female,34,under_55,GroupA,23000.0,14.9,16.3,493.0,0.4661,1,11500.0,15,urban,selfemployed,0,0,0,489.0
Female,78,55_plus,GroupA,12100.0,12.5,45.0,433.0,0.322,2,9700.0,14,suburban,fulltime,0,0,0,406.0
Male,43,under_55,GroupA,45700.0,14.0,19.8,725.0,0.1711,0,14600.0,1,rural,fulltime,1,1,1,728.0
Male,48,under_55,GroupA,23400.0,12.3,33.1,505.0,0.4829,0,16500.0,2,suburban,selfemployed,0,0,0,503.0
Female,46,under_55,GroupB,17600.0,12.4,27.8,342.0,0.734,1,12100.0,15,urban,parttime,0,0,0,351.0
Male,49,under_55,GroupB,29500.0,12.1,30.6,545.0,0.3131,0,11500.0,1,urban,fulltime,0,1,1,571.0
Female,34,under_55,GroupB,19900.0,13.3,17.9,545.0,0.2971,0,13700.0,11,urban,parttime,0,1,1,521.0
Male,51,under_55,GroupC,36100.0,17.4,32.0,619.0,0.4265,0,58900.0,1,suburban,parttime,1,0,1,599.0
Male,47,under_55,GroupB,44300.0,11.9,25.5,521.0,0.6072,0,39300.0,2,suburban,fulltime,0,0,0,553.0
Male,18,under_55,GroupA,27000.0,14.4,0.0,411.0,0.6537,0,11400.0,4,rural,fulltime,0,0,0,411.0
Male,18,under_55,GroupC,17500.0,10.4,0.0,379.0,0.4851,1,7200.0,3,rural,fulltime,0,0,0,382.0
Male,70,55_plus,GroupA,27300.0,14.9,45.0,573.0,0.2683,0,8700.0,3,urban,fulltime,0,1,1,581.0
Female,25,under_55,GroupA,24500.0,17.4,0.6,405.0,0.186,1,17000.0,14,urban,parttime,0,0,0,414.0
Male,18,under_55,GroupA,34000.0,13.6,1.6,500.0,0.4334,0,17100.0,2,suburban,fulltime,1,0,0,506.0
Female,50,under_55,GroupA,27700.0,15.5,31.6,502.0,0.5849,1,19900.0,13,urban,selfemployed,0,0,0,475.0
Female,55,55_plus,GroupB,21800.0,13.0,33.4,576.0,0.1527,0,13500.0,8,rural,parttime,0,1,1,629.0
Female,38,under_55,GroupB,30900.0,16.5,16.3,487.0,0.5937,0,13200.0,15,urban,fulltime,0,1,1,518.0
Female,37,under_55,GroupB,25500.0,12.3,19.7,617.0,0.3145,0,21700.0,0,urban,parttime,0,0,0,572.0
Female,62,55_plus,GroupA,21900.0,17.0,41.1,479.0,0.5974,0,12800.0,4,urban,selfemployed,0,0,0,501.0
Female,37,under_55,GroupA,11900.0,14.1,11.8,574.0,0.1154,0,11500.0,17,rural,fulltime,0,0,0,580.0
Female,44,under_55,GroupB,16400.0,13.1,27.7,404.0,0.3925,1,4100.0,13,suburban,fulltime,0,0,0,457.0
Female,49,under_55,GroupB,31400.0,13.9,24.9,631.0,0.3016,0,23600.0,10,rural,fulltime,0,0,0,615.0
Female,57,55_plus,GroupA,19200.0,18.1,29.9,458.0,0.3234,2,28600.0,7,rural,fulltime,1,0,0,429.0
Male,46,under_55,GroupA,20400.0,8.8,24.7,641.0,0.1507,0,18200.0,0,suburban,fulltime,0,1,1,634.0
Female,47,under_55,GroupA,28900.0,12.6,28.8,574.0,0.3895,0,26100.0,14,urban,parttime,1,1,1,592.0
Male,56,55_plus,GroupA,25400.0,17.1,28.2,547.0,0.5318,0,19900.0,1,urban,fulltime,1,1,1,548.0
Male,20,under_55,GroupC,11400.0,16.8,0.0,300.0,0.359,1,3900.0,1,rural,fulltime,0,0,0,306.0
Female,34,under_55,GroupB,14900.0,8.2,20.9,502.0,0.4493,1,11100.0,9,suburban,fulltime,1,0,0,481.0
Male,32,under_55,GroupB,29600.0,12.1,13.7,537.0,0.476,0,23900.0,2,suburban,selfemployed,0,1,1,572.0
Male,36,under_55,GroupA,54400.0,14.8,11.7,728.0,0.1055,1,42900.0,3,suburban,fulltime,0,1,1,734.0
Female,23,under_55,GroupA,25400.0,12.9,5.3,541.0,0.1445,1,12700.0,5,suburban,selfemployed,0,1,1,574.0
Male,18,under_55,GroupA,22800.0,19.9,0.0,456.0,0.4262,0,9600.0,0,suburban,fulltime,1,1,1,448.0
Male,25,under_55,GroupA,26100.0,12.2,15.5,594.0,0.3658,1,13500.0,1,rural,selfemployed,0,1,1,579.0
Male,56,55_plus,GroupB,35600.0,12.3,41.4,669.0,0.124,0,27200.0,1,suburban,fulltime,0,0,1,714.0
Female,50,under_55,GroupB,13400.0,13.0,33.7,445.0,0.5602,1,14700.0,4,urban,selfemployed,0,0,0,386.0
Male,18,under_55,GroupB,36800.0,14.2,0.0,587.0,0.172,0,29500.0,2,urban,fulltime,0,0,0,574.0
Female,49,under_55,GroupA,14800.0,18.2,23.5,446.0,0.2371,1,6700.0,2,rural,parttime,0,0,0,494.0
Female,28,under_55,GroupA,20300.0,10.8,13.4,427.0,0.5936,0,5700.0,13,suburban,selfemployed,0,0,0,458.0
Male,49,under_55,GroupA,24900.0,13.8,31.7,556.0,0.2145,1,18900.0,1,suburban,selfemployed,0,0,0,564.0
Male,36,under_55,GroupA,45400.0,12.1,14.5,527.0,0.7658,1,30300.0,2,suburban,fulltime,0,0,0,521.0
Male,27,under_55,GroupB,17200.0,15.5,3.1,485.0,0.4011,0,7900.0,12,rural,fulltime,0,1,1,472.0
Female,46,under_55,GroupC,14200.0,15.8,19.4,307.0,0.2716,2,3900.0,14,urban,parttime,0,0,0,382.0
Male,32,under_55,GroupA,84500.0,15.3,9.7,585.0,0.6328,0,47700.0,2,urban,fulltime,0,1,1,592.0
Female,55,55_plus,GroupA,28000.0,14.6,41.0,623.0,0.1845,0,17700.0,3,suburban,fulltime,0,0,0,623.0
Female,62,55_plus,GroupA,45100.0,13.0,41.1,607.0,0.4862,2,29400.0,13,rural,fulltime,0,1,1,525.0
Female,37,under_55,GroupA,27000.0,12.3,17.7,595.0,0.3785,0,21800.0,14,urban,parttime,0,0,1,583.0
Female,27,under_55,GroupB,25700.0,12.7,9.2,574.0,0.4332,0,10500.0,11,urban,fulltime,1,1,1,541.0
Male,30,under_55,GroupA,43200.0,13.8,10.7,664.0,0.2101,1,38900.0,4,suburban,fulltime,0,1,1,662.0
Female,55,55_plus,GroupA,42100.0,17.3,33.6,686.0,0.0642,0,16500.0,16,suburban,fulltime,0,0,1,726.0
Female,39,under_55,GroupA,26200.0,13.6,17.5,573.0,0.5088,1,17700.0,10,urban,fulltime,0,0,0,479.0
Male,43,under_55,GroupB,63500.0,19.7,19.2,644.0,0.3561,0,41700.0,0,urban,fulltime,1,1,1,704.0
Male,46,under_55,GroupA,50700.0,12.8,27.8,655.0,0.4486,0,20400.0,1,rural,selfemployed,0,1,1,662.0
Female,36,under_55,GroupB,27300.0,12.6,13.2,591.0,0.3653,0,16100.0,0,rural,fulltime,0,0,1,609.0
Female,35,under_55,GroupB,44400.0,14.5,16.2,708.0,0.2355,0,34000.0,15,suburban,fulltime,0,0,0,696.0
Male,58,55_plus,GroupA,17800.0,12.9,39.0,599.0,0.1706,0,9100.0,2,suburban,fulltime,1,0,0,613.0
Male,47,under_55,GroupB,34400.0,13.6,24.7,397.0,0.5246,2,27000.0,4,urban,selfemployed,0,0,0,425.0
Female,39,under_55,GroupA,15700.0,15.7,13.0,398.0,0.6412,2,6900.0,13,suburban,parttime,0,0,0,357.0
Female,34,under_55,GroupB,24900.0,14.9,7.2,439.0,0.667,0,10300.0,20,suburban,fulltime,1,0,0,425.0
Male,41,under_55,GroupA,48300.0,16.4,16.7,445.0,0.6474,2,34800.0,9,suburban,fulltime,0,0,0,459.0
Female,53,under_55,GroupB,20000.0,16.7,36.5,611.0,0.1877,0,4400.0,8,urban,fulltime,1,0,1,614.0
Female,22,under_55,GroupC,20200.0,11.4,6.0,680.0,0.3081,0,20100.0,11,suburban,fulltime,1,0,1,554.0
Male,52,under_55,GroupA,15500.0,16.0,27.0,519.0,0.5254,0,7000.0,1,suburban,fulltime,0,0,0,506.0
Male,26,under_55,GroupB,24300.0,12.1,5.1,609.0,0.3243,0,10400.0,3,urban,fulltime,0,0,0,582.0
Female,32,under_55,GroupA,17400.0,12.6,8.8,416.0,0.3813,2,13000.0,15,urban,parttime,0,0,0,432.0
Male,36,under_55,GroupB,33900.0,12.9,13.3,689.0,0.3326,0,18400.0,18,suburban,fulltime,1,1,1,626.0
Female,47,under_55,GroupC,19200.0,11.3,31.3,515.0,0.3432,0,7800.0,17,urban,fulltime,0,0,0,552.0
Male,27,under_55,GroupA,20300.0,10.2,11.3,548.0,0.2619,1,6300.0,0,rural,selfemployed,0,1,1,550.0
Male,44,under_55,GroupA,21200.0,13.1,20.3,458.0,0.3155,2,20200.0,2,rural,fulltime,0,1,1,457.0
Male,37,under_55,GroupA,16200.0,10.1,17.2,344.0,0.6133,2,18500.0,1,suburban,selfemployed,1,0,0,333.0
Female,34,under_55,GroupA,23300.0,12.7,15.8,491.0,0.5141,1,14400.0,13,rural,parttime,1,0,0,488.0
Male,29,under_55,GroupA,32700.0,14.1,10.0,638.0,0.3416,0,14000.0,1,rural,fulltime,1,1,1,653.0
Male,33,under_55,GroupB,47500.0,11.7,16.9,742.0,0.3352,0,18400.0,2,urban,fulltime,0,1,1,675.0
Male,38,under_55,GroupA,27700.0,12.6,19.2,714.0,0.1074,0,14600.0,1,rural,fulltime,0,1,1,702.0
Female,55,55_plus,GroupA,24400.0,18.3,33.3,491.0,0.3749,1,14600.0,10,urban,parttime,1,0,0,526.0
Male,39,under_55,GroupA,35200.0,13.2,15.2,621.0,0.2847,0,17400.0,0,suburban,fulltime,0,1,1,637.0
Male,51,under_55,GroupB,18200.0,9.2,37.4,433.0,0.4789,1,8400.0,2,urban,fulltime,1,1,1,459.0
Male,70,55_plus,GroupA,11500.0,12.8,45.0,371.0,0.3943,2,6600.0,1,suburban,fulltime,0,0,0,361.0
Male,46,under_55,GroupB,34400.0,13.9,25.6,707.0,0.1685,0,16000.0,0,suburban,fulltime,0,1,1,680.0
Female,53,under_55,GroupB,21600.0,12.6,39.5,398.0,0.3788,2,10100.0,5,rural,fulltime,1,0,0,464.0
Female,19,under_55,GroupA,17800.0,12.2,0.0,300.0,0.654,1,5700.0,13,rural,fulltime,0,0,0,300.0
Female,51,under_55,GroupB,17700.0,11.8,31.2,482.0,0.1641,0,14100.0,17,rural,fulltime,0,0,0,553.0
Female,59,55_plus,GroupC,20500.0,14.5,36.8,611.0,0.3431,0,5000.0,7,urban,fulltime,0,0,1,545.0
Male,49,under_55,GroupA,50800.0,17.6,23.5,680.0,0.2698,0,18700.0,0,suburban,selfemployed,0,1,1,689.0
Female,25,under_55,GroupA,37600.0,15.7,0.0,510.0,0.4334,0,39800.0,4,suburban,fulltime,0,0,0,510.0
Male,45,under_55,GroupA,33500.0,12.6,26.1,609.0,0.241,1,33700.0,1,urban,fulltime,0,0,0,619.0
Male,62,55_plus,GroupA,25600.0,10.4,45.0,641.0,0.2142,0,10700.0,0,suburban,fulltime,1,0,0,640.0
Female,56,55_plus,GroupB,18400.0,13.3,37.4,575.0,0.6148,0,15700.0,1,suburban,parttime,0,0,0,462.0
Male,49,under_55,GroupA,29800.0,13.5,32.2,459.0,0.6179,1,45400.0,1,rural,fulltime,0,0,0,470.0
Male,53,under_55,GroupA,45800.0,13.4,37.0,675.0,0.2687,0,14300.0,4,urban,fulltime,0,1,1,693.0
Female,42,under_55,GroupA,17500.0,11.6,23.1,445.0,0.5997,0,6700.0,1,suburban,fulltime,0,0,0,445.0
Male,20,under_55,GroupC,29400.0,17.9,0.0,489.0,0.2111,0,45900.0,1,suburban,fulltime,0,0,0,507.0
Male,44,under_55,GroupB,21100.0,12.5,18.7,525.0,0.4893,0,14800.0,12,urban,fulltime,0,1,1,510.0
Female,40,under_55,GroupA,29000.0,15.0,19.1,411.0,0.6018,1,21600.0,18,urban,selfemployed,0,0,0,430.0
Male,62,55_plus,GroupB,20400.0,12.1,42.8,599.0,0.3792,0,21600.0,1,suburban,fulltime,0,0,0,584.0
Male,49,under_55,GroupA,31900.0,12.9,31.1,334.0,0.8194,2,11100.0,3,suburban,parttime,0,0,0,321.0
Female,32,under_55,GroupA,31500.0,10.4,14.6,582.0,0.4494,0,13100.0,2,suburban,fulltime,1,1,1,581.0
Female,28,under_55,GroupB,14200.0,11.2,9.0,552.0,0.1975,0,13400.0,14,urban,parttime,1,1,1,602.0
Female,42,under_55,GroupB,14400.0,11.5,27.8,388.0,0.4258,3,8600.0,18,suburban,parttime,0,0,0,374.0
Male,49,under_55,GroupA,38100.0,17.6,24.2,480.0,0.6974,0,23700.0,1,rural,fulltime,0,0,0,495.0
Female,40,under_55,GroupB,35600.0,10.5,22.2,560.0,0.6407,0,20700.0,14,urban,fulltime,0,0,0,501.0
Female,53,under_55,GroupA,31100.0,10.8,39.0,356.0,0.8532,2,20700.0,2,suburban,selfemployed,0,0,0,326.0
Male,58,55_plus,GroupA,18600.0,13.6,37.7,501.0,0.2669,1,15900.0,1,suburban,fulltime,0,0,0,479.0
Male,45,under_55,GroupB,44200.0,14.2,24.0,604.0,0.7552,0,19300.0,0,urban,fulltime,0,0,0,514.0
Male,46,under_55,GroupA,59800.0,14.7,27.0,629.0,0.5167,0,32500.0,1,suburban,fulltime,0,1,1,631.0
Male,50,under_55,GroupB,34000.0,14.2,28.7,465.0,0.3916,1,31200.0,2,suburban,fulltime,0,0,0,552.0
Male,38,under_55,GroupA,55400.0,11.7,22.7,712.0,0.1267,0,33500.0,2,urban,fulltime,0,1,1,724.0
Male,53,under_55,GroupB,20500.0,14.2,31.2,438.0,0.3356,2,8800.0,0,suburban,fulltime,0,0,0,424.0
Male,24,under_55,GroupB,21800.0,16.8,3.3,407.0,0.5799,1,10500.0,2,urban,fulltime,0,0,0,419.0
Male,41,under_55,GroupC,21700.0,10.4,20.3,678.0,0.3465,0,19500.0,2,urban,fulltime,1,1,1,623.0
Male,44,under_55,GroupB,29400.0,15.8,15.2,658.0,0.3339,0,8100.0,2,urban,fulltime,0,1,1,635.0
Male,42,under_55,GroupB,37000.0,9.2,21.9,488.0,0.7302,1,27800.0,0,urban,fulltime,0,0,0,438.0
Female,27,under_55,GroupA,33500.0,10.6,13.9,520.0,0.2074,2,45800.0,11,suburban,fulltime,0,0,0,535.0
Male,40,under_55,GroupC,32400.0,14.0,24.4,576.0,0.3173,0,17100.0,1,urban,selfemployed,0,1,1,616.0
Male,66,55_plus,GroupB,48300.0,12.0,45.0,566.0,0.2597,1,28100.0,5,urban,selfemployed,0,1,1,607.0
Female,49,under_55,GroupA,26500.0,14.8,31.0,437.0,0.8533,0,11900.0,18,suburban,fulltime,0,0,0,437.0
Male,48,under_55,GroupB,27600.0,14.2,31.4,377.0,0.9189,1,15000.0,0,rural,fulltime,0,0,0,408.0
Male,32,under_55,GroupA,20000.0,11.1,16.3,561.0,0.3217,0,4800.0,2,suburban,selfemployed,0,0,0,565.0
Female,43,under_55,GroupA,37600.0,10.5,35.8,767.0,0.1422,0,28100.0,1,suburban,fulltime,1,0,1,692.0
Male,49,under_55,GroupB,24900.0,15.4,32.3,546.0,0.2554,1,16100.0,1,suburban,fulltime,1,1,1,579.0
Female,44,under_55,GroupA,28600.0,13.6,22.2,734.0,0.1352,0,12700.0,15,suburban,fulltime,1,1,1,707.0
Female,24,under_55,GroupC,24600.0,15.1,2.5,490.0,0.5739,0,8700.0,14,suburban,fulltime,0,0,0,424.0
Female,43,under_55,GroupA,22000.0,13.9,25.1,425.0,0.4147,3,12700.0,16,suburban,parttime,0,0,0,414.0
Male,27,under_55,GroupB,32700.0,12.9,7.2,509.0,0.4632,0,13500.0,1,urban,fulltime,0,1,1,542.0
Female,45,under_55,GroupC,29000.0,10.7,21.8,497.0,0.2605,1,21700.0,25,suburban,fulltime,1,0,0,555.0
Female,38,under_55,GroupB,23400.0,13.3,18.0,641.0,0.0313,0,9800.0,12,rural,selfemployed,0,1,1,650.0
Male,53,under_55,GroupB,26700.0,14.0,32.9,583.0,0.2783,0,15600.0,2,suburban,fulltime,0,1,1,625.0
Female,38,under_55,GroupA,25900.0,12.0,19.5,570.0,0.158,1,17200.0,11,suburban,parttime,0,0,1,567.0
Female,51,under_55,GroupA,31800.0,15.8,33.3,581.0,0.6039,0,19200.0,14,suburban,fulltime,1,1,1,548.0
Male,36,under_55,GroupA,21000.0,16.8,15.5,659.0,0.1043,0,19000.0,1,rural,selfemployed,0,1,1,658.0
Female,33,under_55,GroupB,23500.0,9.1,22.1,704.0,0.4102,0,13000.0,9,rural,fulltime,0,0,0,603.0
Male,36,under_55,GroupA,41200.0,18.2,9.2,729.0,0.149,0,25900.0,4,suburban,fulltime,0,1,1,731.0
Female,74,55_plus,GroupB,15200.0,12.9,45.0,350.0,0.5112,3,9900.0,12,rural,fulltime,0,0,0,319.0
Male,58,55_plus,GroupA,42700.0,16.8,35.0,546.0,0.3393,1,17900.0,1,suburban,fulltime,0,1,1,559.0
Female,27,under_55,GroupB,27000.0,14.7,8.0,520.0,0.3983,1,24300.0,8,urban,parttime,0,1,1,504.0
Male,29,under_55,GroupB,60500.0,17.7,8.8,669.0,0.1948,0,41800.0,3,urban,fulltime,0,0,1,668.0
Female,25,under_55,GroupB,24300.0,10.8,10.8,512.0,0.4887,0,14900.0,16,suburban,fulltime,0,0,0,498.0
Female,55,55_plus,GroupA,19100.0,15.4,29.8,522.0,0.3512,0,8100.0,12,rural,selfemployed,0,1,1,567.0
Female,43,under_55,GroupB,19600.0,10.4,27.2,371.0,0.4781,2,11800.0,11,urban,fulltime,0,0,0,369.0
Male,43,under_55,GroupA,21600.0,15.4,18.6,595.0,0.3447,0,5600.0,1,rural,selfemployed,0,0,0,586.0
Male,46,under_55,GroupB,46000.0,20.6,19.1,615.0,0.3828,1,67100.0,0,urban,fulltime,0,1,1,607.0
Female,39,under_55,GroupA,41500.0,13.5,15.8,574.0,0.4764,0,14100.0,10,suburban,fulltime,0,1,1,631.0
Female,22,under_55,GroupB,16000.0,14.3,0.0,383.0,0.4939,1,9900.0,1,suburban,parttime,1,0,0,312.0
Male,43,under_55,GroupA,39300.0,10.0,30.6,666.0,0.3611,0,31700.0,2,urban,fulltime,0,1,1,660.0
Male,50,under_55,GroupA,15900.0,14.7,32.4,377.0,0.4678,1,7000.0,0,urban,fulltime,0,0,0,382.0
Male,72,55_plus,GroupB,25200.0,16.6,45.0,372.0,0.5968,3,27800.0,1,rural,parttime,0,0,0,353.0
Male,36,under_55,GroupA,29500.0,15.1,15.6,605.0,0.3181,0,12900.0,3,suburban,selfemployed,1,1,1,605.0
Male,32,under_55,GroupB,33700.0,13.8,10.8,640.0,0.3085,0,27900.0,2,suburban,fulltime,0,1,1,610.0
Female,24,under_55,GroupB,22400.0,9.7,7.2,618.0,0.149,1,10500.0,17,suburban,fulltime,0,0,0,591.0
Female,38,under_55,GroupA,28600.0,14.5,14.6,762.0,0.1118,0,18800.0,16,suburban,fulltime,1,1,1,712.0
Male,47,under_55,GroupB,49500.0,15.8,20.8,492.0,0.3616,2,32500.0,2,urban,fulltime,0,0,0,553.0
Female,43,under_55,GroupA,26400.0,10.6,25.9,683.0,0.2154,0,11300.0,11,suburban,selfemployed,0,0,0,642.0
Female,47,under_55,GroupA,38900.0,13.4,30.0,598.0,0.3631,0,16600.0,7,suburban,selfemployed,0,0,0,652.0
Male,31,under_55,GroupA,27700.0,18.3,1.0,300.0,0.725,2,16100.0,3,suburban,fulltime,0,0,0,300.0
Male,36,under_55,GroupC,24800.0,12.2,16.1,497.0,0.4543,1,12100.0,2,urban,fulltime,1,1,1,491.0
Female,63,55_plus,GroupB,46400.0,18.5,35.5,668.0,0.4585,0,61700.0,2,suburban,fulltime,0,0,0,628.0
Male,39,under_55,GroupA,32300.0,17.8,17.9,599.0,0.1209,1,18000.0,1,suburban,fulltime,1,1,1,630.0
Male,43,under_55,GroupA,14500.0,8.0,31.0,427.0,0.3589,2,4800.0,2,rural,selfemployed,0,0,0,414.0
Male,30,under_55,GroupA,16000.0,12.5,13.5,605.0,0.1416,0,14600.0,1,urban,fulltime,0,0,0,609.0
Male,18,under_55,GroupC,37200.0,13.4,0.0,542.0,0.3581,0,47300.0,1,urban,fulltime,0,0,0,565.0
Male,42,under_55,GroupB,22300.0,12.9,27.6,545.0,0.287,1,22000.0,15,urban,fulltime,0,1,1,545.0
Male,18,under_55,GroupA,54800.0,15.4,0.0,537.0,0.2978,0,37000.0,5,rural,fulltime,1,1,1,554.0
Female,46,under_55,GroupA,21500.0,16.2,25.0,656.0,0.0739,0,14700.0,12,rural,parttime,0,0,1,645.0
Female,46,under_55,GroupC,17800.0,14.4,24.2,436.0,0.3982,1,5300.0,12,rural,fulltime,0,0,0,450.0
Female,41,under_55,GroupA,25300.0,15.9,22.8,622.0,0.1481,1,13800.0,9,suburban,fulltime,1,0,1,590.0
Female,52,under_55,GroupB,36700.0,18.8,27.2,561.0,0.2629,0,25200.0,18,urban,fulltime,0,1,1,642.0
Female,36,under_55,GroupB,15800.0,12.9,24.6,378.0,0.6349,2,19300.0,10,urban,parttime,0,0,0,388.0
Male,78,55_plus,GroupA,12600.0,13.4,45.0,300.0,0.7994,2,7200.0,2,urban,fulltime,0,0,0,300.0
Female,54,under_55,GroupB,15600.0,12.9,35.3,520.0,0.3427,0,22600.0,12,urban,fulltime,0,0,0,554.0
Female,31,under_55,GroupB,14700.0,11.9,13.2,476.0,0.3459,0,12200.0,12,urban,parttime,1,0,0,521.0
Male,48,under_55,GroupA,45400.0,18.5,21.0,445.0,0.6168,1,31200.0,9,suburban,fulltime,0,0,0,455.0
Female,59,55_plus,GroupA,21000.0,17.6,32.8,570.0,0.2512,0,11500.0,17,urban,parttime,1,0,1,560.0
Male,55,55_plus,GroupB,56400.0,13.8,36.6,646.0,0.1892,0,55800.0,2,suburban,fulltime,0,0,1,688.0
Male,21,under_55,GroupC,18300.0,13.2,2.6,463.0,0.5846,0,7100.0,5,urban,fulltime,0,0,0,387.0
Male,40,under_55,GroupB,22700.0,15.8,17.5,701.0,0.2441,0,9400.0,2,rural,selfemployed,0,1,1,670.0
Male,55,55_plus,GroupA,12200.0,10.0,37.9,411.0,0.3739,1,14700.0,1,rural,selfemployed,0,0,0,419.0
Male,25,under_55,GroupA,43900.0,15.9,4.5,668.0,0.1011,0,39700.0,0,suburban,fulltime,1,1,1,681.0
Male,42,under_55,GroupA,35400.0,12.4,27.4,652.0,0.1521,1,19100.0,0,rural,fulltime,0,1,1,633.0
Male,37,under_55,GroupB,23600.0,15.8,15.7,313.0,0.5902,3,25100.0,2,urban,fulltime,0,0,0,351.0
Male,32,under_55,GroupA,26500.0,12.9,10.8,449.0,0.5316,1,17300.0,2,suburban,fulltime,1,0,0,448.0
Female,59,55_plus,GroupB,46400.0,16.0,35.6,628.0,0.3865,1,28900.0,1,urban,fulltime,1,0,0,556.0
Female,34,under_55,GroupC,25200.0,13.9,12.1,438.0,0.5504,1,13200.0,0,urban,parttime,0,0,0,462.0
Male,71,55_plus,GroupA,27400.0,13.0,45.0,543.0,0.3923,0,10600.0,3,suburban,fulltime,0,0,0,565.0
Male,49,under_55,GroupC,16900.0,10.9,31.2,512.0,0.4849,0,11400.0,0,rural,parttime,1,0,1,512.0
Female,37,under_55,GroupC,21400.0,10.7,16.6,723.0,0.092,0,26200.0,15,urban,fulltime,0,0,0,679.0
Male,65,55_plus,GroupB,33400.0,13.0,45.0,578.0,0.5648,0,10300.0,1,suburban,fulltime,0,0,0,551.0
Female,39,under_55,GroupA,25700.0,11.0,19.6,467.0,0.3303,2,19700.0,8,urban,fulltime,0,0,0,487.0
Female,45,under_55,GroupA,22000.0,17.3,23.4,507.0,0.5544,0,21700.0,3,suburban,parttime,0,0,0,492.0
Female,68,55_plus,GroupB,23300.0,14.6,45.0,464.0,0.3698,3,14900.0,11,urban,parttime,1,0,0,441.0
Male,39,under_55,GroupC,41100.0,14.2,21.5,699.0,0.1793,0,21100.0,1,rural,fulltime,0,1,1,692.0
Male,40,under_55,GroupA,32300.0,13.2,28.3,622.0,0.2088,1,18300.0,12,suburban,selfemployed,0,1,1,646.0
Male,26,under_55,GroupC,30500.0,15.6,7.0,309.0,0.6774,2,6800.0,0,urban,fulltime,1,0,0,331.0
Female,43,under_55,GroupB,36500.0,15.8,21.6,435.0,0.6633,2,10100.0,10,rural,selfemployed,0,0,0,419.0
Male,50,under_55,GroupB,43000.0,16.4,29.1,679.0,0.3116,0,59300.0,1,suburban,fulltime,1,1,1,696.0
Male,46,under_55,GroupA,42200.0,14.6,20.3,619.0,0.2782,1,19900.0,0,suburban,fulltime,0,1,1,629.0
Female,53,under_55,GroupA,20300.0,15.6,37.8,519.0,0.284,1,10300.0,3,rural,fulltime,0,0,1,544.0
Male,46,under_55,GroupB,28600.0,18.0,25.3,612.0,0.2985,0,8200.0,2,suburban,fulltime,1,1,1,624.0
Male,43,under_55,GroupB,46600.0,14.2,25.3,662.0,0.455,0,24100.0,2,rural,fulltime,0,1,1,611.0
Male,34,under_55,GroupA,23400.0,13.8,11.0,490.0,0.5474,1,7900.0,1,suburban,parttime,0,0,0,491.0
Female,30,under_55,GroupB,11700.0,15.2,11.4,410.0,0.7051,0,7400.0,17,urban,fulltime,0,1,1,416.0
Female,20,under_55,GroupC,13700.0,13.4,2.4,370.0,0.3131,1,27600.0,19,rural,parttime,0,0,0,357.0
Female,33,under_55,GroupA,27300.0,19.5,8.1,694.0,0.1953,0,5400.0,8,suburban,fulltime,0,1,1,624.0
Male,45,under_55,GroupB,43900.0,9.0,22.0,689.0,0.1314,0,21200.0,0,suburban,fulltime,0,1,1,700.0
Male,53,under_55,GroupC,38100.0,15.3,33.2,600.0,0.1733,1,27200.0,2,urban,selfemployed,1,1,1,592.0
Female,52,under_55,GroupA,54000.0,18.5,28.3,667.0,0.2357,0,46100.0,4,urban,selfemployed,0,0,1,694.0
Male,38,under_55,GroupA,27800.0,14.4,23.9,660.0,0.095,0,23200.0,3,suburban,fulltime,0,1,1,663.0
Male,40,under_55,GroupA,16500.0,19.7,18.4,369.0,0.6753,1,5100.0,1,suburban,fulltime,0,0,0,376.0
Male,18,under_55,GroupC,7800.0,11.6,0.6,300.0,0.5228,3,3500.0,3,rural,parttime,1,0,0,300.0
Female,54,under_55,GroupA,23700.0,17.5,30.7,635.0,0.2302,0,7400.0,13,urban,parttime,0,1,1,636.0
Male,35,under_55,GroupA,53500.0,15.2,8.8,752.0,0.2854,0,21400.0,1,urban,fulltime,0,1,1,748.0
Male,29,under_55,GroupA,33200.0,14.3,4.2,627.0,0.1906,0,14100.0,1,urban,selfemployed,0,1,1,627.0
Male,25,under_55,GroupA,36600.0,12.6,10.5,625.0,0.3302,0,7700.0,0,rural,fulltime,0,1,1,634.0
Male,57,55_plus,GroupA,25100.0,14.2,36.9,590.0,0.232,0,7600.0,1,urban,fulltime,0,1,1,608.0
Male,44,under_55,GroupA,26100.0,13.7,25.6,608.0,0.3065,0,13200.0,2,suburban,fulltime,0,1,1,596.0
Female,51,under_55,GroupB,28800.0,15.1,31.9,615.0,0.3218,1,26400.0,14,urban,selfemployed,0,0,0,581.0
Female,40,under_55,GroupA,52000.0,14.5,19.8,575.0,0.4641,0,33200.0,9,suburban,parttime,1,1,1,604.0
Male,52,under_55,GroupA,37800.0,18.1,30.8,689.0,0.0771,0,13000.0,17,suburban,fulltime,0,1,1,690.0
Female,39,under_55,GroupA,24400.0,13.6,15.5,529.0,0.4903,0,10700.0,16,suburban,fulltime,0,1,1,537.0
Male,47,under_55,GroupC,58400.0,20.1,15.1,738.0,0.3315,0,37100.0,3,urban,parttime,0,1,1,714.0
Male,48,under_55,GroupA,44900.0,14.8,27.2,478.0,0.7162,0,20400.0,10,suburban,fulltime,0,0,0,480.0
Female,41,under_55,GroupA,27100.0,16.7,22.1,424.0,0.6832,0,44600.0,17,suburban,selfemployed,1,0,0,431.0
Female,62,55_plus,GroupB,43300.0,14.5,42.2,606.0,0.4111,0,37600.0,21,rural,fulltime,0,1,1,599.0
Female,35,under_55,GroupA,28200.0,12.5,14.4,351.0,0.7828,0,20600.0,16,urban,parttime,0,0,0,366.0
Male,36,under_55,GroupC,29900.0,13.0,18.1,487.0,0.3831,1,13900.0,15,rural,parttime,0,1,1,554.0
Male,27,under_55,GroupA,19600.0,8.7,8.5,449.0,0.5817,0,21200.0,0,suburban,fulltime,0,0,0,437.0
Female,37,under_55,GroupA,27300.0,12.9,19.1,449.0,0.6197,0,27700.0,10,suburban,fulltime,0,0,0,483.0
Male,59,55_plus,GroupA,30000.0,16.6,41.4,613.0,0.3135,0,9300.0,0,rural,selfemployed,1,1,1,613.0
Male,35,under_55,GroupB,40800.0,12.4,10.5,432.0,0.5477,2,31300.0,0,rural,fulltime,0,0,0,465.0
Female,31,under_55,GroupA,16400.0,13.5,3.9,395.0,0.2014,2,5100.0,16,urban,fulltime,1,0,0,406.0
Female,71,55_plus,GroupA,13600.0,13.8,45.0,599.0,0.0755,0,5300.0,2,rural,fulltime,1,0,1,556.0
Female,19,under_55,GroupA,24500.0,13.6,0.0,523.0,0.3259,0,10400.0,3,urban,selfemployed,0,1,1,505.0
Female,42,under_55,GroupA,33800.0,11.8,19.9,689.0,0.1874,0,16700.0,2,suburban,parttime,0,1,1,668.0
Female,51,under_55,GroupA,12800.0,12.6,32.0,575.0,0.2186,0,9400.0,9,suburban,parttime,0,0,1,565.0
Male,31,under_55,GroupA,33900.0,13.8,9.7,593.0,0.2842,0,13800.0,4,suburban,selfemployed,1,1,1,611.0
Male,27,under_55,GroupB,26000.0,14.1,0.0,367.0,0.721,0,14900.0,1,urban,fulltime,0,0,0,373.0
Female,30,under_55,GroupC,17800.0,13.0,11.1,478.0,0.4572,1,8500.0,16,suburban,fulltime,0,1,1,443.0
Female,28,under_55,GroupB,17500.0,10.5,5.4,300.0,0.4869,0,4800.0,10,suburban,fulltime,0,0,0,425.0
Male,29,under_55,GroupA,30400.0,13.4,14.4,645.0,0.2515,0,22800.0,0,suburban,fulltime,0,1,1,648.0
Female,40,under_55,GroupA,24000.0,12.8,23.0,502.0,0.1798,2,6700.0,9,suburban,fulltime,0,0,1,559.0
Male,28,under_55,GroupC,23800.0,16.1,5.8,490.0,0.2533,1,40800.0,2,rural,fulltime,0,0,0,499.0
Male,21,under_55,GroupB,31100.0,15.4,7.3,602.0,0.0724,0,13300.0,1,urban,fulltime,0,1,1,665.0
Male,48,under_55,GroupA,35000.0,13.4,28.8,548.0,0.6615,0,16300.0,2,suburban,fulltime,0,0,0,534.0
Male,47,under_55,GroupA,24300.0,15.4,27.3,587.0,0.1635,1,31300.0,3,urban,parttime,0,0,0,583.0
Male,44,under_55,GroupA,27400.0,17.7,19.1,384.0,0.6832,2,16100.0,2,urban,fulltime,0,0,0,401.0
Male,35,under_55,GroupB,51600.0,11.2,15.2,718.0,0.1145,0,28600.0,0,urban,fulltime,0,1,1,733.0
Male,54,under_55,GroupA,28200.0,14.0,39.2,445.0,0.4097,2,14000.0,2,rural,fulltime,0,0,0,449.0
Male,42,under_55,GroupA,17400.0,13.2,23.5,439.0,0.4418,1,15100.0,1,urban,fulltime,0,0,0,446.0
Female,42,under_55,GroupC,55800.0,17.9,20.5,609.0,0.384,0,18600.0,1,rural,fulltime,0,0,1,659.0
Male,18,under_55,GroupA,40200.0,18.2,0.0,618.0,0.1448,0,30700.0,4,suburban,selfemployed,0,1,1,602.0
Male,32,under_55,GroupA,18300.0,10.6,15.1,410.0,0.5481,1,9000.0,11,suburban,fulltime,1,0,0,410.0
Female,47,under_55,GroupC,22400.0,9.7,30.0,499.0,0.5008,0,8200.0,2,urban,parttime,0,0,0,508.0
Male,18,under_55,GroupA,20800.0,13.2,0.0,363.0,0.3277,1,11000.0,3,suburban,fulltime,0,0,0,392.0
Male,55,55_plus,GroupA,21100.0,12.4,35.9,494.0,0.5583,0,15700.0,2,suburban,parttime,0,0,0,498.0
Male,39,under_55,GroupB,39500.0,16.9,18.3,772.0,0.1966,0,21600.0,3,urban,fulltime,0,1,1,685.0
Female,28,under_55,GroupB,58600.0,14.1,9.1,774.0,0.2097,0,27300.0,10,suburban,parttime,0,1,1,722.0
Male,50,under_55,GroupA,27500.0,14.6,26.3,596.0,0.1971,1,17400.0,1,suburban,fulltime,0,1,1,591.0
Male,31,under_55,GroupB,32400.0,12.8,13.9,654.0,0.3783,0,10800.0,2,suburban,fulltime,1,1,1,595.0
Female,27,under_55,GroupB,15100.0,13.3,7.1,347.0,0.5043,1,10600.0,14,suburban,parttime,0,0,0,424.0
Female,45,under_55,GroupA,36800.0,14.4,21.6,503.0,0.6582,0,27100.0,9,rural,fulltime,0,0,0,539.0
Male,52,under_55,GroupA,18200.0,13.5,35.2,476.0,0.3446,1,11800.0,0,suburban,fulltime,0,1,1,473.0
Male,59,55_plus,GroupC,27900.0,11.1,43.3,634.0,0.0954,0,10900.0,1,urban,fulltime,0,1,1,674.0
Female,54,under_55,GroupA,26900.0,12.3,32.7,667.0,0.2809,0,16200.0,13,suburban,selfemployed,0,0,0,634.0
Female,65,55_plus,GroupA,17800.0,13.1,42.6,460.0,0.4163,2,8000.0,1,suburban,fulltime,0,1,1,434.0
Male,23,under_55,GroupA,47800.0,14.3,4.4,595.0,0.3914,0,14000.0,1,suburban,fulltime,1,1,1,599.0
Male,42,under_55,GroupB,40200.0,15.2,25.3,526.0,0.6991,0,40000.0,1,urban,fulltime,0,0,0,523.0
Female,42,under_55,GroupB,33100.0,14.2,19.9,579.0,0.1057,1,19800.0,12,urban,parttime,0,0,1,674.0
Female,18,under_55,GroupA,13100.0,11.4,2.4,475.0,0.0964,0,9200.0,9,suburban,selfemployed,0,0,0,509.0
Male,44,under_55,GroupC,24700.0,11.9,27.8,548.0,0.3232,1,12900.0,3,suburban,fulltime,0,0,0,570.0
Male,43,under_55,GroupA,51400.0,12.7,31.5,636.0,0.4109,0,20800.0,0,suburban,selfemployed,0,1,1,639.0
Female,62,55_plus,GroupA,43200.0,13.8,39.9,739.0,0.0636,0,27600.0,17,suburban,fulltime,0,1,1,771.0
Female,34,under_55,GroupB,38600.0,15.5,15.2,677.0,0.4486,0,19300.0,15,urban,fulltime,0,1,1,570.0
Male,38,under_55,GroupA,28500.0,15.4,14.7,533.0,0.2005,2,23300.0,3,rural,fulltime,0,0,0,535.0
Female,60,55_plus,GroupB,25700.0,15.6,43.4,738.0,0.1093,0,12800.0,14,urban,fulltime,0,1,1,674.0
Male,32,under_55,GroupA,28800.0,13.8,15.3,452.0,0.6964,1,15900.0,1,urban,selfemployed,0,0,0,453.0
Female,56,55_plus,GroupA,39500.0,13.1,36.3,646.0,0.362,0,12400.0,14,suburban,fulltime,1,1,1,633.0
Male,55,55_plus,GroupA,49400.0,20.8,28.9,695.0,0.0908,0,40700.0,2,suburban,selfemployed,0,1,1,705.0
Male,51,under_55,GroupA,11700.0,8.4,35.3,393.0,0.5855,0,5000.0,1,rural,selfemployed,0,0,0,414.0
Male,35,under_55,GroupC,23200.0,9.5,15.0,526.0,0.4928,0,7100.0,2,suburban,fulltime,0,0,0,497.0
Male,68,55_plus,GroupB,47800.0,16.9,45.0,722.0,0.2988,0,23300.0,9,urban,fulltime,0,0,1,684.0
Female,56,55_plus,GroupA,21400.0,13.2,29.9,423.0,0.516,1,23700.0,19,suburban,fulltime,0,0,0,445.0
Male,59,55_plus,GroupA,32300.0,17.6,31.6,518.0,0.5927,0,13400.0,1,urban,fulltime,0,1,1,524.0
Female,40,under_55,GroupA,28800.0,14.2,24.6,646.0,0.253,0,19200.0,18,suburban,parttime,0,0,1,628.0
Female,51,under_55,GroupA,25100.0,10.5,35.0,503.0,0.2802,1,12300.0,16,suburban,selfemployed,1,0,0,511.0
Female,47,under_55,GroupA,24800.0,11.8,36.0,505.0,0.2715,0,11200.0,13,rural,parttime,1,1,1,556.0
Female,26,under_55,GroupA,27000.0,11.9,3.1,562.0,0.1288,0,22000.0,6,urban,fulltime,1,0,0,588.0
Male,28,under_55,GroupA,49600.0,13.7,14.6,672.0,0.4229,0,20200.0,1,suburban,fulltime,0,1,1,660.0
Female,40,under_55,GroupB,30300.0,15.0,16.2,563.0,0.6226,0,21900.0,10,suburban,fulltime,0,0,0,529.0
Female,35,under_55,GroupA,22600.0,10.8,16.5,531.0,0.5536,1,14300.0,12,rural,fulltime,0,0,0,502.0
Male,47,under_55,GroupA,32400.0,9.5,29.7,456.0,0.4593,2,15900.0,0,rural,fulltime,0,1,1,465.0
Male,21,under_55,GroupA,27400.0,16.6,0.0,557.0,0.1614,0,10000.0,2,suburban,selfemployed,1,0,0,541.0
Male,23,under_55,GroupA,25300.0,19.0,0.0,487.0,0.1743,1,15800.0,0,urban,fulltime,0,0,0,459.0
Female,56,55_plus,GroupA,23000.0,14.5,36.0,496.0,0.6507,1,14200.0,5,suburban,parttime,0,0,0,489.0
Male,42,under_55,GroupA,33000.0,13.1,24.5,613.0,0.4592,0,19600.0,2,suburban,fulltime,0,1,1,597.0
Male,67,55_plus,GroupB,22400.0,17.0,37.5,537.0,0.3666,1,8900.0,1,urban,fulltime,1,1,1,537.0
Male,36,under_55,GroupA,65200.0,14.6,16.7,740.0,0.2622,0,43500.0,3,suburban,fulltime,0,1,1,738.0
Female,32,under_55,GroupA,23500.0,17.7,11.5,694.0,0.1262,0,11400.0,12,suburban,fulltime,0,0,0,654.0
Female,47,under_55,GroupA,41200.0,17.0,24.0,573.0,0.516,1,44100.0,10,suburban,selfemployed,1,1,1,518.0
Female,51,under_55,GroupB,28100.0,9.6,37.7,629.0,0.093,0,29400.0,13,suburban,parttime,1,0,0,710.0
Female,43,under_55,GroupA,25700.0,16.0,28.0,526.0,0.3557,1,7600.0,2,suburban,parttime,0,1,1,522.0
Female,51,under_55,GroupA,30300.0,14.1,31.2,433.0,0.3616,3,11600.0,14,urban,fulltime,1,1,1,427.0
Male,47,under_55,GroupA,50500.0,14.9,28.5,570.0,0.5158,1,20300.0,1,urban,fulltime,0,1,1,566.0
Male,54,under_55,GroupA,34600.0,10.6,36.1,530.0,0.3347,1,17600.0,2,suburban,fulltime,0,1,1,526.0
Male,18,under_55,GroupB,25400.0,11.2,0.4,616.0,0.1423,0,29400.0,0,rural,fulltime,0,1,1,572.0
Female,42,under_55,GroupB,26700.0,14.1,29.0,549.0,0.6329,0,45500.0,12,urban,selfemployed,0,1,1,491.0
Female,45,under_55,GroupA,22100.0,12.4,22.6,725.0,0.0789,0,14300.0,0,suburban,parttime,0,1,1,671.0
Male,29,under_55,GroupA,26800.0,15.0,11.4,491.0,0.3403,2,6700.0,0,rural,fulltime,0,1,1,492.0
Female,66,55_plus,GroupA,10800.0,13.2,45.0,362.0,0.2626,2,6900.0,3,rural,parttime,0,0,0,391.0
Male,39,under_55,GroupB,33700.0,12.0,22.3,483.0,0.5589,0,22600.0,4,suburban,fulltime,0,0,0,529.0
Female,41,under_55,GroupC,37400.0,15.5,21.0,543.0,0.3685,2,12300.0,14,urban,fulltime,0,0,0,490.0
Female,37,under_55,GroupA,24300.0,14.7,17.1,611.0,0.2068,1,10600.0,1,urban,fulltime,0,0,1,573.0
Female,33,under_55,GroupA,13000.0,12.4,14.7,310.0,0.4482,3,5500.0,4,suburban,fulltime,0,0,0,300.0
Female,34,under_55,GroupC,25900.0,16.6,8.2,536.0,0.2423,0,8300.0,16,urban,fulltime,0,1,1,620.0
Male,62,55_plus,GroupB,25200.0,16.4,39.5,415.0,0.5806,1,4700.0,1,urban,fulltime,0,0,0,448.0
Male,49,under_55,GroupB,14400.0,14.0,20.8,581.0,0.1042,0,3300.0,1,urban,fulltime,0,0,1,608.0
Female,53,under_55,GroupA,19400.0,14.3,30.5,353.0,0.6091,2,27900.0,13,suburban,parttime,0,0,0,353.0
Male,47,under_55,GroupA,35800.0,13.0,27.3,623.0,0.1111,0,20500.0,0,suburban,parttime,0,1,1,633.0
Female,40,under_55,GroupC,34600.0,15.0,20.3,766.0,0.1127,0,19500.0,13,urban,parttime,0,1,1,699.0
Male,76,55_plus,GroupB,31900.0,15.7,45.0,507.0,0.2058,2,36400.0,1,urban,fulltime,0,0,0,570.0
Male,36,under_55,GroupA,51500.0,17.5,13.1,465.0,0.7305,1,23000.0,3,urban,fulltime,0,0,0,467.0
Male,47,under_55,GroupA,31400.0,9.6,26.8,392.0,0.6272,2,16200.0,3,suburban,fulltime,1,0,0,399.0
Male,46,under_55,GroupA,52700.0,11.6,29.0,541.0,0.5562,1,29800.0,3,urban,parttime,0,0,0,550.0
Male,28,under_55,GroupA,28600.0,16.6,3.6,502.0,0.3879,1,26600.0,16,suburban,fulltime,0,0,0,507.0
Male,65,55_plus,GroupA,22800.0,17.2,42.9,543.0,0.3911,0,20600.0,1,urban,fulltime,0,0,0,540.0
Female,40,under_55,GroupA,31000.0,13.5,22.2,607.0,0.344,0,16500.0,2,urban,fulltime,0,0,1,619.0
Female,26,under_55,GroupA,21000.0,16.6,4.5,400.0,0.3846,2,14200.0,7,urban,parttime,1,0,0,377.0
Female,30,under_55,GroupA,17000.0,13.1,13.7,493.0,0.3168,1,10800.0,0,suburban,fulltime,0,1,1,506.0
Male,41,under_55,GroupA,53900.0,12.6,24.8,627.0,0.4486,0,33400.0,0,suburban,selfemployed,1,1,1,629.0
Male,51,under_55,GroupA,26900.0,17.0,29.9,494.0,0.2619,3,8600.0,1,suburban,fulltime,0,1,1,494.0
Male,50,under_55,GroupA,38200.0,9.3,36.6,707.0,0.1424,0,23000.0,4,urban,fulltime,0,1,1,698.0
Male,45,under_55,GroupA,19300.0,11.7,25.9,523.0,0.3467,1,11600.0,4,urban,fulltime,0,0,0,526.0
Male,22,under_55,GroupB,21900.0,11.8,2.7,407.0,0.6367,0,12000.0,0,suburban,fulltime,1,0,0,431.0
Male,54,under_55,GroupC,40800.0,14.4,31.6,627.0,0.136,0,27900.0,0,suburban,fulltime,1,1,1,671.0
Female,55,55_plus,GroupA,33600.0,8.0,41.9,544.0,0.4474,1,10400.0,16,suburban,fulltime,0,0,0,518.0
Female,72,55_plus,GroupA,17100.0,14.2,45.0,605.0,0.2255,0,10200.0,3,suburban,parttime,0,0,0,602.0
Male,32,under_55,GroupA,48600.0,15.5,9.9,599.0,0.5123,0,21900.0,5,urban,fulltime,0,1,1,607.0
Female,37,under_55,GroupA,18800.0,9.2,16.8,414.0,0.5885,0,14800.0,1,suburban,fulltime,0,0,0,448.0
Female,63,55_plus,GroupA,17000.0,13.0,44.9,459.0,0.3425,2,19400.0,15,suburban,fulltime,0,0,0,425.0
Male,53,under_55,GroupA,38200.0,12.6,39.2,522.0,0.7647,0,6800.0,3,rural,fulltime,0,1,1,524.0
Female,53,under_55,GroupB,32400.0,12.6,33.0,650.0,0.6114,0,19900.0,7,urban,fulltime,0,0,1,514.0
Female,37,under_55,GroupA,38100.0,18.1,12.4,687.0,0.0963,0,38000.0,10,suburban,fulltime,0,0,1,696.0
Female,47,under_55,GroupA,12400.0,13.5,23.0,584.0,0.2374,1,2600.0,20,suburban,parttime,0,0,1,543.0
Male,24,under_55,GroupA,40600.0,12.7,4.1,539.0,0.3404,1,23600.0,3,urban,fulltime,0,1,1,545.0
Female,39,under_55,GroupA,21800.0,12.5,24.7,362.0,0.5362,2,7700.0,16,suburban,fulltime,0,0,0,377.0
Female,55,55_plus,GroupC,17900.0,13.8,43.8,536.0,0.3278,1,17200.0,13,urban,fulltime,0,0,0,525.0
Female,56,55_plus,GroupB,41400.0,19.3,31.0,730.0,0.1551,0,24800.0,9,suburban,fulltime,0,0,1,732.0
Male,38,under_55,GroupB,41900.0,14.0,12.8,632.0,0.2055,1,15400.0,1,urban,fulltime,0,1,1,618.0
Male,53,under_55,GroupA,31700.0,16.7,29.5,574.0,0.26,1,9400.0,11,urban,selfemployed,0,1,1,564.0
Female,31,under_55,GroupB,16300.0,9.2,12.3,365.0,0.5789,1,10600.0,2,urban,parttime,1,0,0,380.0
Male,41,under_55,GroupA,24200.0,14.6,16.7,680.0,0.1732,0,16200.0,1,urban,selfemployed,0,1,1,680.0
Male,53,under_55,GroupA,67200.0,17.0,25.5,639.0,0.5902,0,42300.0,0,suburban,fulltime,0,1,1,632.0
Male,34,under_55,GroupA,20400.0,13.4,16.1,527.0,0.4866,0,11600.0,1,suburban,fulltime,0,1,1,522.0
Female,33,under_55,GroupB,11900.0,12.4,15.8,309.0,0.5474,2,6200.0,10,urban,parttime,0,0,0,350.0
Male,42,under_55,GroupB,27600.0,17.9,19.9,314.0,0.692,3,10000.0,2,urban,fulltime,0,0,0,302.0
Male,35,under_55,GroupB,24100.0,12.1,19.7,533.0,0.4238,0,7700.0,0,rural,parttime,0,1,1,548.0
Male,32,under_55,GroupA,48600.0,12.5,17.0,625.0,0.6462,0,32400.0,1,urban,fulltime,0,1,1,628.0
Male,34,under_55,GroupA,34100.0,18.8,5.1,495.0,0.6586,0,26700.0,1,urban,fulltime,0,0,0,485.0
Male,53,under_55,GroupA,35300.0,15.8,29.6,620.0,0.1952,1,24200.0,2,suburban,fulltime,0,1,1,632.0
Male,42,under_55,GroupA,31300.0,13.0,19.9,580.0,0.3961,1,16900.0,3,rural,fulltime,0,1,1,576.0
Male,19,under_55,GroupA,27600.0,16.3,0.7,475.0,0.3718,1,21700.0,2,suburban,fulltime,0,0,0,469.0
Male,40,under_55,GroupA,33100.0,11.8,21.1,713.0,0.1746,0,12500.0,0,urban,fulltime,0,1,1,710.0
Female,39,under_55,GroupB,41800.0,18.0,14.6,687.0,0.2924,0,12000.0,10,suburban,fulltime,0,0,1,646.0
Male,48,under_55,GroupA,32300.0,11.5,33.0,394.0,0.636,2,29000.0,1,suburban,fulltime,1,0,0,390.0
Male,63,55_plus,GroupC,21100.0,13.4,44.3,300.0,0.95,2,19100.0,4,urban,fulltime,1,0,0,300.0
Male,45,under_55,GroupA,62800.0,15.0,24.4,627.0,0.5629,0,51300.0,2,rural,fulltime,0,1,1,609.0
Male,52,under_55,GroupB,38300.0,11.2,32.9,592.0,0.508,0,14600.0,1,rural,fulltime,0,1,1,599.0
Male,61,55_plus,GroupA,24400.0,14.3,35.5,664.0,0.1737,0,12000.0,2,rural,fulltime,0,1,1,657.0
Male,56,55_plus,GroupC,32500.0,14.2,37.7,377.0,0.5685,2,9600.0,0,urban,fulltime,0,0,0,416.0
Female,59,55_plus,GroupA,17900.0,14.4,36.1,625.0,0.1942,0,10200.0,15,rural,fulltime,1,1,1,598.0
Female,62,55_plus,GroupA,21300.0,12.4,42.7,383.0,0.5218,1,10000.0,11,suburban,fulltime,1,0,0,423.0
Female,52,under_55,GroupA,32700.0,15.9,30.0,552.0,0.405,0,21900.0,12,suburban,selfemployed,0,0,1,588.0
Male,54,under_55,GroupB,31500.0,15.3,31.7,423.0,0.5788,1,16400.0,2,rural,fulltime,1,0,0,463.0
Male,49,under_55,GroupA,42400.0,16.5,18.0,513.0,0.4818,2,19900.0,2,suburban,fulltime,0,0,0,496.0
Male,26,under_55,GroupA,17900.0,14.5,4.7,486.0,0.2496,0,9700.0,17,rural,fulltime,1,0,0,486.0
Male,26,under_55,GroupA,23300.0,14.8,2.7,463.0,0.476,0,23100.0,1,rural,fulltime,0,0,0,444.0
Male,48,under_55,GroupA,28400.0,14.2,24.0,644.0,0.1988,0,36400.0,0,urban,fulltime,0,1,1,648.0
Female,56,55_plus,GroupA,53000.0,15.2,27.3,543.0,0.5257,0,27300.0,11,suburban,fulltime,0,0,0,614.0
Female,59,55_plus,GroupB,47500.0,18.4,35.2,701.0,0.0614,0,45200.0,11,urban,fulltime,0,1,1,747.0
Male,57,55_plus,GroupB,27200.0,14.1,36.2,437.0,0.5027,1,15100.0,2,urban,parttime,0,0,0,490.0
Male,30,under_55,GroupC,23600.0,9.4,11.4,542.0,0.2566,1,10600.0,0,urban,selfemployed,0,1,1,561.0
Female,46,under_55,GroupC,20900.0,13.1,28.4,664.0,0.0728,1,13000.0,13,urban,fulltime,0,0,0,617.0
Male,36,under_55,GroupB,32800.0,17.9,9.1,613.0,0.3777,0,21400.0,2,suburban,fulltime,1,0,0,582.0
Female,56,55_plus,GroupA,28600.0,9.1,42.5,601.0,0.2565,0,34200.0,17,urban,fulltime,0,1,1,635.0
Male,40,under_55,GroupB,24300.0,15.2,21.6,486.0,0.3393,0,12500.0,2,urban,fulltime,0,1,1,535.0
Male,38,under_55,GroupB,34600.0,13.5,17.2,575.0,0.3546,0,14300.0,16,urban,fulltime,0,1,1,592.0
Female,30,under_55,GroupA,27600.0,14.1,8.9,300.0,0.8501,2,30400.0,0,urban,fulltime,0,0,0,300.0
Male,55,55_plus,GroupA,23200.0,13.4,32.3,415.0,0.395,1,8400.0,3,urban,selfemployed,0,0,0,422.0
Female,62,55_plus,GroupA,23000.0,13.5,40.4,483.0,0.4167,1,12800.0,17,suburban,parttime,1,0,0,493.0
Male,30,under_55,GroupA,36900.0,14.8,3.8,587.0,0.1207,1,11500.0,5,suburban,fulltime,0,1,1,602.0
Male,52,under_55,GroupA,23300.0,12.1,35.2,580.0,0.3503,0,10500.0,13,rural,fulltime,0,0,0,583.0
Female,55,55_plus,GroupB,21900.0,12.8,38.4,589.0,0.371,0,15900.0,16,urban,fulltime,0,1,1,595.0
Male,49,under_55,GroupA,28200.0,17.3,26.8,716.0,0.0784,0,16500.0,1,suburban,parttime,1,1,1,734.0
Female,54,under_55,GroupA,28300.0,12.8,37.4,619.0,0.387,0,19700.0,1,suburban,parttime,0,0,0,576.0
Female,41,under_55,GroupC,20000.0,15.1,19.0,412.0,0.4505,1,15500.0,9,urban,fulltime,0,0,0,454.0
Male,47,under_55,GroupA,35300.0,16.0,29.1,687.0,0.2835,0,21100.0,3,urban,fulltime,0,1,1,697.0
Male,49,under_55,GroupB,32300.0,14.3,28.5,530.0,0.4785,0,10800.0,1,urban,parttime,0,0,0,558.0
Male,50,under_55,GroupA,27500.0,11.5,38.6,667.0,0.1789,0,23400.0,1,suburban,fulltime,1,1,1,667.0
Male,33,under_55,GroupA,26700.0,10.1,16.7,562.0,0.4677,0,24200.0,1,suburban,fulltime,0,0,0,551.0
Male,48,under_55,GroupA,52200.0,17.9,20.4,647.0,0.2559,1,18900.0,1,suburban,selfemployed,1,1,1,651.0
Female,44,under_55,GroupA,27800.0,13.3,19.5,473.0,0.4319,2,10400.0,2,suburban,parttime,1,0,0,451.0
Male,41,under_55,GroupB,36900.0,13.9,15.9,645.0,0.1888,1,67300.0,0,urban,fulltime,0,0,0,663.0
Male,49,under_55,GroupA,21000.0,9.3,35.4,387.0,0.4179,3,23200.0,0,urban,fulltime,0,0,0,392.0
Male,41,under_55,GroupB,46600.0,14.1,16.8,721.0,0.2775,0,40900.0,1,rural,fulltime,0,1,1,684.0
Male,43,under_55,GroupA,50800.0,17.4,18.5,633.0,0.5301,0,37900.0,2,suburban,selfemployed,0,1,1,640.0
Male,67,55_plus,GroupA,51800.0,19.9,35.4,771.0,0.0708,0,42100.0,3,suburban,fulltime,1,1,1,784.0
Male,49,under_55,GroupB,28200.0,14.8,22.8,642.0,0.2013,1,12500.0,0,rural,parttime,0,0,0,599.0
Female,32,under_55,GroupA,22000.0,13.5,9.9,676.0,0.2851,0,11900.0,11,suburban,parttime,0,0,1,612.0
Male,36,under_55,GroupC,13700.0,12.6,21.3,448.0,0.4624,1,6200.0,2,urban,selfemployed,0,0,0,412.0
Female,28,under_55,GroupA,27500.0,11.4,7.5,510.0,0.3342,2,17700.0,8,urban,parttime,0,0,0,532.0
Female,50,under_55,GroupB,12300.0,10.3,35.3,304.0,0.7168,0,4500.0,19,suburban,selfemployed,0,0,0,421.0
Male,34,under_55,GroupA,36700.0,15.7,13.8,784.0,0.049,0,36100.0,2,urban,fulltime,0,1,1,767.0
Male,35,under_55,GroupB,21300.0,11.5,17.8,421.0,0.4004,3,9100.0,13,suburban,fulltime,0,1,1,408.0
Female,57,55_plus,GroupA,31500.0,15.5,38.1,628.0,0.2102,1,12400.0,15,suburban,parttime,1,1,1,572.0
Male,40,under_55,GroupA,31200.0,16.5,19.2,585.0,0.4,0,28700.0,22,rural,fulltime,0,1,1,607.0
Female,43,under_55,GroupA,37000.0,16.7,21.0,488.0,0.5404,0,9600.0,10,rural,fulltime,0,1,1,524.0
Male,41,under_55,GroupB,21900.0,16.0,19.8,600.0,0.1588,0,8200.0,0,urban,fulltime,0,1,1,667.0
Male,48,under_55,GroupA,27000.0,10.9,31.7,700.0,0.0947,0,13400.0,0,urban,fulltime,0,1,1,679.0
Male,50,under_55,GroupA,64100.0,19.3,28.3,665.0,0.4866,0,40300.0,1,urban,fulltime,1,1,1,686.0
Male,24,under_55,GroupA,29500.0,15.5,2.5,383.0,0.7275,0,21200.0,1,urban,fulltime,1,0,0,401.0
Female,19,under_55,GroupA,22700.0,13.0,0.0,373.0,0.4397,0,11100.0,0,suburban,fulltime,0,0,0,433.0
Male,48,under_55,GroupB,19400.0,13.2,28.1,510.0,0.4589,0,19300.0,1,suburban,selfemployed,0,1,1,519.0
Male,33,under_55,GroupA,30200.0,12.0,17.0,666.0,0.1136,0,21000.0,4,suburban,fulltime,0,1,1,665.0
Male,22,under_55,GroupA,32500.0,13.3,5.8,487.0,0.5777,0,13400.0,1,rural,fulltime,0,1,1,497.0
Female,33,under_55,GroupA,18700.0,19.2,12.3,536.0,0.444,0,15100.0,2,urban,parttime,1,0,0,517.0
Female,42,under_55,GroupA,23300.0,13.7,20.0,508.0,0.314,2,10400.0,7,suburban,fulltime,0,1,1,489.0
Male,46,under_55,GroupA,31300.0,14.7,27.7,551.0,0.2991,1,20800.0,1,rural,fulltime,0,1,1,547.0
Male,72,55_plus,GroupC,36900.0,14.3,45.0,442.0,0.6258,1,21200.0,1,urban,fulltime,0,0,0,470.0
Male,22,under_55,GroupA,17700.0,11.6,0.2,327.0,0.6948,0,6800.0,1,suburban,selfemployed,0,0,0,307.0
Male,49,under_55,GroupA,35400.0,15.0,27.5,537.0,0.6802,0,31900.0,2,suburban,fulltime,0,1,1,542.0
Female,44,under_55,GroupC,19900.0,11.8,28.6,403.0,0.4175,1,12300.0,2,urban,fulltime,0,0,0,459.0
Male,45,under_55,GroupA,37000.0,11.4,25.1,585.0,0.2713,1,15300.0,11,suburban,fulltime,1,1,1,591.0
Female,47,under_55,GroupC,34300.0,17.8,24.7,789.0,0.2771,0,23500.0,17,suburban,selfemployed,0,1,1,672.0
Female,36,under_55,GroupA,28300.0,11.4,23.2,649.0,0.2696,0,12000.0,12,urban,fulltime,0,0,0,664.0
Male,32,under_55,GroupB,32500.0,12.0,15.7,407.0,0.5603,2,10200.0,3,urban,fulltime,0,0,0,448.0
Male,41,under_55,GroupB,60100.0,12.4,23.7,520.0,0.7035,0,41000.0,0,suburban,fulltime,0,0,1,538.0
Male,39,under_55,GroupC,41700.0,18.9,13.0,670.0,0.4559,0,30400.0,3,rural,selfemployed,0,1,1,640.0
Female,47,under_55,GroupA,30800.0,17.3,25.7,555.0,0.6582,0,25200.0,11,suburban,selfemployed,0,1,1,550.0
Male,57,55_plus,GroupC,49400.0,19.4,36.0,562.0,0.5698,0,55000.0,1,urban,selfemployed,0,0,0,578.0
Male,27,under_55,GroupB,41200.0,13.6,3.9,452.0,0.5378,1,11700.0,0,rural,fulltime,0,0,0,451.0
Female,65,55_plus,GroupA,11500.0,10.2,45.0,593.0,0.2261,0,11900.0,17,suburban,fulltime,1,0,0,575.0
Male,29,under_55,GroupA,25500.0,16.1,6.2,545.0,0.3558,0,9200.0,2,suburban,fulltime,0,1,1,548.0
Male,55,55_plus,GroupB,22700.0,13.3,30.0,480.0,0.4728,0,13400.0,1,suburban,selfemployed,0,0,0,488.0
Male,48,under_55,GroupB,26900.0,15.4,29.3,569.0,0.3779,0,21600.0,4,urban,fulltime,0,1,1,602.0
Male,49,under_55,GroupA,46600.0,17.5,26.2,569.0,0.1474,2,22400.0,11,suburban,fulltime,1,1,1,582.0
Female,35,under_55,GroupB,19400.0,11.0,25.5,438.0,0.3504,1,8000.0,12,suburban,parttime,0,0,0,435.0
Female,44,under_55,GroupB,32600.0,14.0,27.1,618.0,0.2774,2,20200.0,22,suburban,fulltime,1,0,1,565.0
Male,26,under_55,GroupA,31600.0,13.8,3.9,602.0,0.2939,0,22700.0,0,urban,fulltime,0,0,0,606.0
Male,55,55_plus,GroupB,32900.0,13.4,39.1,489.0,0.6826,1,27600.0,2,urban,parttime,0,0,0,446.0
Female,44,under_55,GroupA,35500.0,15.2,19.4,676.0,0.0648,1,19300.0,1,rural,fulltime,1,1,1,643.0
Male,36,under_55,GroupA,32800.0,10.8,23.2,402.0,0.4568,3,41900.0,1,rural,fulltime,0,0,0,393.0
Male,18,under_55,GroupB,15900.0,13.6,0.0,452.0,0.1406,1,18400.0,0,urban,fulltime,0,0,0,446.0
Female,40,under_55,GroupA,32000.0,14.7,21.3,636.0,0.4383,0,19500.0,3,rural,parttime,1,1,1,595.0
Male,37,under_55,GroupA,42300.0,17.3,7.0,662.0,0.191,0,11400.0,2,suburban,fulltime,0,1,1,673.0
Male,47,under_55,GroupB,15000.0,13.7,21.5,429.0,0.6304,1,7500.0,1,urban,selfemployed,0,0,0,390.0
Female,31,under_55,GroupA,27500.0,12.9,15.2,507.0,0.5834,0,32900.0,10,suburban,parttime,0,1,1,545.0
Male,38,under_55,GroupA,57300.0,16.0,16.0,593.0,0.5992,0,49800.0,2,urban,fulltime,0,1,1,589.0
Male,44,under_55,GroupC,23100.0,12.9,21.2,434.0,0.5054,2,13600.0,0,rural,fulltime,0,0,0,436.0
Male,27,under_55,GroupA,19200.0,13.4,0.0,464.0,0.2767,0,10700.0,1,suburban,parttime,0,0,0,451.0
Male,50,under_55,GroupA,26500.0,15.2,24.3,515.0,0.5896,0,9500.0,19,suburban,parttime,0,0,0,525.0
Male,45,under_55,GroupA,58300.0,16.7,24.9,770.0,0.0389,0,21700.0,2,suburban,fulltime,0,1,1,766.0
Male,29,under_55,GroupB,28600.0,14.7,14.3,682.0,0.0935,0,18800.0,3,urban,fulltime,0,0,1,679.0
Female,30,under_55,GroupA,47900.0,13.4,5.7,516.0,0.6216,0,28000.0,12,suburban,fulltime,0,0,0,528.0
Female,25,under_55,GroupA,22100.0,13.8,6.5,363.0,0.5868,1,12900.0,19,rural,selfemployed,1,0,0,386.0
Female,40,under_55,GroupA,57400.0,17.5,11.0,748.0,0.2659,0,32900.0,2,suburban,parttime,1,1,1,736.0
Female,18,under_55,GroupA,21100.0,8.1,1.9,473.0,0.3277,0,12800.0,14,suburban,fulltime,0,1,1,514.0
Female,31,under_55,GroupA,30500.0,11.2,8.5,705.0,0.162,0,31500.0,15,suburban,fulltime,0,1,1,675.0
Male,46,under_55,GroupA,49700.0,13.8,25.3,644.0,0.2795,0,42400.0,1,suburban,fulltime,0,1,1,654.0
Male,46,under_55,GroupA,31600.0,13.9,21.6,611.0,0.2677,0,30100.0,2,suburban,selfemployed,0,1,1,617.0
Female,45,under_55,GroupA,33700.0,12.1,30.5,652.0,0.2751,0,22500.0,0,suburban,selfemployed,1,1,1,615.0
Male,34,under_55,GroupB,16600.0,11.3,21.3,523.0,0.5205,0,12100.0,1,suburban,fulltime,0,1,1,512.0
Female,55,55_plus,GroupC,22500.0,14.1,35.6,529.0,0.3152,0,9500.0,15,suburban,fulltime,0,0,0,585.0
Male,39,under_55,GroupA,24000.0,8.4,23.0,568.0,0.2891,0,12800.0,3,urban,fulltime,0,1,1,595.0
Male,56,55_plus,GroupA,42900.0,15.5,36.2,599.0,0.6116,0,31100.0,2,urban,fulltime,0,0,0,586.0
Male,30,under_55,GroupC,31700.0,15.1,12.5,683.0,0.1994,0,27400.0,2,urban,fulltime,1,1,1,666.0
Female,46,under_55,GroupB,42200.0,15.5,32.2,564.0,0.4311,0,27000.0,4,urban,fulltime,0,1,1,597.0
Female,69,55_plus,GroupC,20700.0,11.8,45.0,572.0,0.2561,0,8700.0,2,urban,fulltime,0,1,1,601.0
Male,47,under_55,GroupA,40500.0,16.6,23.1,714.0,0.1139,0,11100.0,1,suburban,fulltime,1,1,1,717.0
Male,29,under_55,GroupB,18000.0,15.6,12.0,469.0,0.6091,0,10900.0,12,urban,fulltime,0,0,0,468.0
Male,46,under_55,GroupA,26800.0,11.7,25.6,619.0,0.3291,0,16600.0,0,suburban,fulltime,0,0,0,624.0
Male,50,under_55,GroupC,15700.0,14.2,30.7,606.0,0.5156,0,6500.0,1,urban,fulltime,0,0,0,522.0
Female,39,under_55,GroupA,30300.0,14.1,18.4,660.0,0.1117,0,26700.0,12,urban,selfemployed,0,0,1,678.0
Male,40,under_55,GroupA,42400.0,19.4,22.7,573.0,0.4032,1,43500.0,0,rural,parttime,0,1,1,570.0
Male,22,under_55,GroupB,35700.0,15.0,5.4,594.0,0.3232,1,18100.0,2,urban,fulltime,0,1,1,550.0
Male,30,under_55,GroupB,34300.0,11.8,9.1,592.0,0.3541,1,8600.0,1,urban,parttime,0,0,0,585.0
Male,38,under_55,GroupA,35600.0,12.9,13.1,694.0,0.0862,0,27800.0,4,suburban,fulltime,1,1,1,720.0
Male,18,under_55,GroupB,15800.0,10.2,0.0,482.0,0.1978,0,15400.0,1,urban,selfemployed,0,0,0,491.0
Female,24,under_55,GroupB,26700.0,10.7,14.5,547.0,0.3677,1,14700.0,9,suburban,selfemployed,0,1,1,544.0
Female,49,under_55,GroupA,28800.0,14.6,29.9,653.0,0.2392,1,12900.0,8,urban,fulltime,0,1,1,590.0
Male,47,under_55,GroupA,36900.0,16.2,25.4,661.0,0.335,0,12700.0,4,suburban,fulltime,0,1,1,657.0
Male,23,under_55,GroupA,28700.0,13.2,0.2,404.0,0.6612,0,14400.0,2,rural,fulltime,0,0,0,403.0
Male,47,under_55,GroupA,29000.0,11.2,31.3,435.0,0.6384,1,11500.0,2,urban,fulltime,0,0,0,427.0
Female,28,under_55,GroupC,19500.0,14.2,13.9,696.0,0.2866,0,9400.0,11,suburban,selfemployed,0,0,0,618.0
Female,35,under_55,GroupA,26800.0,15.8,15.4,583.0,0.2128,0,9200.0,15,urban,parttime,1,1,1,593.0
Female,24,under_55,GroupB,15300.0,13.4,0.1,373.0,0.3656,1,19700.0,12,urban,parttime,1,0,0,438.0
Male,68,55_plus,GroupB,23000.0,12.3,45.0,538.0,0.5729,0,5700.0,2,urban,selfemployed,0,0,0,503.0
Male,41,under_55,GroupC,60800.0,13.6,16.0,666.0,0.3518,0,47800.0,0,urban,fulltime,1,1,1,696.0
Male,55,55_plus,GroupC,27800.0,13.3,37.5,445.0,0.5664,1,9900.0,0,urban,selfemployed,0,0,0,461.0
Male,61,55_plus,GroupA,44800.0,18.1,34.1,649.0,0.3399,1,43800.0,1,urban,fulltime,0,1,1,631.0
Male,58,55_plus,GroupC,23200.0,15.0,38.7,470.0,0.5208,1,14000.0,1,urban,parttime,0,0,0,455.0
Female,63,55_plus,GroupB,20300.0,14.0,45.0,449.0,0.3353,1,11400.0,13,urban,fulltime,0,0,0,521.0
Male,46,under_55,GroupC,50100.0,16.8,24.9,779.0,0.0213,0,23000.0,4,urban,fulltime,0,1,1,772.0
Male,34,under_55,GroupC,39000.0,12.4,12.5,356.0,0.717,2,11700.0,5,urban,fulltime,0,0,0,366.0
Male,51,under_55,GroupA,46100.0,20.1,29.3,567.0,0.2796,1,39800.0,6,rural,fulltime,0,1,1,577.0
Male,59,55_plus,GroupA,11100.0,12.4,41.6,304.0,0.6473,2,8200.0,2,suburban,fulltime,0,0,0,300.0
Male,34,under_55,GroupC,18100.0,10.5,15.1,600.0,0.2175,0,7800.0,4,urban,parttime,1,1,1,580.0
Female,34,under_55,GroupB,13900.0,10.3,9.0,526.0,0.3155,1,5900.0,2,rural,parttime,1,0,0,477.0
Male,36,under_55,GroupB,39200.0,14.8,14.6,611.0,0.2351,0,40600.0,1,suburban,fulltime,0,1,1,653.0
Male,41,under_55,GroupB,27100.0,15.0,17.1,678.0,0.2183,0,13000.0,0,urban,fulltime,0,1,1,649.0
Male,41,under_55,GroupA,23600.0,12.5,23.3,580.0,0.3571,0,19600.0,1,rural,fulltime,0,0,0,562.0
Female,45,under_55,GroupB,22800.0,8.0,34.6,630.0,0.0919,1,17800.0,9,urban,fulltime,0,0,1,583.0
Male,49,under_55,GroupC,31300.0,12.9,34.2,493.0,0.2072,3,30800.0,0,urban,fulltime,0,0,0,497.0
Female,40,under_55,GroupB,13000.0,11.8,20.8,639.0,0.1241,0,7900.0,10,urban,fulltime,0,0,0,604.0
Male,25,under_55,GroupA,79700.0,12.7,12.3,764.0,0.1774,0,81500.0,14,suburban,fulltime,0,1,1,762.0
Female,31,under_55,GroupB,44900.0,16.7,7.0,512.0,0.6895,0,13600.0,2,suburban,parttime,1,1,1,509.0
Female,62,55_plus,GroupB,25900.0,14.3,43.4,651.0,0.1566,0,26900.0,13,urban,selfemployed,1,1,1,676.0
Male,37,under_55,GroupA,49400.0,17.8,13.8,710.0,0.1662,1,31200.0,11,suburban,fulltime,1,1,1,707.0
Male,62,55_plus,GroupB,17600.0,14.1,41.3,451.0,0.5793,1,12500.0,4,urban,fulltime,0,0,0,434.0
Female,45,under_55,GroupC,26500.0,9.6,27.0,487.0,0.2607,1,12100.0,13,urban,fulltime,0,0,1,516.0
Male,21,under_55,GroupA,30400.0,18.8,0.0,517.0,0.366,0,18900.0,1,urban,fulltime,0,0,0,503.0
Female,55,55_plus,GroupA,26700.0,11.8,36.6,446.0,0.7204,0,20700.0,0,rural,selfemployed,0,0,0,473.0
Male,49,under_55,GroupA,19600.0,13.4,27.9,580.0,0.2187,0,6900.0,2,suburban,fulltime,0,1,1,564.0
Female,42,under_55,GroupA,38100.0,12.2,24.1,391.0,0.6166,2,22500.0,1,urban,fulltime,0,0,0,440.0
Male,46,under_55,GroupB,37400.0,17.2,25.4,474.0,0.1683,2,7700.0,2,urban,fulltime,0,1,1,527.0
Male,28,under_55,GroupB,26900.0,14.5,7.4,534.0,0.2329,1,11700.0,1,rural,fulltime,0,1,1,498.0
Male,33,under_55,GroupA,40800.0,13.0,8.3,590.0,0.2868,0,12800.0,1,suburban,fulltime,0,1,1,590.0
Female,52,under_55,GroupB,14200.0,13.1,37.5,431.0,0.7227,0,16300.0,18,rural,fulltime,0,0,0,400.0
Male,36,under_55,GroupA,44800.0,17.9,13.6,676.0,0.242,0,51000.0,3,suburban,fulltime,0,1,1,678.0
Male,29,under_55,GroupA,52900.0,14.3,8.6,685.0,0.3777,0,25600.0,0,suburban,fulltime,0,1,1,663.0
Male,32,under_55,GroupA,35800.0,10.6,19.5,674.0,0.3226,0,28500.0,2,suburban,selfemployed,0,1,1,661.0
Female,64,55_plus,GroupA,19700.0,15.7,40.4,582.0,0.2272,0,12200.0,13,urban,fulltime,0,0,1,583.0
Female,48,under_55,GroupC,52900.0,15.2,29.8,429.0,0.95,0,12200.0,7,urban,fulltime,0,0,0,460.0
Female,43,under_55,GroupB,25800.0,15.4,16.8,629.0,0.1779,0,10600.0,13,urban,parttime,0,1,1,654.0
Male,67,55_plus,GroupA,37100.0,16.8,41.1,502.0,0.6693,1,35600.0,2,suburban,fulltime,0,0,0,497.0
Female,37,under_55,GroupB,49900.0,13.1,18.1,827.0,0.1046,0,15000.0,7,suburban,fulltime,0,1,1,779.0
Male,42,under_55,GroupB,24400.0,15.3,19.5,573.0,0.3314,0,13000.0,3,suburban,fulltime,1,1,1,574.0
Female,68,55_plus,GroupA,30400.0,11.9,45.0,661.0,0.1249,0,15500.0,2,suburban,selfemployed,0,1,1,666.0
Male,41,under_55,GroupB,46300.0,15.1,25.6,714.0,0.195,0,30100.0,1,urban,selfemployed,0,1,1,680.0
Female,41,under_55,GroupB,27500.0,13.9,17.6,635.0,0.1554,0,29500.0,14,suburban,parttime,0,0,0,645.0
Male,47,under_55,GroupC,34700.0,15.7,26.8,632.0,0.1241,1,14500.0,14,suburban,fulltime,0,1,1,643.0
Male,34,under_55,GroupB,19600.0,13.2,13.6,642.0,0.2102,0,14400.0,1,urban,fulltime,1,0,0,617.0
Female,26,under_55,GroupA,15300.0,13.3,3.1,514.0,0.3973,0,10400.0,7,urban,fulltime,0,0,0,486.0
Female,21,under_55,GroupB,22500.0,9.3,6.9,575.0,0.1334,2,19200.0,10,rural,parttime,1,0,0,501.0
Male,64,55_plus,GroupC,26500.0,13.1,42.2,454.0,0.4734,1,13300.0,2,urban,fulltime,1,0,0,487.0
Male,37,under_55,GroupA,22300.0,14.3,18.3,573.0,0.2601,0,17000.0,2,urban,fulltime,0,1,1,590.0
Male,47,under_55,GroupA,58000.0,15.6,23.2,599.0,0.3775,1,59800.0,2,suburban,fulltime,0,1,1,597.0
Male,51,under_55,GroupA,35800.0,17.4,30.3,583.0,0.4558,0,43600.0,1,suburban,fulltime,0,0,0,591.0
Female,37,under_55,GroupC,23700.0,12.6,22.5,518.0,0.2663,1,8700.0,13,urban,fulltime,0,0,0,544.0
Male,36,under_55,GroupA,42500.0,14.0,17.0,630.0,0.3834,0,18100.0,0,urban,selfemployed,0,1,1,620.0
Female,51,under_55,GroupA,29100.0,18.5,27.5,682.0,0.1979,0,19000.0,0,urban,fulltime,0,0,1,645.0
Male,62,55_plus,GroupC,20100.0,8.9,45.0,654.0,0.1279,0,8300.0,0,rural,selfemployed,0,0,1,645.0
Male,40,under_55,GroupB,19500.0,15.9,17.9,518.0,0.4766,0,6500.0,2,urban,fulltime,0,1,1,516.0
Male,20,under_55,GroupA,33200.0,14.2,0.0,444.0,0.4675,0,11300.0,1,suburban,fulltime,0,0,0,449.0
Female,44,under_55,GroupC,31800.0,14.1,23.3,641.0,0.3481,0,20000.0,12,urban,fulltime,1,0,0,612.0
Male,25,under_55,GroupB,35900.0,15.8,4.6,617.0,0.1118,0,47000.0,2,urban,parttime,0,1,1,637.0
Male,45,under_55,GroupA,19400.0,15.6,17.2,398.0,0.5504,2,6200.0,2,suburban,fulltime,0,0,0,397.0
Female,43,under_55,GroupB,21000.0,13.0,24.0,514.0,0.3374,0,20400.0,14,suburban,fulltime,0,0,1,540.0
Female,58,55_plus,GroupA,19000.0,12.8,37.1,627.0,0.0709,0,29100.0,12,suburban,selfemployed,0,1,1,656.0
Male,44,under_55,GroupC,35000.0,18.2,24.5,437.0,0.9049,0,10100.0,0,urban,selfemployed,0,0,0,427.0
Female,47,under_55,GroupB,21400.0,16.6,25.2,538.0,0.5952,1,15600.0,4,urban,fulltime,0,0,0,472.0
Male,57,55_plus,GroupA,39900.0,11.7,41.3,444.0,0.6058,2,28200.0,2,rural,fulltime,0,0,0,432.0
Female,34,under_55,GroupA,34200.0,17.2,10.5,543.0,0.3469,1,13600.0,13,rural,fulltime,0,1,1,547.0
Female,54,under_55,GroupA,30100.0,13.0,38.2,531.0,0.5059,1,10300.0,4,suburban,fulltime,0,0,1,496.0
Male,43,under_55,GroupB,58400.0,14.2,24.6,742.0,0.1275,0,28300.0,15,urban,fulltime,0,0,1,762.0
Male,42,under_55,GroupA,31300.0,12.3,25.8,532.0,0.4874,0,12900.0,1,rural,fulltime,0,0,0,528.0
Female,25,under_55,GroupA,23900.0,13.3,2.7,491.0,0.3072,1,16200.0,1,rural,selfemployed,1,0,0,487.0
Male,31,under_55,GroupA,38800.0,17.4,11.3,704.0,0.1535,0,13500.0,0,suburban,fulltime,0,1,1,692.0
Male,31,under_55,GroupA,24300.0,12.7,9.0,532.0,0.2876,1,11000.0,2,rural,parttime,0,1,1,522.0
Male,42,under_55,GroupA,34100.0,12.6,21.2,572.0,0.3586,0,59600.0,2,suburban,selfemployed,0,0,0,579.0
Female,61,55_plus,GroupA,31500.0,13.5,45.0,448.0,0.5136,2,19800.0,1,suburban,fulltime,0,0,0,445.0
Male,45,under_55,GroupA,16000.0,12.3,25.2,541.0,0.2994,0,15200.0,2,urban,fulltime,0,1,1,535.0
Male,41,under_55,GroupB,32400.0,13.3,21.6,448.0,0.6902,1,16200.0,0,urban,fulltime,0,1,1,451.0
Female,45,under_55,GroupB,11900.0,12.6,27.4,556.0,0.3784,0,5000.0,11,urban,parttime,0,0,0,514.0
Male,49,under_55,GroupA,43000.0,14.1,33.3,644.0,0.2964,0,13900.0,17,suburban,fulltime,0,1,1,645.0
Female,52,under_55,GroupB,28000.0,17.1,30.2,633.0,0.1803,1,7000.0,19,urban,fulltime,0,1,1,628.0
Male,37,under_55,GroupA,30500.0,11.8,23.4,424.0,0.3864,3,14700.0,2,rural,selfemployed,0,0,0,423.0
Female,27,under_55,GroupC,22300.0,13.7,5.2,551.0,0.2579,1,20200.0,11,urban,fulltime,0,0,0,497.0
Male,56,55_plus,GroupB,41200.0,13.3,34.7,670.0,0.2261,0,14900.0,0,suburban,fulltime,0,1,1,658.0
Male,44,under_55,GroupA,47000.0,14.5,26.2,596.0,0.4001,1,15200.0,1,suburban,selfemployed,0,1,1,569.0
Male,40,under_55,GroupB,56600.0,12.7,18.6,752.0,0.1465,0,33100.0,1,suburban,fulltime,0,0,1,730.0
Male,37,under_55,GroupB,38000.0,15.6,15.9,501.0,0.5573,1,22900.0,12,urban,fulltime,0,0,0,478.0
Female,49,under_55,GroupB,13400.0,11.4,28.9,405.0,0.3728,0,10800.0,11,suburban,parttime,0,0,0,521.0
Female,44,under_55,GroupA,26000.0,11.1,32.6,569.0,0.2746,0,13200.0,1,urban,parttime,0,1,1,601.0
Male,58,55_plus,GroupA,36500.0,12.6,43.7,475.0,0.7187,0,27400.0,3,suburban,parttime,1,0,0,483.0
Male,36,under_55,GroupA,43600.0,16.8,16.2,633.0,0.3746,0,24600.0,1,suburban,fulltime,0,1,1,627.0
Female,39,under_55,GroupA,22500.0,17.4,15.3,595.0,0.4403,0,21100.0,18,rural,parttime,0,1,1,559.0
Female,42,under_55,GroupC,25900.0,17.7,19.5,557.0,0.4702,0,17700.0,9,suburban,fulltime,0,1,1,552.0
Female,38,under_55,GroupA,20700.0,13.1,21.2,442.0,0.2745,2,7600.0,3,suburban,fulltime,0,0,0,445.0
Female,18,under_55,GroupA,15600.0,13.8,0.0,420.0,0.0659,1,10800.0,17,suburban,parttime,0,0,0,473.0
Male,50,under_55,GroupA,41200.0,19.7,20.7,679.0,0.2767,0,19200.0,10,urban,fulltime,1,1,1,671.0
Male,52,under_55,GroupA,41600.0,15.0,33.6,547.0,0.6749,0,16000.0,0,urban,fulltime,0,1,1,551.0
Female,39,under_55,GroupB,25800.0,20.0,12.3,670.0,0.3121,0,16500.0,13,rural,fulltime,1,1,1,596.0
Male,65,55_plus,GroupA,18100.0,11.8,43.6,382.0,0.326,3,10400.0,2,suburban,fulltime,0,0,0,370.0
Female,39,under_55,GroupA,28500.0,15.8,13.6,520.0,0.5044,1,9500.0,19,urban,fulltime,0,1,1,525.0
Male,18,under_55,GroupA,15300.0,13.3,0.0,542.0,0.0565,0,7000.0,1,urban,fulltime,0,1,1,526.0
Female,38,under_55,GroupB,17800.0,13.0,19.4,573.0,0.5175,0,5300.0,13,urban,parttime,0,0,1,527.0
Male,28,under_55,GroupC,18700.0,16.9,6.3,458.0,0.5831,0,14400.0,7,urban,fulltime,0,0,0,428.0
Male,35,under_55,GroupA,58000.0,15.3,14.8,642.0,0.326,0,44600.0,1,suburban,fulltime,0,1,1,643.0
Female,69,55_plus,GroupA,19000.0,15.2,45.0,639.0,0.1417,0,16500.0,16,urban,fulltime,0,1,1,612.0
Female,42,under_55,GroupA,15400.0,17.3,14.0,383.0,0.2354,2,10700.0,15,suburban,parttime,0,0,0,378.0
Male,32,under_55,GroupB,49500.0,15.2,14.7,700.0,0.3769,0,36600.0,0,suburban,fulltime,0,1,1,678.0
Female,55,55_plus,GroupA,27500.0,12.2,31.5,460.0,0.6531,0,19500.0,12,suburban,fulltime,0,0,0,448.0
Male,29,under_55,GroupA,42800.0,16.5,4.6,609.0,0.2433,0,30900.0,3,urban,fulltime,0,1,1,632.0
Female,45,under_55,GroupB,21100.0,12.7,28.8,443.0,0.5082,1,19900.0,13,urban,selfemployed,0,0,0,456.0
Male,38,under_55,GroupB,28100.0,17.5,12.6,552.0,0.4189,1,11000.0,8,suburban,parttime,0,1,1,529.0
Female,29,under_55,GroupB,26000.0,16.3,3.6,482.0,0.2232,0,15800.0,0,urban,fulltime,0,0,0,598.0
Female,37,under_55,GroupB,24800.0,13.6,14.0,639.0,0.4805,0,7400.0,8,rural,fulltime,0,0,0,511.0
Male,44,under_55,GroupB,25300.0,12.4,24.1,677.0,0.1034,0,33100.0,2,suburban,fulltime,0,1,1,641.0
Male,31,under_55,GroupA,41200.0,14.5,14.0,505.0,0.7264,0,37900.0,2,suburban,selfemployed,0,0,0,512.0
Male,52,under_55,GroupA,38300.0,13.2,34.0,739.0,0.0648,0,18200.0,9,urban,fulltime,1,1,1,732.0
Male,54,under_55,GroupA,18100.0,14.0,33.7,542.0,0.1439,1,11500.0,1,suburban,fulltime,0,1,1,549.0
Male,30,under_55,GroupA,23200.0,15.4,7.6,615.0,0.1955,0,24300.0,1,urban,selfemployed,0,1,1,619.0
Female,36,under_55,GroupC,29500.0,12.7,16.6,549.0,0.2929,0,22000.0,13,urban,fulltime,1,1,1,578.0
Male,22,under_55,GroupA,22600.0,16.5,0.0,312.0,0.4974,2,20300.0,0,urban,fulltime,0,0,0,309.0
Female,40,under_55,GroupC,23400.0,17.8,13.3,786.0,0.2704,0,13500.0,13,suburban,parttime,0,1,1,626.0
Male,36,under_55,GroupA,31200.0,15.3,14.7,448.0,0.6498,1,19300.0,0,urban,fulltime,0,0,0,468.0
Male,35,under_55,GroupA,28000.0,13.5,17.4,585.0,0.5072,0,8700.0,0,suburban,fulltime,0,0,0,565.0
Male,40,under_55,GroupB,55000.0,15.3,20.0,777.0,0.1777,0,47000.0,1,urban,fulltime,0,1,1,749.0
Male,26,under_55,GroupB,28500.0,17.1,3.0,475.0,0.7059,0,17400.0,13,urban,fulltime,0,0,0,437.0
Female,30,under_55,GroupA,20500.0,17.7,3.9,526.0,0.3935,0,6000.0,2,suburban,fulltime,0,0,0,493.0
Male,36,under_55,GroupC,29600.0,15.7,13.4,604.0,0.3402,1,27000.0,2,urban,fulltime,0,1,1,588.0
Female,57,55_plus,GroupA,23600.0,11.7,37.3,601.0,0.345,0,17500.0,9,suburban,fulltime,0,1,1,608.0
Female,49,under_55,GroupC,14300.0,13.3,26.0,564.0,0.2561,0,10800.0,16,urban,parttime,0,0,0,580.0
Male,44,under_55,GroupA,18400.0,13.6,25.7,573.0,0.1992,1,5200.0,2,rural,fulltime,0,0,0,564.0
Female,35,under_55,GroupA,14300.0,11.3,12.2,311.0,0.5792,1,9600.0,8,suburban,selfemployed,0,0,0,364.0
Male,30,under_55,GroupA,40800.0,16.9,6.9,566.0,0.3191,0,11400.0,1,rural,selfemployed,0,1,1,579.0
Female,27,under_55,GroupB,26800.0,12.9,11.1,300.0,0.95,1,18000.0,17,suburban,parttime,0,0,0,337.0
Male,39,under_55,GroupA,49100.0,17.7,15.9,564.0,0.4515,1,35800.0,1,suburban,parttime,0,0,0,560.0
Male,18,under_55,GroupA,33300.0,14.2,0.0,520.0,0.1326,1,15500.0,2,suburban,fulltime,0,0,0,521.0
Male,18,under_55,GroupB,21700.0,17.9,0.0,500.0,0.1696,1,20800.0,2,urban,fulltime,0,0,0,490.0
Female,43,under_55,GroupA,26100.0,14.5,23.8,452.0,0.8058,0,11300.0,3,suburban,fulltime,0,0,0,435.0
Male,25,under_55,GroupA,71900.0,15.2,4.3,532.0,0.7255,0,64500.0,2,suburban,fulltime,0,0,0,537.0
Male,47,under_55,GroupC,27200.0,16.0,22.4,533.0,0.4248,1,16200.0,2,suburban,fulltime,0,0,0,543.0
Male,58,55_plus,GroupA,13600.0,16.7,39.7,489.0,0.281,1,20400.0,15,suburban,fulltime,0,0,0,477.0
Female,56,55_plus,GroupA,33500.0,11.5,39.8,654.0,0.1622,0,6800.0,2,suburban,fulltime,1,0,0,664.0
Male,40,under_55,GroupA,43600.0,16.2,18.4,606.0,0.3499,0,24700.0,13,suburban,selfemployed,0,1,1,611.0
Male,23,under_55,GroupA,43400.0,16.7,0.0,551.0,0.3561,0,27700.0,5,urban,fulltime,0,1,1,550.0
Male,63,55_plus,GroupA,20300.0,9.9,45.0,426.0,0.5703,2,8200.0,0,suburban,fulltime,0,0,0,415.0
Male,43,under_55,GroupA,73300.0,17.1,22.7,693.0,0.2314,0,35600.0,2,suburban,fulltime,1,1,1,707.0
Female,37,under_55,GroupA,34000.0,13.0,14.4,677.0,0.196,0,21600.0,7,suburban,fulltime,0,0,1,654.0
Male,42,under_55,GroupA,33700.0,11.3,20.6,663.0,0.0868,1,11500.0,0,rural,fulltime,1,1,1,679.0
Male,52,under_55,GroupA,19700.0,12.1,33.8,641.0,0.1323,0,17800.0,2,suburban,fulltime,0,1,1,631.0
Female,62,55_plus,GroupA,17400.0,15.8,38.9,460.0,0.4458,0,19600.0,19,suburban,selfemployed,0,0,0,516.0
Male,47,under_55,GroupA,49900.0,16.1,28.4,602.0,0.5421,0,27800.0,1,suburban,fulltime,0,0,0,617.0
Female,33,under_55,GroupA,28600.0,15.8,10.8,623.0,0.2007,0,7200.0,12,suburban,fulltime,0,0,0,627.0
Male,59,55_plus,GroupA,19600.0,18.8,32.0,598.0,0.2036,0,13200.0,4,suburban,fulltime,1,0,1,593.0
Male,55,55_plus,GroupA,26400.0,14.6,38.2,438.0,0.4288,1,11100.0,2,suburban,fulltime,0,0,0,449.0
Male,22,under_55,GroupA,48000.0,12.1,5.9,565.0,0.4149,0,17200.0,0,rural,fulltime,0,1,1,572.0
Male,41,under_55,GroupA,18700.0,13.8,23.6,600.0,0.2186,0,15500.0,4,rural,selfemployed,0,1,1,608.0
Female,37,under_55,GroupB,14200.0,10.0,20.7,532.0,0.5963,1,3500.0,10,rural,parttime,1,0,0,432.0
Female,63,55_plus,GroupB,21400.0,18.7,45.0,415.0,0.3275,2,25900.0,19,rural,parttime,0,0,0,459.0
Male,18,under_55,GroupB,34300.0,14.5,0.0,423.0,0.4317,0,12300.0,15,suburban,selfemployed,0,0,0,475.0
Male,31,under_55,GroupB,41000.0,12.7,15.5,428.0,0.6755,2,22000.0,0,suburban,fulltime,0,0,0,404.0
Male,60,55_plus,GroupA,26400.0,12.8,37.0,608.0,0.1839,1,19900.0,19,urban,fulltime,0,0,0,592.0
Female,33,under_55,GroupC,30000.0,16.0,10.8,704.0,0.1826,0,40500.0,15,urban,parttime,0,1,1,673.0
Male,28,under_55,GroupB,8500.0,12.6,13.9,464.0,0.4008,0,5000.0,1,urban,fulltime,1,0,0,451.0
Female,23,under_55,GroupA,20800.0,14.1,2.5,354.0,0.7877,0,23200.0,19,urban,fulltime,1,0,0,350.0
Male,55,55_plus,GroupA,19800.0,11.2,41.0,506.0,0.4373,0,11100.0,0,suburban,fulltime,1,1,1,530.0
Female,62,55_plus,GroupB,20700.0,14.6,42.1,617.0,0.2265,0,12300.0,8,urban,fulltime,0,1,1,599.0
Male,18,under_55,GroupC,18100.0,11.7,0.0,360.0,0.3934,2,8800.0,2,suburban,fulltime,0,0,0,320.0
Male,40,under_55,GroupB,24100.0,10.6,23.9,518.0,0.6073,0,31900.0,0,urban,fulltime,1,0,0,514.0
Male,18,under_55,GroupA,29900.0,16.4,0.0,361.0,0.4205,2,27800.0,0,urban,fulltime,0,0,0,357.0
Female,43,under_55,GroupA,26600.0,13.9,20.8,543.0,0.3205,1,18400.0,16,suburban,selfemployed,0,1,1,564.0
Male,37,under_55,GroupA,35700.0,14.1,13.1,521.0,0.7362,0,20300.0,1,suburban,fulltime,0,1,1,530.0
Male,29,under_55,GroupC,43700.0,12.2,13.8,566.0,0.4622,1,40000.0,0,urban,fulltime,1,0,0,536.0
Female,53,under_55,GroupB,23300.0,11.3,36.4,461.0,0.6138,2,8400.0,10,suburban,parttime,0,0,0,366.0
Male,51,under_55,GroupB,39700.0,11.1,33.5,686.0,0.1996,0,23400.0,13,urban,parttime,0,1,1,665.0
Male,43,under_55,GroupA,44600.0,16.3,19.1,445.0,0.6556,2,14400.0,2,suburban,fulltime,1,0,0,467.0
Female,43,under_55,GroupA,26100.0,13.0,22.6,473.0,0.2688,2,14800.0,17,urban,fulltime,0,0,0,492.0
Male,41,under_55,GroupA,29800.0,12.3,19.0,574.0,0.3102,0,13100.0,2,rural,fulltime,0,1,1,573.0
Female,43,under_55,GroupA,54700.0,16.6,19.1,717.0,0.26,0,27600.0,0,suburban,selfemployed,0,0,0,709.0
Male,41,under_55,GroupA,23500.0,11.1,19.0,554.0,0.3455,0,4300.0,2,suburban,fulltime,0,1,1,551.0
Male,61,55_plus,GroupB,32900.0,13.4,41.4,594.0,0.308,0,25500.0,16,rural,selfemployed,0,1,1,635.0
Female,41,under_55,GroupC,40800.0,17.8,14.0,804.0,0.2417,0,28800.0,6,urban,fulltime,0,0,1,687.0
Male,40,under_55,GroupA,29300.0,14.8,22.0,559.0,0.5073,0,15900.0,2,urban,selfemployed,1,1,1,558.0
Female,28,under_55,GroupA,21400.0,12.3,8.1,516.0,0.2228,1,4900.0,10,rural,selfemployed,0,1,1,522.0
Male,27,under_55,GroupB,17200.0,13.9,12.2,425.0,0.2408,1,9800.0,1,suburban,selfemployed,1,1,1,476.0
Male,44,under_55,GroupA,29200.0,9.0,25.9,584.0,0.2086,1,17600.0,0,suburban,parttime,0,1,1,618.0
Male,37,under_55,GroupA,21500.0,11.3,21.1,580.0,0.1073,1,12200.0,0,suburban,parttime,0,1,1,564.0
Female,60,55_plus,GroupA,14100.0,10.7,43.5,404.0,0.4957,2,13300.0,1,urban,parttime,0,0,0,370.0
Male,30,under_55,GroupA,24500.0,11.8,8.5,582.0,0.4222,1,13700.0,1,urban,fulltime,0,1,1,556.0
Male,27,under_55,GroupA,32800.0,12.6,9.3,479.0,0.4021,2,22200.0,1,suburban,selfemployed,0,0,0,473.0
Female,42,under_55,GroupB,13200.0,9.4,27.8,591.0,0.4034,0,9700.0,15,urban,parttime,0,0,0,502.0
Female,61,55_plus,GroupA,15400.0,13.2,39.1,483.0,0.3496,1,11500.0,9,suburban,fulltime,0,0,0,461.0
Female,38,under_55,GroupA,25300.0,12.7,18.1,598.0,0.1897,0,15800.0,11,rural,parttime,0,1,1,607.0
Male,26,under_55,GroupB,27000.0,9.4,11.1,552.0,0.2979,0,12700.0,1,urban,fulltime,0,0,0,593.0
Female,18,under_55,GroupA,13100.0,10.5,1.0,316.0,0.95,2,8700.0,13,urban,fulltime,0,0,0,300.0
Female,26,under_55,GroupB,27500.0,16.9,3.7,300.0,0.6574,3,12900.0,8,rural,fulltime,0,0,0,300.0
Female,29,under_55,GroupB,29800.0,10.2,8.0,486.0,0.5529,1,47200.0,12,suburban,selfemployed,1,0,0,455.0
Female,39,under_55,GroupA,20700.0,9.8,23.0,632.0,0.1992,0,9300.0,9,suburban,parttime,0,0,0,609.0
Female,25,under_55,GroupA,21000.0,19.1,3.4,384.0,0.4629,2,7000.0,2,urban,fulltime,0,0,1,401.0
Male,51,under_55,GroupB,42000.0,14.3,37.1,548.0,0.4818,1,31500.0,4,suburban,selfemployed,0,1,1,593.0
Female,55,55_plus,GroupA,19100.0,13.4,35.6,428.0,0.3508,3,10900.0,15,rural,fulltime,0,0,0,378.0
Female,29,under_55,GroupA,20900.0,15.7,5.9,301.0,0.95,2,8500.0,15,urban,parttime,0,0,0,300.0
Female,38,under_55,GroupA,17900.0,9.8,27.0,522.0,0.4736,0,23900.0,18,rural,selfemployed,0,0,0,530.0
Male,49,under_55,GroupA,42600.0,15.2,24.1,547.0,0.7214,0,17400.0,1,urban,parttime,0,1,1,520.0
Female,42,under_55,GroupA,47400.0,16.1,16.8,513.0,0.4512,0,30500.0,12,suburban,fulltime,0,0,0,579.0
Female,49,under_55,GroupB,23400.0,15.5,22.5,587.0,0.4506,0,6300.0,11,suburban,parttime,0,1,1,521.0
Male,60,55_plus,GroupA,25700.0,15.8,37.7,517.0,0.5953,0,15800.0,2,suburban,selfemployed,0,0,0,508.0
Male,28,under_55,GroupB,38300.0,15.7,6.7,563.0,0.1253,2,29800.0,3,urban,fulltime,0,0,0,593.0
Female,62,55_plus,GroupA,23600.0,12.8,45.0,633.0,0.2116,0,12000.0,20,rural,parttime,0,1,1,624.0
Female,20,under_55,GroupB,28300.0,13.8,0.0,562.0,0.1796,0,22500.0,13,suburban,selfemployed,0,0,0,577.0
Female,46,under_55,GroupB,30100.0,13.6,27.3,602.0,0.3412,0,23600.0,13,urban,fulltime,0,0,0,610.0
Male,53,under_55,GroupA,39600.0,15.0,36.0,593.0,0.5317,0,58700.0,1,rural,fulltime,0,0,0,588.0
Male,44,under_55,GroupC,20600.0,14.2,26.7,630.0,0.1038,1,22300.0,2,urban,fulltime,0,0,0,599.0
Male,32,under_55,GroupB,21600.0,10.3,13.1,409.0,0.6952,1,10300.0,0,suburban,parttime,0,0,0,430.0
Male,40,under_55,GroupA,40700.0,18.1,15.2,546.0,0.5538,0,22700.0,1,suburban,fulltime,0,1,1,560.0
Male,27,under_55,GroupB,30800.0,14.0,6.8,588.0,0.1464,1,21800.0,1,rural,fulltime,0,1,1,591.0
Male,47,under_55,GroupA,28800.0,13.9,29.4,593.0,0.164,1,25300.0,2,suburban,selfemployed,0,1,1,600.0
Female,57,55_plus,GroupA,21000.0,15.8,36.3,460.0,0.467,1,15800.0,1,suburban,parttime,0,0,0,447.0
Male,43,under_55,GroupA,75000.0,14.8,18.0,763.0,0.1741,0,27700.0,7,suburban,fulltime,1,1,1,762.0
Male,42,under_55,GroupA,61800.0,16.3,21.7,613.0,0.5386,0,31800.0,0,suburban,fulltime,1,1,1,607.0
Female,31,under_55,GroupC,27500.0,9.9,12.3,551.0,0.238,2,8200.0,8,rural,fulltime,0,0,1,502.0
Female,43,under_55,GroupB,27200.0,16.0,15.5,487.0,0.7489,0,27900.0,7,urban,parttime,0,0,0,473.0
Female,51,under_55,GroupB,15200.0,12.9,33.3,586.0,0.2917,0,12000.0,11,urban,parttime,0,0,0,590.0
Female,59,55_plus,GroupA,17900.0,13.1,38.8,505.0,0.5069,0,22700.0,20,suburban,parttime,0,0,0,487.0
Male,54,under_55,GroupA,45000.0,14.2,34.3,563.0,0.3681,1,29800.0,1,suburban,fulltime,0,1,1,568.0
Male,35,under_55,GroupB,25200.0,14.0,16.1,618.0,0.4336,0,13300.0,4,suburban,fulltime,0,1,1,596.0
Male,38,under_55,GroupB,24500.0,15.0,17.3,654.0,0.1265,0,12600.0,2,rural,fulltime,1,1,1,627.0
Male,35,under_55,GroupB,26400.0,12.8,16.2,609.0,0.1331,0,13100.0,4,rural,fulltime,0,0,1,683.0
Female,41,under_55,GroupA,41100.0,13.2,23.2,597.0,0.3241,1,12400.0,9,suburban,parttime,1,0,0,584.0
Female,56,55_plus,GroupB,33900.0,14.8,31.4,345.0,0.6249,2,28500.0,8,suburban,fulltime,1,0,0,415.0
Female,41,under_55,GroupB,28700.0,14.7,24.8,420.0,0.5176,1,65400.0,10,suburban,fulltime,1,0,0,499.0
Female,20,under_55,GroupB,20900.0,15.7,0.0,507.0,0.315,0,14800.0,14,suburban,selfemployed,0,0,0,481.0
Female,18,under_55,GroupB,19700.0,15.0,0.0,390.0,0.2324,1,10000.0,10,urban,parttime,1,0,0,394.0
Female,64,55_plus,GroupA,16300.0,11.3,45.0,546.0,0.3039,0,5900.0,14,suburban,fulltime,1,0,0,532.0
Female,32,under_55,GroupB,21400.0,12.2,14.8,459.0,0.6805,1,7200.0,9,suburban,fulltime,0,1,1,433.0
Male,42,under_55,GroupA,43100.0,15.2,22.1,613.0,0.1315,1,20300.0,2,rural,fulltime,0,1,1,601.0
Male,33,under_55,GroupA,23200.0,12.9,14.0,499.0,0.4549,1,10000.0,1,urban,fulltime,0,1,1,490.0
Female,27,under_55,GroupA,27400.0,12.7,9.1,504.0,0.6148,1,29000.0,3,rural,fulltime,0,0,0,470.0
Female,62,55_plus,GroupA,38400.0,17.0,36.3,593.0,0.5855,0,6700.0,11,suburban,fulltime,0,1,1,578.0
Male,30,under_55,GroupB,36100.0,11.0,16.5,573.0,0.5156,0,33600.0,2,urban,selfemployed,0,1,1,543.0
Male,41,under_55,GroupA,41900.0,14.9,23.3,498.0,0.6021,1,32200.0,1,urban,selfemployed,0,0,0,500.0
Male,42,under_55,GroupA,42900.0,17.8,21.0,687.0,0.324,0,17700.0,0,rural,selfemployed,0,1,1,668.0
Female,44,under_55,GroupB,17900.0,14.0,20.0,608.0,0.2394,0,14400.0,1,urban,fulltime,1,0,0,619.0
Female,27,under_55,GroupA,13100.0,12.7,10.4,575.0,0.2078,0,7900.0,13,rural,parttime,0,0,0,580.0
Male,42,under_55,GroupA,46500.0,17.0,18.1,725.0,0.0557,0,54300.0,0,suburban,fulltime,0,1,1,738.0
Female,27,under_55,GroupB,34500.0,15.4,0.1,300.0,0.615,2,12000.0,8,suburban,fulltime,1,0,0,321.0
Male,57,55_plus,GroupC,22700.0,14.9,27.5,471.0,0.2237,2,8100.0,1,suburban,selfemployed,0,0,0,430.0
Male,50,under_55,GroupB,16900.0,13.4,29.6,402.0,0.637,0,17700.0,2,suburban,fulltime,0,0,0,467.0
Male,34,under_55,GroupA,47800.0,13.4,18.7,709.0,0.2858,0,35000.0,2,suburban,fulltime,1,1,1,697.0
Female,36,under_55,GroupA,37900.0,16.3,12.6,627.0,0.2366,0,27200.0,14,suburban,fulltime,1,0,0,668.0
Male,18,under_55,GroupA,16400.0,12.7,0.0,380.0,0.2417,1,12500.0,0,urban,selfemployed,1,0,0,392.0
Male,51,under_55,GroupA,18400.0,12.2,29.7,512.0,0.2951,1,14700.0,0,suburban,parttime,0,0,0,523.0
Male,23,under_55,GroupA,15100.0,16.8,1.1,340.0,0.366,1,19300.0,2,urban,fulltime,1,0,0,362.0
Female,37,under_55,GroupB,32400.0,12.1,23.8,680.0,0.2766,0,9100.0,17,urban,fulltime,0,0,1,621.0
Male,18,under_55,GroupA,23100.0,17.5,0.0,401.0,0.6167,0,11900.0,2,rural,fulltime,0,0,0,397.0
Male,53,under_55,GroupB,27400.0,16.6,33.0,702.0,0.1852,0,15600.0,0,urban,fulltime,0,1,1,721.0
Male,49,under_55,GroupB,16200.0,12.6,23.3,428.0,0.2542,3,9500.0,1,urban,fulltime,0,0,0,410.0
Female,27,under_55,GroupB,22600.0,11.8,8.5,427.0,0.3149,1,4500.0,9,suburban,parttime,0,0,0,505.0
Male,57,55_plus,GroupA,19900.0,11.4,41.4,418.0,0.6366,1,7700.0,3,rural,fulltime,0,0,0,415.0
Female,54,under_55,GroupB,12600.0,10.9,38.2,492.0,0.3415,0,9600.0,19,urban,fulltime,0,0,0,470.0
Female,58,55_plus,GroupA,30200.0,17.3,39.3,438.0,0.4708,2,26700.0,1,urban,fulltime,0,0,0,421.0
Female,40,under_55,GroupA,22800.0,17.2,26.0,606.0,0.2648,0,9000.0,16,rural,fulltime,0,0,0,600.0
Male,34,under_55,GroupB,26500.0,12.3,18.4,524.0,0.4009,0,14400.0,1,urban,selfemployed,1,0,0,539.0
Male,41,under_55,GroupA,19800.0,12.3,23.7,410.0,0.6201,1,10000.0,1,urban,fulltime,0,0,0,400.0
Male,50,under_55,GroupA,30900.0,17.9,25.0,484.0,0.7292,0,17400.0,0,suburban,fulltime,0,0,0,494.0
Female,26,under_55,GroupB,22500.0,17.2,1.9,301.0,0.475,1,15600.0,3,urban,fulltime,0,0,0,393.0
Male,30,under_55,GroupA,42300.0,13.9,13.0,419.0,0.7672,1,38300.0,1,suburban,fulltime,0,0,0,424.0
Male,37,under_55,GroupB,22700.0,10.3,28.5,708.0,0.1267,0,18000.0,2,urban,fulltime,0,0,0,654.0
Female,63,55_plus,GroupA,26600.0,16.0,43.3,586.0,0.2007,0,16700.0,9,urban,parttime,0,1,1,627.0
Male,69,55_plus,GroupA,40600.0,14.1,45.0,564.0,0.4286,1,26700.0,2,rural,fulltime,0,0,1,575.0
Male,18,under_55,GroupA,17700.0,16.6,0.0,460.0,0.1777,0,6900.0,14,urban,fulltime,0,1,1,452.0
Male,61,55_plus,GroupB,15800.0,10.6,45.0,300.0,0.7319,2,15800.0,4,urban,fulltime,0,0,0,315.0
Male,27,under_55,GroupA,42100.0,18.3,5.2,616.0,0.3137,0,9100.0,16,urban,fulltime,0,1,1,618.0
Male,44,under_55,GroupA,38400.0,15.5,22.2,457.0,0.4939,2,17100.0,0,urban,fulltime,1,0,0,472.0
Female,36,under_55,GroupA,39300.0,15.2,15.5,661.0,0.2442,0,16900.0,14,suburban,fulltime,0,0,1,658.0
Male,31,under_55,GroupA,37300.0,10.2,14.9,667.0,0.2687,0,29500.0,0,suburban,fulltime,0,1,1,658.0
Female,56,55_plus,GroupA,25100.0,13.8,37.3,626.0,0.2581,0,19500.0,2,urban,fulltime,1,0,1,642.0
Male,58,55_plus,GroupA,60400.0,14.4,35.3,686.0,0.3248,0,38200.0,3,suburban,fulltime,1,1,1,686.0
Male,39,under_55,GroupB,60700.0,12.0,20.4,770.0,0.1455,0,29400.0,1,urban,fulltime,0,1,1,782.0
Male,54,under_55,GroupA,18400.0,11.9,34.3,416.0,0.3844,2,13400.0,1,suburban,fulltime,0,0,0,413.0
Male,32,under_55,GroupB,33300.0,17.8,8.1,740.0,0.0778,0,24600.0,3,urban,fulltime,0,1,1,705.0
Male,70,55_plus,GroupB,25000.0,15.8,45.0,592.0,0.2069,1,11900.0,0,urban,fulltime,0,1,1,637.0
Female,44,under_55,GroupA,21200.0,9.6,26.8,336.0,0.6502,2,8100.0,12,suburban,fulltime,0,0,0,366.0
Male,33,under_55,GroupA,35000.0,11.4,18.5,633.0,0.2452,0,23200.0,3,rural,fulltime,1,1,1,633.0
Female,27,under_55,GroupB,57600.0,14.9,8.5,696.0,0.2795,0,36000.0,17,urban,selfemployed,1,1,1,661.0
Male,73,55_plus,GroupC,23100.0,12.3,45.0,711.0,0.1504,0,7000.0,1,urban,fulltime,0,1,1,683.0
Male,33,under_55,GroupA,59600.0,14.9,13.2,727.0,0.2118,0,29400.0,3,suburban,fulltime,0,1,1,745.0
Female,46,under_55,GroupB,34900.0,16.9,22.7,476.0,0.4045,1,18500.0,7,urban,fulltime,0,0,1,512.0
Female,53,under_55,GroupA,29000.0,12.3,32.6,536.0,0.4065,0,18100.0,1,suburban,fulltime,1,0,1,573.0
Male,41,under_55,GroupC,48400.0,13.8,24.3,495.0,0.386,2,42600.0,2,suburban,fulltime,0,0,1,534.0
Male,24,under_55,GroupA,34900.0,14.2,2.0,543.0,0.2794,0,28600.0,2,suburban,fulltime,1,1,1,537.0
Female,50,under_55,GroupB,31200.0,16.6,25.8,615.0,0.3138,0,32500.0,10,urban,parttime,1,1,1,599.0
Female,50,under_55,GroupA,19800.0,13.4,25.9,339.0,0.862,1,4900.0,5,suburban,fulltime,0,0,0,338.0
Male,50,under_55,GroupA,40400.0,19.8,19.4,693.0,0.3692,0,18600.0,1,urban,fulltime,1,1,1,672.0
Female,33,under_55,GroupA,22100.0,14.9,11.5,461.0,0.4877,1,12500.0,11,suburban,selfemployed,0,0,0,464.0
Male,52,under_55,GroupA,31300.0,16.2,26.6,619.0,0.0845,1,19600.0,3,suburban,parttime,1,1,1,613.0
Female,46,under_55,GroupA,29500.0,12.8,21.3,590.0,0.6061,0,11000.0,8,rural,fulltime,0,0,0,547.0
Female,32,under_55,GroupA,32400.0,16.6,7.3,579.0,0.5691,0,18000.0,14,suburban,selfemployed,0,1,1,521.0
Male,27,under_55,GroupB,36200.0,13.6,1.8,551.0,0.4012,0,24700.0,11,urban,fulltime,1,0,1,503.0
Male,23,under_55,GroupA,42600.0,13.4,5.3,694.0,0.2064,0,24200.0,3,suburban,fulltime,0,1,1,675.0
Male,53,under_55,GroupC,35900.0,11.0,37.3,761.0,0.1454,0,19100.0,1,suburban,fulltime,0,1,1,704.0
Female,63,55_plus,GroupA,27000.0,12.5,35.3,491.0,0.509,0,41200.0,9,rural,parttime,0,0,1,518.0
Male,27,under_55,GroupB,32300.0,11.8,6.7,544.0,0.4507,0,32800.0,5,urban,fulltime,0,1,1,518.0
Male,47,under_55,GroupA,28200.0,16.6,22.6,480.0,0.3534,2,13000.0,13,urban,fulltime,0,1,1,473.0
Female,38,under_55,GroupA,52800.0,16.7,14.3,661.0,0.2681,0,55500.0,9,rural,fulltime,0,1,1,662.0
Female,43,under_55,GroupA,29300.0,12.7,27.1,564.0,0.4817,1,31500.0,0,suburban,parttime,0,0,0,514.0
Male,49,under_55,GroupC,32900.0,15.0,25.2,500.0,0.4079,1,27200.0,4,urban,selfemployed,0,0,0,525.0
Male,40,under_55,GroupB,33700.0,9.7,25.1,599.0,0.3344,1,22000.0,3,urban,fulltime,0,1,1,558.0
Male,29,under_55,GroupB,30100.0,12.1,13.9,659.0,0.1151,0,16000.0,5,suburban,fulltime,0,1,1,697.0
Female,46,under_55,GroupA,10400.0,16.5,24.0,357.0,0.4078,1,10900.0,10,suburban,parttime,0,1,1,382.0
Female,31,under_55,GroupB,26200.0,18.5,3.3,526.0,0.7167,0,17900.0,2,urban,parttime,0,0,0,398.0
Male,25,under_55,GroupC,48400.0,17.6,8.4,717.0,0.1687,0,27800.0,2,rural,fulltime,0,1,1,718.0
Male,57,55_plus,GroupA,59300.0,10.6,44.2,588.0,0.6506,0,31000.0,2,suburban,fulltime,0,0,0,576.0
Male,39,under_55,GroupA,28200.0,12.9,21.0,444.0,0.4189,2,8400.0,1,rural,parttime,1,0,0,441.0
Male,42,under_55,GroupB,29400.0,13.4,26.1,606.0,0.1503,0,8200.0,1,urban,selfemployed,0,1,1,643.0
Female,60,55_plus,GroupA,18700.0,14.7,43.0,578.0,0.098,0,9700.0,13,urban,fulltime,0,1,1,592.0
Female,32,under_55,GroupA,23700.0,13.1,11.3,555.0,0.1704,1,19500.0,9,urban,fulltime,0,1,1,559.0
Female,47,under_55,GroupA,23800.0,12.5,29.9,494.0,0.3545,2,17800.0,11,urban,fulltime,1,0,0,467.0
Female,47,under_55,GroupA,27800.0,13.2,19.1,509.0,0.4969,0,13500.0,19,suburban,parttime,1,0,1,555.0
Male,38,under_55,GroupB,22700.0,10.3,21.8,300.0,0.7441,1,10900.0,0,suburban,fulltime,0,0,0,337.0
Female,47,under_55,GroupA,22700.0,14.5,25.1,610.0,0.4129,0,10700.0,0,suburban,fulltime,0,1,1,597.0
Female,49,under_55,GroupC,25200.0,13.0,32.6,643.0,0.1533,0,48000.0,1,urban,fulltime,0,0,1,661.0
Female,44,under_55,GroupB,31300.0,14.4,19.9,536.0,0.3642,1,19400.0,14,rural,fulltime,0,1,1,572.0
Female,46,under_55,GroupB,26600.0,14.3,29.5,642.0,0.2752,0,11100.0,11,suburban,parttime,0,0,1,589.0
Female,53,under_55,GroupB,15800.0,12.7,37.9,474.0,0.3661,1,19800.0,9,urban,parttime,0,0,0,499.0
Male,39,under_55,GroupB,20400.0,13.9,18.0,629.0,0.2224,0,6700.0,1,rural,fulltime,0,1,1,595.0
Male,45,under_55,GroupA,23700.0,14.9,26.4,487.0,0.4812,1,9600.0,1,suburban,fulltime,0,0,0,493.0
Male,31,under_55,GroupA,40900.0,14.6,11.8,556.0,0.3575,1,24100.0,9,urban,fulltime,0,0,0,598.0
Male,52,under_55,GroupA,34200.0,14.4,33.8,589.0,0.3805,0,36700.0,1,suburban,fulltime,0,1,1,606.0
Female,18,under_55,GroupB,18400.0,11.8,3.0,343.0,0.4294,2,10000.0,12,urban,fulltime,1,0,0,344.0
Male,25,under_55,GroupB,33300.0,16.3,0.7,300.0,0.8226,0,15400.0,1,urban,fulltime,0,0,0,352.0
Female,68,55_plus,GroupA,29200.0,13.5,45.0,576.0,0.3692,1,25000.0,12,rural,parttime,0,0,0,555.0
Female,32,under_55,GroupC,14800.0,10.3,16.2,317.0,0.5631,3,3500.0,2,rural,parttime,0,0,0,300.0
Male,49,under_55,GroupA,21400.0,13.6,30.4,505.0,0.4016,1,6900.0,12,rural,parttime,0,1,1,505.0
Male,54,under_55,GroupB,24800.0,8.0,41.4,472.0,0.4045,1,15200.0,3,suburban,fulltime,0,1,1,513.0
Male,53,under_55,GroupC,49700.0,12.9,36.2,695.0,0.2092,0,16200.0,2,suburban,fulltime,1,1,1,720.0
Male,55,55_plus,GroupA,27400.0,12.0,39.3,637.0,0.1703,0,9200.0,2,rural,selfemployed,0,0,1,654.0
Female,48,under_55,GroupA,26600.0,11.0,31.7,601.0,0.1665,1,22400.0,9,suburban,fulltime,0,1,1,627.0
Female,39,under_55,GroupA,15000.0,14.5,17.1,526.0,0.3602,0,7700.0,15,urban,fulltime,1,0,0,535.0
Male,40,under_55,GroupA,51000.0,14.3,19.6,723.0,0.1908,0,40400.0,1,suburban,fulltime,0,1,1,737.0
Male,39,under_55,GroupA,33900.0,17.2,18.2,698.0,0.1039,0,30800.0,10,suburban,fulltime,0,1,1,687.0
Female,54,under_55,GroupA,30100.0,16.9,29.8,448.0,0.4471,2,30500.0,4,suburban,selfemployed,0,0,0,427.0
Male,53,under_55,GroupA,34100.0,14.0,41.9,689.0,0.0928,0,16600.0,1,suburban,fulltime,0,1,1,701.0
Male,51,under_55,GroupA,36000.0,14.1,26.4,526.0,0.2162,2,24400.0,0,suburban,fulltime,0,1,1,535.0
Female,31,under_55,GroupA,21500.0,15.2,9.2,612.0,0.2761,0,17100.0,14,suburban,fulltime,0,1,1,576.0
Male,22,under_55,GroupA,39500.0,16.1,0.0,433.0,0.4332,1,15600.0,11,suburban,fulltime,0,0,0,454.0
Male,40,under_55,GroupA,41500.0,18.8,17.0,661.0,0.168,1,19900.0,0,suburban,fulltime,0,1,1,673.0
Female,27,under_55,GroupA,30600.0,15.6,6.6,621.0,0.3142,0,14400.0,10,suburban,fulltime,0,1,1,568.0
Male,57,55_plus,GroupA,104200.0,18.4,35.9,640.0,0.5026,0,46900.0,3,suburban,fulltime,0,1,1,647.0
Male,32,under_55,GroupA,35800.0,11.9,14.6,629.0,0.1968,1,38500.0,1,urban,fulltime,0,1,1,647.0
Female,18,under_55,GroupA,15500.0,10.1,3.4,379.0,0.4363,1,11300.0,18,rural,fulltime,0,0,0,365.0
Male,68,55_plus,GroupA,27900.0,13.1,45.0,484.0,0.6429,0,15400.0,0,suburban,fulltime,0,0,0,482.0
Male,48,under_55,GroupA,26200.0,14.5,24.9,544.0,0.2618,2,14500.0,1,suburban,fulltime,0,1,1,538.0
Male,52,under_55,GroupC,43500.0,16.1,28.5,624.0,0.4162,1,26700.0,6,urban,fulltime,1,1,1,586.0
Male,61,55_plus,GroupB,41600.0,14.3,40.2,648.0,0.4152,0,12700.0,3,suburban,fulltime,0,1,1,659.0
Male,53,under_55,GroupA,59800.0,14.6,27.9,656.0,0.2128,1,46000.0,1,urban,fulltime,1,1,1,658.0
Female,34,under_55,GroupC,19000.0,16.3,12.4,340.0,0.4192,2,5900.0,2,urban,fulltime,0,0,0,390.0
Male,29,under_55,GroupA,27500.0,11.2,21.4,573.0,0.3174,0,15900.0,3,urban,fulltime,0,1,1,582.0
Female,34,under_55,GroupB,27600.0,14.8,14.2,530.0,0.6857,0,9100.0,11,urban,parttime,1,1,1,472.0
Female,27,under_55,GroupB,19000.0,14.3,6.6,389.0,0.6022,0,8600.0,2,urban,parttime,0,0,0,442.0
Male,40,under_55,GroupA,69100.0,15.5,16.6,717.0,0.3413,0,42900.0,18,urban,fulltime,0,1,1,710.0
Female,32,under_55,GroupA,41000.0,13.5,9.8,655.0,0.356,0,28600.0,3,suburban,fulltime,0,1,1,632.0
Male,38,under_55,GroupA,41800.0,16.4,13.6,647.0,0.2043,0,22800.0,2,suburban,fulltime,0,1,1,632.0
Male,34,under_55,GroupA,22400.0,13.0,14.7,605.0,0.3683,0,10000.0,0,urban,parttime,0,1,1,595.0
Female,52,under_55,GroupC,28200.0,13.5,30.4,543.0,0.5646,0,20100.0,9,suburban,selfemployed,0,0,0,537.0
Male,30,under_55,GroupA,42400.0,15.4,9.0,516.0,0.4869,1,14200.0,1,suburban,fulltime,0,1,1,528.0
Female,52,under_55,GroupB,19900.0,15.9,27.9,743.0,0.0771,0,16300.0,9,urban,fulltime,0,1,1,619.0
Female,38,under_55,GroupA,12300.0,9.3,22.1,570.0,0.1907,0,4200.0,14,suburban,fulltime,0,1,1,520.0
Female,57,55_plus,GroupC,21700.0,14.4,34.0,687.0,0.1801,1,41600.0,12,urban,selfemployed,0,1,1,612.0
Male,42,under_55,GroupC,25200.0,16.3,22.2,549.0,0.2341,1,11200.0,2,urban,fulltime,0,1,1,528.0
Female,46,under_55,GroupB,38100.0,18.4,16.8,483.0,0.8346,1,85100.0,2,urban,fulltime,0,0,0,432.0
Male,24,under_55,GroupB,44600.0,12.9,5.0,616.0,0.4127,0,36700.0,4,suburban,fulltime,0,1,1,615.0
Male,51,under_55,GroupA,28300.0,12.5,33.8,429.0,0.3646,3,19800.0,0,suburban,fulltime,1,0,0,435.0
Male,30,under_55,GroupA,23600.0,18.8,10.3,548.0,0.2553,1,27500.0,0,rural,fulltime,0,0,0,551.0
Male,51,under_55,GroupA,38000.0,17.4,25.5,655.0,0.3026,0,28500.0,0,rural,fulltime,0,1,1,638.0
Male,54,under_55,GroupC,34000.0,13.8,34.0,608.0,0.2905,0,12500.0,3,suburban,fulltime,0,1,1,609.0
Male,45,under_55,GroupB,12600.0,11.7,26.2,344.0,0.5524,2,16200.0,1,urban,fulltime,1,0,0,318.0
Male,59,55_plus,GroupB,54300.0,15.5,41.9,772.0,0.166,0,43100.0,1,rural,fulltime,0,1,1,733.0
Male,57,55_plus,GroupA,25800.0,13.9,36.3,539.0,0.4103,1,10200.0,0,urban,fulltime,1,0,0,530.0
Male,32,under_55,GroupA,55700.0,11.7,15.4,723.0,0.2642,0,36500.0,2,suburban,fulltime,1,1,1,715.0
Male,39,under_55,GroupA,23500.0,10.8,23.0,625.0,0.2545,0,7000.0,11,suburban,fulltime,0,1,1,619.0
Female,38,under_55,GroupB,20000.0,13.8,14.3,669.0,0.2845,0,22800.0,11,suburban,fulltime,0,1,1,551.0
Male,40,under_55,GroupA,35000.0,13.1,21.0,546.0,0.5859,0,17600.0,10,suburban,selfemployed,1,1,1,545.0
Male,60,55_plus,GroupC,57500.0,12.5,40.3,554.0,0.6848,0,16000.0,0,suburban,selfemployed,0,1,1,570.0
Female,54,under_55,GroupA,24200.0,12.5,35.3,492.0,0.6202,1,22700.0,5,suburban,parttime,0,0,0,411.0
Female,47,under_55,GroupA,27500.0,16.8,21.5,570.0,0.4415,0,13500.0,16,urban,fulltime,0,1,1,564.0
Female,46,under_55,GroupC,22200.0,15.3,22.1,605.0,0.3477,0,10800.0,10,rural,parttime,1,1,1,585.0
Female,28,under_55,GroupA,17400.0,11.1,9.9,534.0,0.2534,1,5800.0,15,rural,fulltime,0,0,0,528.0
Male,28,under_55,GroupA,16900.0,14.9,10.3,437.0,0.3689,1,11800.0,3,suburban,fulltime,0,1,1,452.0
Male,41,under_55,GroupA,45700.0,14.0,18.8,704.0,0.105,0,48300.0,2,rural,fulltime,0,1,1,704.0
Male,38,under_55,GroupA,22600.0,12.7,12.1,476.0,0.5027,1,25600.0,0,urban,fulltime,0,0,0,486.0
Female,50,under_55,GroupB,19600.0,13.7,36.9,559.0,0.4232,0,18700.0,12,suburban,parttime,0,0,0,556.0
Female,42,under_55,GroupB,29200.0,16.8,22.6,629.0,0.4128,0,18700.0,8,suburban,fulltime,0,0,0,558.0
Male,30,under_55,GroupB,40500.0,16.6,5.0,468.0,0.4506,1,18500.0,0,rural,fulltime,0,1,1,479.0
Male,56,55_plus,GroupB,41800.0,12.4,41.5,487.0,0.584,1,26100.0,1,urban,fulltime,0,0,1,514.0
Female,44,under_55,GroupA,30400.0,14.5,21.3,499.0,0.509,0,18800.0,12,suburban,parttime,0,0,0,548.0
Female,42,under_55,GroupA,20000.0,12.4,25.7,392.0,0.759,2,6400.0,18,suburban,fulltime,0,0,0,343.0
Male,18,under_55,GroupA,22300.0,16.5,0.0,515.0,0.2635,0,18400.0,1,suburban,fulltime,0,0,0,523.0
Male,23,under_55,GroupC,30600.0,14.3,4.7,547.0,0.4782,0,17900.0,0,urban,selfemployed,0,0,0,535.0
Male,46,under_55,GroupB,25300.0,16.7,25.3,579.0,0.2298,0,28200.0,1,urban,fulltime,0,0,1,568.0
Male,38,under_55,GroupA,25200.0,11.2,25.3,508.0,0.2705,2,16200.0,3,suburban,fulltime,0,0,0,516.0
Female,61,55_plus,GroupA,17500.0,15.3,41.4,484.0,0.3881,1,4100.0,12,urban,fulltime,0,0,0,456.0
Female,60,55_plus,GroupA,20200.0,15.4,40.2,425.0,0.5353,1,8200.0,4,suburban,parttime,0,0,0,437.0
Female,36,under_55,GroupC,25200.0,16.0,16.3,370.0,0.5135,4,14500.0,10,urban,fulltime,1,0,0,319.0
Female,18,under_55,GroupA,21200.0,9.9,0.0,474.0,0.3279,0,7000.0,14,rural,fulltime,0,0,0,457.0
Male,48,under_55,GroupA,23100.0,13.9,31.8,571.0,0.4163,0,14600.0,1,suburban,fulltime,0,0,0,558.0
Female,45,under_55,GroupB,39800.0,13.4,22.8,560.0,0.3423,0,17400.0,19,urban,fulltime,0,1,1,563.0
Male,62,55_plus,GroupA,58900.0,18.2,35.0,683.0,0.1706,0,33400.0,1,suburban,fulltime,0,1,1,686.0
Male,36,under_55,GroupB,66800.0,11.7,18.9,750.0,0.1941,0,39400.0,2,urban,fulltime,0,1,1,775.0
Male,66,55_plus,GroupA,34000.0,19.3,43.8,513.0,0.2274,2,23000.0,0,suburban,parttime,0,1,1,499.0
Female,47,under_55,GroupA,29100.0,9.4,29.0,528.0,0.46,1,18700.0,8,rural,fulltime,0,0,0,564.0
Male,40,under_55,GroupA,42000.0,14.8,13.8,689.0,0.1458,0,34900.0,4,rural,selfemployed,0,1,1,672.0
Female,46,under_55,GroupA,11700.0,11.6,27.8,452.0,0.6903,1,4400.0,7,suburban,parttime,1,0,0,344.0
Female,53,under_55,GroupA,15200.0,15.8,30.4,317.0,0.7697,1,11500.0,16,suburban,fulltime,0,0,0,300.0
Male,36,under_55,GroupB,25000.0,14.4,13.6,527.0,0.4828,0,9500.0,14,urban,fulltime,0,0,0,505.0
Female,40,under_55,GroupA,15400.0,14.1,15.9,547.0,0.2346,0,4900.0,2,rural,fulltime,0,0,0,558.0
Male,33,under_55,GroupB,48000.0,13.0,8.3,669.0,0.2394,0,36000.0,3,suburban,fulltime,1,0,1,703.0
Male,31,under_55,GroupA,32900.0,12.6,10.4,668.0,0.1473,0,14400.0,1,suburban,fulltime,0,1,1,652.0
Female,42,under_55,GroupA,22100.0,15.7,21.3,399.0,0.5441,1,12000.0,19,suburban,fulltime,0,1,1,463.0
Male,44,under_55,GroupC,29400.0,13.9,24.0,472.0,0.5447,1,36100.0,1,suburban,selfemployed,0,1,1,475.0
Male,48,under_55,GroupB,23600.0,11.6,30.9,510.0,0.3102,1,9200.0,1,suburban,fulltime,1,0,0,518.0
Male,62,55_plus,GroupB,26500.0,12.2,42.9,643.0,0.1129,0,23600.0,10,urban,fulltime,0,1,1,680.0
Female,20,under_55,GroupB,18100.0,9.7,3.0,446.0,0.2786,1,14900.0,1,urban,selfemployed,0,0,0,452.0
Male,37,under_55,GroupA,43200.0,15.8,16.5,508.0,0.4866,1,43900.0,10,suburban,fulltime,0,0,0,513.0
Male,35,under_55,GroupC,37500.0,16.1,7.4,511.0,0.2644,1,23600.0,3,urban,fulltime,1,1,1,542.0
Male,48,under_55,GroupC,19000.0,8.0,35.4,577.0,0.2763,0,9900.0,1,urban,selfemployed,0,1,1,586.0
Male,45,under_55,GroupB,36000.0,11.8,28.3,626.0,0.359,0,26200.0,0,urban,fulltime,1,1,1,601.0
Male,44,under_55,GroupA,29200.0,14.3,20.5,493.0,0.7691,0,14800.0,0,rural,selfemployed,0,0,0,482.0
Male,54,under_55,GroupA,57000.0,21.0,25.2,611.0,0.3393,0,23000.0,0,urban,fulltime,1,1,1,641.0
Male,30,under_55,GroupB,20500.0,12.3,13.0,440.0,0.6133,1,9200.0,0,rural,fulltime,0,0,0,418.0
Male,36,under_55,GroupA,30600.0,17.4,8.2,455.0,0.7482,0,16600.0,0,urban,fulltime,0,0,0,467.0
Female,38,under_55,GroupA,26600.0,15.5,11.8,621.0,0.2857,0,7600.0,0,rural,fulltime,1,0,0,599.0
Male,57,55_plus,GroupA,30800.0,19.1,31.8,635.0,0.3009,0,39700.0,2,urban,fulltime,0,1,1,618.0
Male,77,55_plus,GroupB,16200.0,12.0,45.0,520.0,0.3299,0,8200.0,4,urban,selfemployed,1,1,1,572.0
Male,38,under_55,GroupB,35400.0,13.7,16.0,621.0,0.2166,0,14000.0,2,urban,fulltime,0,1,1,637.0
Male,39,under_55,GroupA,24100.0,12.5,22.5,673.0,0.1613,0,10400.0,0,suburban,selfemployed,1,1,1,665.0
Female,34,under_55,GroupC,17800.0,8.7,17.6,685.0,0.1491,0,7000.0,15,urban,selfemployed,0,0,0,621.0
Male,58,55_plus,GroupB,26400.0,17.2,38.5,453.0,0.5454,1,34600.0,1,urban,selfemployed,1,0,0,481.0
Female,55,55_plus,GroupB,31500.0,14.0,34.6,515.0,0.4424,0,10100.0,8,urban,parttime,0,1,1,560.0
Male,18,under_55,GroupA,28400.0,14.9,0.0,334.0,0.6341,1,17000.0,5,suburban,fulltime,1,0,0,331.0
Female,44,under_55,GroupB,39300.0,11.5,31.1,765.0,0.1186,0,31600.0,15,urban,fulltime,0,1,1,696.0
Female,39,under_55,GroupB,20100.0,15.3,17.5,300.0,0.7096,1,13400.0,1,urban,selfemployed,1,0,0,353.0
Female,77,55_plus,GroupA,23600.0,17.6,45.0,584.0,0.5055,0,13900.0,4,suburban,fulltime,0,0,0,536.0
Female,40,under_55,GroupA,29700.0,14.9,15.9,582.0,0.3343,0,9900.0,9,suburban,fulltime,0,1,1,589.0
Female,45,under_55,GroupB,23200.0,13.8,27.4,554.0,0.2743,0,14100.0,10,urban,fulltime,1,1,1,592.0
Female,18,under_55,GroupA,29000.0,17.9,0.0,348.0,0.7444,0,17900.0,17,suburban,fulltime,0,0,0,364.0
Female,26,under_55,GroupB,34700.0,14.1,5.2,585.0,0.2526,1,12600.0,16,urban,parttime,0,0,0,579.0
Male,24,under_55,GroupA,43300.0,15.5,10.1,733.0,0.1799,0,32200.0,2,rural,parttime,0,1,1,714.0
Female,42,under_55,GroupB,25800.0,11.4,26.8,391.0,0.8197,1,17400.0,15,urban,selfemployed,0,0,0,374.0
Male,42,under_55,GroupB,50600.0,13.0,27.3,671.0,0.2976,0,33500.0,2,urban,fulltime,0,1,1,676.0
Male,32,under_55,GroupA,25900.0,11.6,14.6,611.0,0.2095,1,10900.0,1,rural,selfemployed,0,1,1,606.0
Female,59,55_plus,GroupC,34000.0,17.6,36.8,590.0,0.1694,1,40800.0,11,rural,selfemployed,0,0,0,619.0
Female,44,under_55,GroupB,23500.0,13.4,23.8,353.0,0.6577,1,13100.0,7,suburban,parttime,0,1,1,406.0
Male,49,under_55,GroupA,17300.0,11.0,31.3,472.0,0.3858,1,9400.0,4,suburban,fulltime,0,1,1,461.0
Male,30,under_55,GroupA,20300.0,9.5,9.6,627.0,0.1165,0,8300.0,1,urban,fulltime,0,1,1,621.0
Male,52,under_55,GroupA,15600.0,10.5,36.2,505.0,0.273,1,6400.0,17,suburban,fulltime,0,0,0,530.0
Male,37,under_55,GroupA,43000.0,15.7,13.1,612.0,0.5322,0,35100.0,0,urban,fulltime,0,1,1,602.0
Female,51,under_55,GroupC,29100.0,17.8,25.0,527.0,0.6724,0,9800.0,2,urban,fulltime,0,0,0,497.0
Male,40,under_55,GroupA,39200.0,13.0,20.3,736.0,0.1261,0,23300.0,9,urban,fulltime,1,1,1,727.0
Male,51,under_55,GroupA,36600.0,17.3,30.7,558.0,0.4635,0,30100.0,0,urban,parttime,0,1,1,565.0
Female,26,under_55,GroupB,25800.0,12.0,8.7,368.0,0.4912,1,7100.0,22,urban,fulltime,0,1,1,498.0
Male,56,55_plus,GroupA,25300.0,13.1,36.1,605.0,0.3616,0,17800.0,0,urban,selfemployed,0,1,1,599.0
Female,68,55_plus,GroupC,22400.0,12.9,43.9,372.0,0.749,3,15000.0,12,suburban,fulltime,0,0,0,304.0
Male,49,under_55,GroupB,42100.0,15.8,27.6,624.0,0.1307,1,36900.0,10,suburban,selfemployed,0,1,1,633.0
Male,33,under_55,GroupA,32400.0,14.2,12.1,641.0,0.1082,0,21500.0,1,urban,fulltime,0,1,1,666.0
Female,21,under_55,GroupA,23900.0,15.1,0.0,595.0,0.0645,0,11500.0,3,suburban,parttime,0,1,1,573.0
Male,69,55_plus,GroupB,13600.0,12.6,45.0,474.0,0.1974,1,12800.0,2,urban,fulltime,0,0,0,515.0
Male,57,55_plus,GroupA,11200.0,15.1,36.4,462.0,0.2263,1,6400.0,1,rural,fulltime,0,0,0,460.0
Male,34,under_55,GroupB,68600.0,18.5,6.1,582.0,0.479,0,22700.0,1,urban,fulltime,0,1,1,591.0
Male,37,under_55,GroupA,34300.0,16.8,12.0,704.0,0.0628,0,11100.0,0,urban,selfemployed,0,1,1,682.0
Male,44,under_55,GroupB,27700.0,13.2,22.3,380.0,0.662,2,33800.0,0,suburban,fulltime,0,0,0,393.0
Female,53,under_55,GroupB,23800.0,10.3,38.6,569.0,0.2634,0,7000.0,10,suburban,parttime,0,0,0,621.0
Female,50,under_55,GroupB,33600.0,14.0,33.7,432.0,0.2638,2,50400.0,13,urban,selfemployed,1,0,0,538.0
Male,48,under_55,GroupA,33300.0,15.2,23.1,657.0,0.2347,0,10600.0,0,suburban,fulltime,0,1,1,652.0
Female,60,55_plus,GroupA,42800.0,16.0,36.9,597.0,0.2598,2,57000.0,1,suburban,parttime,0,1,1,614.0
Female,27,under_55,GroupB,18100.0,10.0,9.1,544.0,0.3107,0,6100.0,14,urban,fulltime,1,0,0,545.0
Female,30,under_55,GroupB,20700.0,10.6,13.5,450.0,0.3015,1,10500.0,2,urban,parttime,0,0,0,514.0
Male,32,under_55,GroupC,49700.0,11.5,12.2,733.0,0.1222,0,16700.0,1,urban,fulltime,0,1,1,728.0
Female,51,under_55,GroupA,53500.0,14.1,32.8,617.0,0.2445,0,29200.0,1,urban,fulltime,1,1,1,675.0
Male,67,55_plus,GroupA,27900.0,11.1,45.0,549.0,0.2841,0,9900.0,3,rural,fulltime,1,1,1,541.0
Female,44,under_55,GroupA,32700.0,12.5,25.5,396.0,0.7217,2,20300.0,13,urban,fulltime,0,0,0,388.0
Male,30,under_55,GroupB,31000.0,13.9,10.9,477.0,0.3538,2,12400.0,1,urban,parttime,0,0,0,471.0
Male,28,under_55,GroupA,36300.0,13.5,6.7,618.0,0.428,0,38500.0,5,suburban,fulltime,0,1,1,582.0
Female,34,under_55,GroupC,27400.0,12.4,14.8,565.0,0.2925,1,23600.0,10,rural,fulltime,1,0,0,581.0
Male,35,under_55,GroupA,25000.0,14.4,13.3,654.0,0.1891,0,27100.0,2,urban,fulltime,0,1,1,640.0
Female,25,under_55,GroupA,17500.0,15.7,8.8,450.0,0.1578,1,14600.0,2,suburban,selfemployed,0,0,1,499.0
Female,64,55_plus,GroupA,18000.0,9.3,45.0,573.0,0.2432,0,8800.0,6,suburban,fulltime,0,0,1,542.0
Male,44,under_55,GroupB,74700.0,13.5,28.0,763.0,0.1003,0,40300.0,1,suburban,fulltime,0,1,1,794.0
Male,49,under_55,GroupB,42000.0,12.0,27.6,681.0,0.3767,0,20100.0,1,suburban,fulltime,0,1,1,658.0
Female,62,55_plus,GroupA,26500.0,11.1,45.0,502.0,0.434,0,33900.0,12,suburban,selfemployed,0,0,0,569.0
Female,38,under_55,GroupB,26300.0,14.6,18.5,380.0,0.731,1,20000.0,7,urban,fulltime,0,0,0,404.0
Male,53,under_55,GroupA,39500.0,16.2,33.5,585.0,0.3633,1,18600.0,3,urban,fulltime,0,1,1,577.0
Female,49,under_55,GroupA,28200.0,13.3,26.6,633.0,0.2975,0,9000.0,9,urban,fulltime,0,0,1,620.0
Female,29,under_55,GroupA,38900.0,12.0,10.7,424.0,0.8756,1,20200.0,10,suburban,fulltime,0,0,0,417.0
Male,49,under_55,GroupB,20700.0,15.2,26.8,389.0,0.3965,2,16000.0,2,urban,fulltime,1,0,0,406.0
Female,29,under_55,GroupA,27800.0,12.0,14.3,622.0,0.1673,0,23800.0,9,rural,fulltime,0,0,0,639.0
Female,55,55_plus,GroupA,30700.0,18.0,30.3,494.0,0.7926,1,48200.0,11,suburban,fulltime,0,0,0,420.0
Male,44,under_55,GroupA,57000.0,18.0,22.2,720.0,0.3051,0,26500.0,0,suburban,selfemployed,0,1,1,724.0
Female,56,55_plus,GroupA,27300.0,13.5,32.9,550.0,0.3458,1,28200.0,13,urban,fulltime,1,0,0,552.0
Male,39,under_55,GroupA,56600.0,11.0,23.6,706.0,0.2042,0,42800.0,2,suburban,fulltime,0,1,1,701.0
Female,40,under_55,GroupB,29800.0,13.4,21.1,484.0,0.36,2,23600.0,3,urban,fulltime,0,0,0,541.0
Male,57,55_plus,GroupC,32000.0,11.8,41.5,635.0,0.1996,0,40800.0,13,suburban,fulltime,0,1,1,639.0
Female,55,55_plus,GroupB,14400.0,8.0,43.6,444.0,0.3592,1,2800.0,12,urban,fulltime,0,0,0,455.0
Male,37,under_55,GroupA,35900.0,12.4,22.0,497.0,0.6419,1,12200.0,1,urban,fulltime,0,0,0,503.0
Male,20,under_55,GroupC,21900.0,10.7,0.5,468.0,0.2614,0,13800.0,2,urban,fulltime,0,0,0,484.0
Male,55,55_plus,GroupB,41100.0,16.5,29.7,550.0,0.4742,1,20600.0,1,urban,fulltime,1,1,1,509.0
Female,34,under_55,GroupA,23900.0,11.8,17.8,467.0,0.5935,0,20100.0,7,rural,fulltime,0,0,0,527.0
Male,58,55_plus,GroupA,25100.0,13.1,37.6,564.0,0.3528,0,15900.0,1,rural,selfemployed,0,1,1,566.0
Male,42,under_55,GroupC,48000.0,15.6,22.0,752.0,0.1199,0,34700.0,2,suburban,fulltime,0,1,1,738.0
Male,39,under_55,GroupA,50500.0,15.4,20.1,763.0,0.1648,0,19900.0,0,suburban,fulltime,0,1,1,757.0
Male,49,under_55,GroupB,38600.0,15.2,35.9,547.0,0.2513,1,23600.0,1,rural,fulltime,0,1,1,600.0
Male,29,under_55,GroupA,41600.0,9.7,10.9,508.0,0.6616,0,19400.0,1,suburban,fulltime,0,1,1,524.0
Male,54,under_55,GroupA,16100.0,12.7,36.5,554.0,0.2205,0,7300.0,1,rural,fulltime,1,1,1,556.0
Male,43,under_55,GroupA,99700.0,15.4,21.4,711.0,0.4131,0,63600.0,2,suburban,fulltime,0,0,0,710.0
Female,18,under_55,GroupA,25300.0,11.4,0.0,497.0,0.2804,0,11500.0,17,suburban,parttime,0,0,0,518.0
Female,52,under_55,GroupA,27400.0,18.9,32.3,357.0,0.8522,1,34900.0,7,suburban,fulltime,0,0,0,352.0
Male,46,under_55,GroupB,39300.0,20.4,21.7,572.0,0.6013,1,22400.0,1,urban,fulltime,0,0,0,504.0
Male,38,under_55,GroupB,30000.0,13.7,20.5,518.0,0.5345,1,17800.0,2,urban,selfemployed,1,0,0,490.0
Female,44,under_55,GroupA,38000.0,14.2,21.8,568.0,0.6561,0,35300.0,13,suburban,parttime,0,0,0,553.0
Male,21,under_55,GroupA,27300.0,14.7,2.2,528.0,0.1623,1,20900.0,16,urban,fulltime,0,0,0,538.0
Male,48,under_55,GroupB,36600.0,17.8,22.7,546.0,0.5461,1,20900.0,0,suburban,parttime,0,0,0,489.0
Male,35,under_55,GroupA,23000.0,16.2,13.5,460.0,0.6106,0,18400.0,0,rural,fulltime,1,0,0,465.0
Female,39,under_55,GroupB,30600.0,12.0,18.2,520.0,0.3481,1,22900.0,13,suburban,fulltime,0,0,1,550.0
Female,30,under_55,GroupA,19300.0,10.8,13.2,482.0,0.5812,0,5000.0,10,suburban,fulltime,1,0,0,510.0
Male,65,55_plus,GroupA,28700.0,16.7,37.8,649.0,0.0827,0,27600.0,0,urban,fulltime,0,1,1,649.0
Male,63,55_plus,GroupA,21500.0,14.7,42.4,605.0,0.2705,0,16300.0,2,rural,fulltime,0,0,1,601.0
Male,57,55_plus,GroupB,26400.0,14.2,37.5,516.0,0.3023,1,25900.0,4,urban,fulltime,1,0,0,518.0
Male,33,under_55,GroupA,27200.0,13.0,9.6,587.0,0.2753,0,11000.0,0,suburban,selfemployed,0,0,0,618.0
Female,48,under_55,GroupB,37600.0,13.5,34.9,555.0,0.5318,1,21100.0,10,urban,selfemployed,0,0,1,511.0
Male,40,under_55,GroupA,34200.0,12.6,18.2,598.0,0.2093,1,33700.0,2,suburban,fulltime,0,1,1,592.0
Female,35,under_55,GroupA,46900.0,16.6,13.1,649.0,0.4279,0,19600.0,10,suburban,fulltime,0,1,1,634.0
Male,34,under_55,GroupB,64200.0,16.4,8.8,689.0,0.159,0,34900.0,0,suburban,fulltime,0,1,1,731.0
Female,43,under_55,GroupB,18200.0,12.2,27.1,597.0,0.3693,1,7400.0,15,suburban,fulltime,0,0,0,451.0
Female,32,under_55,GroupA,30000.0,13.5,15.1,644.0,0.2051,0,18500.0,3,suburban,fulltime,0,0,1,627.0
Male,53,under_55,GroupA,40300.0,12.1,34.9,315.0,0.6073,4,20200.0,0,rural,selfemployed,0,0,0,300.0
Male,32,under_55,GroupA,28000.0,16.8,7.9,511.0,0.5137,0,21400.0,0,urban,parttime,1,0,0,506.0
Male,44,under_55,GroupA,29500.0,8.0,29.8,311.0,0.7144,3,16700.0,4,suburban,selfemployed,0,0,0,318.0
Male,50,under_55,GroupB,31400.0,10.2,37.8,661.0,0.3056,0,13100.0,2,urban,fulltime,1,1,1,602.0
Male,60,55_plus,GroupB,31300.0,12.2,44.5,649.0,0.1956,0,24300.0,9,urban,selfemployed,0,1,1,655.0
Male,33,under_55,GroupA,37700.0,14.7,10.1,609.0,0.4511,0,67000.0,3,suburban,fulltime,0,0,0,582.0
Female,19,under_55,GroupA,26000.0,14.9,2.1,458.0,0.4817,0,18000.0,19,suburban,fulltime,0,0,0,493.0
Female,21,under_55,GroupB,15200.0,17.7,0.0,349.0,0.3047,0,15600.0,12,urban,fulltime,0,0,0,437.0
Female,32,under_55,GroupA,21400.0,12.9,15.0,634.0,0.0778,1,7600.0,14,rural,fulltime,0,1,1,605.0
Female,39,under_55,GroupA,24900.0,13.7,19.0,497.0,0.3541,1,11400.0,18,suburban,fulltime,0,0,1,488.0
Male,40,under_55,GroupB,29800.0,14.9,15.1,459.0,0.5378,2,13700.0,1,urban,fulltime,1,0,0,436.0
Male,38,under_55,GroupB,53300.0,17.1,18.0,699.0,0.3266,0,46700.0,2,urban,fulltime,0,1,1,711.0
Male,28,under_55,GroupB,22600.0,15.2,9.4,625.0,0.2475,0,20700.0,2,urban,fulltime,0,1,1,587.0
Female,35,under_55,GroupC,37100.0,13.4,17.8,664.0,0.1566,0,16400.0,9,urban,fulltime,0,0,1,648.0
Male,54,under_55,GroupA,27200.0,13.8,37.2,571.0,0.2705,1,12600.0,2,suburban,fulltime,0,1,1,563.0
Male,19,under_55,GroupA,44000.0,17.0,0.0,518.0,0.4591,0,15800.0,1,suburban,fulltime,1,0,0,515.0
Male,18,under_55,GroupA,28800.0,14.2,2.3,588.0,0.1067,1,10400.0,2,rural,fulltime,0,1,1,576.0
Male,37,under_55,GroupB,26400.0,11.7,19.6,656.0,0.2884,0,8700.0,2,suburban,parttime,0,0,1,626.0
Male,46,under_55,GroupA,24500.0,11.7,23.1,492.0,0.5818,0,18800.0,1,suburban,fulltime,0,0,0,502.0
Female,54,under_55,GroupA,59200.0,12.4,38.1,749.0,0.2114,0,28200.0,12,suburban,fulltime,0,1,1,707.0
Female,41,under_55,GroupC,20200.0,13.9,19.2,526.0,0.1945,1,9500.0,17,suburban,fulltime,1,1,1,538.0
Female,37,under_55,GroupC,30800.0,14.1,19.6,530.0,0.5316,0,30500.0,11,urban,parttime,1,1,1,505.0
Male,70,55_plus,GroupC,31300.0,14.4,45.0,578.0,0.2802,2,24500.0,2,urban,fulltime,0,1,1,514.0
Male,48,under_55,GroupA,19700.0,10.2,32.9,453.0,0.5308,1,16200.0,2,rural,fulltime,0,0,0,466.0
Female,33,under_55,GroupB,16700.0,10.4,15.3,313.0,0.5473,2,22800.0,13,suburban,fulltime,0,0,0,340.0
Female,66,55_plus,GroupB,19500.0,16.6,45.0,556.0,0.5271,0,8300.0,8,rural,parttime,0,1,1,534.0
Female,22,under_55,GroupC,22900.0,10.6,7.4,558.0,0.4337,0,14400.0,12,rural,fulltime,1,0,0,542.0
Male,33,under_55,GroupB,33300.0,14.5,14.5,445.0,0.3998,3,28600.0,2,urban,fulltime,0,0,0,439.0
Female,71,55_plus,GroupB,23400.0,14.8,45.0,718.0,0.0969,1,16300.0,9,rural,fulltime,0,0,1,630.0
Male,51,under_55,GroupA,24200.0,12.1,29.1,527.0,0.496,1,13000.0,1,rural,fulltime,0,0,0,509.0
Female,42,under_55,GroupA,19500.0,13.8,21.9,440.0,0.2641,2,7900.0,2,rural,fulltime,1,0,0,435.0
Male,66,55_plus,GroupB,13100.0,13.0,45.0,381.0,0.2727,1,7700.0,2,urban,fulltime,1,0,0,457.0
Male,41,under_55,GroupC,18700.0,14.3,19.5,543.0,0.5041,0,12500.0,2,urban,fulltime,0,0,0,502.0
Male,43,under_55,GroupA,53900.0,15.0,19.5,583.0,0.5349,0,67800.0,1,suburban,fulltime,0,1,1,591.0
Female,30,under_55,GroupA,28200.0,11.6,12.2,677.0,0.127,0,13800.0,0,suburban,fulltime,1,1,1,660.0
Female,64,55_plus,GroupB,21000.0,14.2,45.0,342.0,0.5184,2,6300.0,2,suburban,selfemployed,0,0,0,392.0
Female,19,under_55,GroupA,24600.0,12.1,0.5,532.0,0.2618,0,19000.0,10,suburban,selfemployed,0,0,0,495.0
Female,44,under_55,GroupB,24700.0,13.4,23.8,514.0,0.3423,1,19900.0,13,rural,fulltime,1,1,1,495.0
Female,56,55_plus,GroupA,29300.0,12.7,37.5,562.0,0.1809,1,12600.0,16,suburban,parttime,0,0,0,577.0
Female,44,under_55,GroupA,43300.0,12.7,23.1,660.0,0.2843,0,37600.0,10,suburban,fulltime,0,1,1,671.0
Female,78,55_plus,GroupB,16600.0,10.4,45.0,474.0,0.259,0,11500.0,1,urban,selfemployed,0,0,0,593.0
Male,53,under_55,GroupA,48200.0,15.5,35.5,539.0,0.5664,1,29500.0,9,rural,fulltime,0,1,1,542.0
Female,50,under_55,GroupA,40200.0,10.4,30.2,637.0,0.4048,0,27500.0,0,urban,selfemployed,0,1,1,633.0
Female,59,55_plus,GroupA,26400.0,13.2,37.6,443.0,0.5863,2,4900.0,17,urban,selfemployed,0,1,1,411.0
Male,42,under_55,GroupB,23500.0,11.3,23.6,466.0,0.4055,1,9700.0,3,suburban,fulltime,0,0,0,510.0
Female,34,under_55,GroupA,17500.0,11.5,15.5,464.0,0.0876,1,4200.0,13,suburban,parttime,0,1,1,533.0
Female,52,under_55,GroupA,17300.0,16.7,34.0,550.0,0.5036,0,15100.0,10,suburban,parttime,1,0,0,517.0
Female,61,55_plus,GroupA,24100.0,11.3,43.1,361.0,0.8782,1,19800.0,12,rural,fulltime,0,0,0,386.0
Male,33,under_55,GroupA,18000.0,12.8,19.0,497.0,0.3957,0,5300.0,3,suburban,fulltime,0,1,1,508.0
Male,39,under_55,GroupA,22700.0,12.4,22.4,466.0,0.5038,1,11400.0,0,suburban,parttime,0,0,0,459.0
Female,28,under_55,GroupB,26800.0,15.0,14.0,537.0,0.3802,0,18100.0,18,urban,selfemployed,1,0,1,577.0
Male,48,under_55,GroupA,40000.0,17.7,23.1,771.0,0.0379,0,28600.0,3,suburban,fulltime,1,1,1,750.0
Female,31,under_55,GroupA,35700.0,16.9,10.3,449.0,0.6789,2,6800.0,9,suburban,fulltime,0,0,0,441.0
Male,26,under_55,GroupA,25700.0,8.5,13.4,581.0,0.2097,1,13500.0,1,urban,fulltime,0,1,1,583.0
Female,54,under_55,GroupA,24300.0,19.1,29.7,645.0,0.1693,1,13600.0,12,suburban,parttime,0,0,0,590.0
Female,33,under_55,GroupA,21700.0,17.0,7.5,337.0,0.768,2,21300.0,14,suburban,fulltime,0,0,0,300.0
Male,32,under_55,GroupB,24500.0,16.5,11.6,566.0,0.2111,1,14700.0,15,urban,parttime,1,0,0,556.0
Male,18,under_55,GroupA,59400.0,17.9,0.0,550.0,0.2415,0,51900.0,0,suburban,fulltime,0,0,0,556.0
Female,18,under_55,GroupA,12600.0,14.4,0.0,364.0,0.2004,2,8400.0,13,suburban,parttime,0,0,0,354.0
Female,29,under_55,GroupC,20100.0,11.8,11.9,380.0,0.6741,1,8800.0,15,urban,parttime,0,0,0,390.0
Male,34,under_55,GroupA,24400.0,12.6,14.3,563.0,0.3899,0,20500.0,2,suburban,fulltime,1,0,0,556.0
Female,59,55_plus,GroupA,22800.0,13.4,40.7,568.0,0.3466,0,9400.0,5,urban,parttime,0,1,1,580.0
Male,45,under_55,GroupA,53300.0,15.3,23.3,692.0,0.3576,0,37600.0,4,suburban,fulltime,1,1,1,680.0
Female,50,under_55,GroupB,19900.0,13.2,29.2,519.0,0.263,1,7600.0,1,suburban,parttime,0,0,0,535.0
Female,51,under_55,GroupA,22900.0,10.7,34.3,431.0,0.4618,2,27200.0,1,rural,parttime,1,0,0,423.0
Female,45,under_55,GroupB,41800.0,17.5,21.0,430.0,0.6268,2,25400.0,15,rural,parttime,1,1,1,440.0
Female,27,under_55,GroupB,30700.0,15.2,11.4,528.0,0.5004,0,29800.0,20,rural,fulltime,0,1,1,598.0
Male,38,under_55,GroupA,24100.0,16.6,16.7,488.0,0.2614,1,20300.0,0,suburban,fulltime,0,0,0,487.0
Female,21,under_55,GroupA,15700.0,11.8,2.3,300.0,0.6883,3,9400.0,15,suburban,parttime,1,0,0,300.0
Male,66,55_plus,GroupC,24300.0,10.9,45.0,453.0,0.38,2,18100.0,0,rural,fulltime,0,0,0,429.0
Male,26,under_55,GroupB,20000.0,12.2,10.6,607.0,0.2849,0,12800.0,3,urban,fulltime,0,1,1,568.0
Female,49,under_55,GroupB,39600.0,17.3,30.0,578.0,0.5326,0,15500.0,0,rural,fulltime,0,0,1,609.0
Male,25,under_55,GroupA,19400.0,17.5,4.4,401.0,0.4673,0,9700.0,2,suburban,fulltime,0,0,0,430.0
Male,18,under_55,GroupA,47400.0,17.6,0.0,608.0,0.0832,0,36100.0,2,suburban,selfemployed,1,1,1,615.0
Female,25,under_55,GroupA,14600.0,12.7,7.0,597.0,0.1428,0,10000.0,20,suburban,fulltime,0,0,0,547.0
Male,23,under_55,GroupB,38000.0,15.1,5.1,513.0,0.6514,1,21600.0,0,suburban,fulltime,0,1,1,484.0
Male,27,under_55,GroupA,31000.0,14.1,6.2,587.0,0.2858,0,28200.0,0,suburban,fulltime,0,0,0,584.0
Male,52,under_55,GroupB,41300.0,15.7,30.1,571.0,0.4019,0,20400.0,10,suburban,selfemployed,0,0,1,603.0
Male,35,under_55,GroupB,18700.0,14.0,17.1,430.0,0.5826,1,6800.0,2,urban,fulltime,1,1,1,437.0
Male,23,under_55,GroupA,35700.0,13.7,6.0,561.0,0.3729,1,20500.0,14,suburban,fulltime,0,1,1,554.0
Female,38,under_55,GroupA,36700.0,18.0,18.0,542.0,0.5217,0,17800.0,14,suburban,fulltime,0,1,1,534.0
Male,59,55_plus,GroupA,70900.0,15.5,39.0,684.0,0.3934,0,87200.0,3,suburban,fulltime,0,1,1,659.0
Female,37,under_55,GroupB,24700.0,14.3,19.6,449.0,0.4676,0,17500.0,9,urban,fulltime,0,0,0,500.0
Female,42,under_55,GroupB,20300.0,12.9,23.0,702.0,0.18,0,11600.0,17,urban,parttime,0,0,0,615.0
Female,23,under_55,GroupB,30200.0,15.3,2.0,583.0,0.5087,0,17400.0,1,urban,selfemployed,0,0,0,527.0
Male,35,under_55,GroupC,23600.0,12.1,12.3,452.0,0.6425,1,25700.0,2,urban,fulltime,1,0,0,391.0
Female,45,under_55,GroupA,15900.0,11.8,22.7,555.0,0.2716,0,10000.0,16,rural,parttime,0,0,0,570.0
Male,20,under_55,GroupA,30000.0,12.6,1.1,479.0,0.1529,1,23300.0,2,suburban,fulltime,0,0,0,488.0
Male,24,under_55,GroupA,24600.0,18.3,0.0,511.0,0.1911,0,30200.0,2,urban,parttime,1,1,1,499.0
Female,57,55_plus,GroupA,19800.0,16.4,31.1,488.0,0.3504,2,2600.0,18,urban,fulltime,1,0,0,471.0
Female,51,under_55,GroupC,39900.0,14.8,28.1,625.0,0.2937,0,14800.0,2,urban,selfemployed,0,1,1,660.0
Female,52,under_55,GroupA,23000.0,16.2,31.7,547.0,0.3764,0,19300.0,9,urban,parttime,1,0,1,560.0
Female,48,under_55,GroupA,23500.0,18.1,25.8,432.0,0.4963,1,10600.0,0,suburban,parttime,0,0,1,492.0
Male,42,under_55,GroupA,23800.0,15.6,21.6,563.0,0.1909,1,16300.0,1,suburban,selfemployed,1,1,1,577.0
Male,52,under_55,GroupA,47200.0,16.5,30.4,485.0,0.483,2,30300.0,12,urban,fulltime,0,0,0,482.0
Female,60,55_plus,GroupB,23100.0,14.2,38.3,465.0,0.6921,0,15900.0,0,urban,selfemployed,0,0,0,465.0
Male,25,under_55,GroupA,23000.0,13.4,6.9,532.0,0.3757,0,18900.0,1,suburban,fulltime,0,1,1,552.0
Female,65,55_plus,GroupB,26500.0,13.5,45.0,553.0,0.4048,0,12800.0,11,urban,parttime,0,1,1,575.0
Male,34,under_55,GroupA,28000.0,13.5,17.4,613.0,0.2002,1,20900.0,2,urban,fulltime,0,1,1,601.0
Female,46,under_55,GroupC,20400.0,13.8,24.7,482.0,0.6171,1,7800.0,13,urban,fulltime,1,0,0,427.0
Female,49,under_55,GroupA,25400.0,15.1,20.8,391.0,0.5789,1,11200.0,3,rural,parttime,0,0,0,447.0
Female,30,under_55,GroupB,15100.0,8.0,15.9,438.0,0.5198,0,9500.0,11,urban,fulltime,0,0,0,472.0
Male,33,under_55,GroupA,56300.0,10.7,12.7,642.0,0.4008,0,44000.0,3,suburban,fulltime,1,1,1,649.0
Female,51,under_55,GroupB,35800.0,12.6,34.4,590.0,0.3344,0,24600.0,13,rural,fulltime,0,0,0,630.0
Female,45,under_55,GroupB,12600.0,14.0,23.3,300.0,0.525,3,9400.0,15,urban,parttime,0,0,0,300.0
Female,35,under_55,GroupB,21600.0,8.7,22.9,509.0,0.3079,0,30800.0,4,urban,fulltime,0,0,1,586.0
Female,58,55_plus,GroupA,23800.0,13.4,41.7,529.0,0.595,0,8600.0,10,suburban,fulltime,0,0,0,518.0
Male,38,under_55,GroupB,35200.0,14.5,16.5,655.0,0.2938,0,25800.0,1,suburban,fulltime,0,0,0,605.0
Male,56,55_plus,GroupA,20400.0,10.6,36.4,466.0,0.4915,0,15100.0,1,urban,fulltime,0,0,0,473.0
Male,35,under_55,GroupC,31800.0,12.9,18.4,625.0,0.196,0,23400.0,16,rural,fulltime,1,1,1,649.0
Female,44,under_55,GroupC,23300.0,14.4,19.0,300.0,0.4596,4,9900.0,16,suburban,fulltime,0,0,0,300.0
Female,41,under_55,GroupA,28200.0,15.1,20.8,474.0,0.5127,1,15700.0,1,suburban,fulltime,0,1,1,477.0
Male,62,55_plus,GroupA,41500.0,14.4,40.4,676.0,0.2327,0,31700.0,2,urban,fulltime,0,1,1,697.0
Female,43,under_55,GroupA,21800.0,15.8,19.9,561.0,0.3876,0,23300.0,10,urban,fulltime,0,0,0,617.0
Male,50,under_55,GroupA,46500.0,13.3,29.1,686.0,0.2541,0,24400.0,7,suburban,fulltime,1,1,1,672.0
Female,29,under_55,GroupA,40500.0,17.0,9.9,725.0,0.0955,0,21000.0,0,suburban,fulltime,0,0,0,715.0
Male,47,under_55,GroupA,30800.0,15.1,23.2,432.0,0.3425,3,14400.0,3,suburban,fulltime,1,0,0,434.0
Female,40,under_55,GroupA,19900.0,13.4,16.8,563.0,0.4069,0,14900.0,1,suburban,selfemployed,0,1,1,560.0
Female,32,under_55,GroupA,25100.0,13.0,16.3,566.0,0.3576,1,16500.0,0,suburban,parttime,0,1,1,533.0
Male,57,55_plus,GroupA,41600.0,13.9,32.1,712.0,0.2149,0,43800.0,20,urban,fulltime,0,1,1,720.0
Female,29,under_55,GroupB,28900.0,15.6,3.9,313.0,0.7475,4,15700.0,7,urban,fulltime,0,0,0,300.0
Female,39,under_55,GroupA,23100.0,14.7,19.9,478.0,0.5467,0,18400.0,16,suburban,fulltime,0,1,1,524.0
Female,45,under_55,GroupA,32600.0,8.8,26.2,656.0,0.1649,0,21500.0,13,suburban,fulltime,0,0,1,683.0
Male,40,under_55,GroupC,13200.0,13.7,21.8,597.0,0.1263,0,8700.0,1,urban,selfemployed,0,1,1,607.0
Female,43,under_55,GroupB,26100.0,14.8,21.3,423.0,0.5257,2,32200.0,13,urban,fulltime,0,0,0,410.0
Male,32,under_55,GroupA,35600.0,11.0,10.7,517.0,0.4143,2,14400.0,2,urban,fulltime,0,1,1,502.0
Male,50,under_55,GroupA,25100.0,13.0,30.8,678.0,0.1181,0,11700.0,3,suburban,fulltime,0,1,1,672.0
Male,45,under_55,GroupC,37600.0,15.1,25.5,621.0,0.3973,0,25500.0,2,urban,fulltime,1,0,1,630.0
Female,21,under_55,GroupA,23700.0,13.7,0.5,471.0,0.2372,0,16200.0,0,rural,parttime,1,0,0,468.0
Male,18,under_55,GroupA,23100.0,17.4,2.4,495.0,0.5382,0,17600.0,3,suburban,fulltime,0,0,0,466.0
Male,48,under_55,GroupA,36400.0,15.8,26.0,631.0,0.4269,0,34900.0,12,urban,parttime,0,0,0,593.0
Female,38,under_55,GroupB,19600.0,12.1,20.4,456.0,0.7343,0,20400.0,12,suburban,fulltime,0,0,0,441.0
Female,59,55_plus,GroupA,20700.0,15.5,42.5,368.0,0.5591,1,10500.0,9,suburban,fulltime,0,0,0,396.0
Male,58,55_plus,GroupB,25400.0,13.0,36.4,670.0,0.3457,0,12500.0,1,rural,fulltime,0,0,0,623.0
Male,28,under_55,GroupB,40600.0,14.6,1.1,451.0,0.4549,0,15300.0,1,urban,fulltime,0,0,1,498.0
Male,46,under_55,GroupB,21300.0,12.3,27.5,682.0,0.0803,0,9100.0,1,urban,fulltime,0,1,1,698.0
Female,23,under_55,GroupA,18500.0,17.4,5.4,336.0,0.3848,3,13300.0,12,suburban,fulltime,0,0,0,329.0
Male,51,under_55,GroupB,25600.0,10.2,37.7,582.0,0.297,1,24600.0,0,rural,fulltime,0,0,0,590.0
Male,25,under_55,GroupB,86000.0,14.5,6.3,686.0,0.2909,0,77000.0,3,suburban,fulltime,0,1,1,688.0
Female,61,55_plus,GroupA,14700.0,9.5,45.0,395.0,0.4318,1,5200.0,7,urban,parttime,1,0,0,438.0
Male,40,under_55,GroupA,50100.0,11.8,18.8,687.0,0.2284,0,53700.0,1,suburban,fulltime,0,1,1,679.0
Female,41,under_55,GroupA,43500.0,15.1,20.0,657.0,0.2961,0,40900.0,13,suburban,fulltime,0,0,1,682.0
Male,43,under_55,GroupA,29600.0,17.7,22.6,636.0,0.0849,1,46400.0,3,urban,fulltime,0,1,1,636.0
Female,42,under_55,GroupA,38000.0,18.3,23.9,403.0,0.7566,1,11800.0,7,suburban,fulltime,1,1,1,422.0
Male,63,55_plus,GroupB,26300.0,13.2,40.0,626.0,0.3248,0,13100.0,0,rural,fulltime,0,0,1,623.0
Male,57,55_plus,GroupB,32400.0,15.5,36.2,493.0,0.3322,1,15300.0,21,urban,parttime,1,1,1,530.0
Male,43,under_55,GroupB,43900.0,12.6,27.3,558.0,0.3023,1,9800.0,1,suburban,fulltime,0,0,1,590.0
Male,58,55_plus,GroupB,33600.0,12.0,42.4,579.0,0.3257,1,28600.0,1,suburban,fulltime,0,1,1,566.0
Female,46,under_55,GroupB,49900.0,13.4,26.2,587.0,0.2071,0,64500.0,0,urban,selfemployed,0,1,1,687.0
Female,18,under_55,GroupB,23600.0,12.1,0.0,456.0,0.3118,0,13300.0,2,urban,fulltime,0,0,0,501.0
Male,50,under_55,GroupA,23400.0,8.0,34.4,549.0,0.3387,1,19100.0,1,suburban,fulltime,0,1,1,552.0
Male,62,55_plus,GroupA,59000.0,20.9,37.4,655.0,0.5497,0,19300.0,12,rural,fulltime,1,1,1,641.0
Female,42,under_55,GroupA,13400.0,12.6,25.6,402.0,0.3451,2,10500.0,13,suburban,parttime,0,0,0,414.0
Male,51,under_55,GroupA,24100.0,13.6,28.3,610.0,0.2892,0,8000.0,0,suburban,fulltime,1,1,1,607.0
Female,46,under_55,GroupA,24900.0,16.1,24.1,654.0,0.1081,0,14400.0,13,rural,fulltime,0,0,1,656.0
Female,37,under_55,GroupC,28800.0,14.4,18.9,635.0,0.3843,0,17700.0,7,urban,fulltime,1,1,1,552.0
Male,47,under_55,GroupA,23800.0,16.7,20.7,416.0,0.494,2,13500.0,2,suburban,fulltime,1,0,0,398.0
Male,46,under_55,GroupA,27100.0,9.2,32.2,544.0,0.2921,1,26200.0,20,suburban,fulltime,0,0,0,554.0
Male,54,under_55,GroupB,34200.0,15.2,26.9,722.0,0.1372,0,11900.0,2,urban,fulltime,0,1,1,681.0
Male,46,under_55,GroupB,39100.0,13.9,27.3,512.0,0.2956,2,13800.0,2,urban,fulltime,0,0,0,484.0
Female,40,under_55,GroupC,24200.0,12.9,19.5,622.0,0.192,0,23500.0,9,urban,parttime,1,1,1,603.0
Female,18,under_55,GroupA,39400.0,15.2,0.0,400.0,0.5147,0,24000.0,8,suburban,fulltime,0,0,0,436.0
Male,18,under_55,GroupA,28100.0,12.9,0.3,590.0,0.1134,0,11400.0,2,suburban,selfemployed,0,1,1,579.0
Female,48,under_55,GroupA,19200.0,14.3,28.7,526.0,0.1985,1,7900.0,18,urban,parttime,1,1,1,536.0
Female,37,under_55,GroupC,29200.0,11.9,17.1,585.0,0.3843,0,25100.0,18,urban,fulltime,0,1,1,546.0
Female,19,under_55,GroupB,12100.0,13.8,0.0,394.0,0.3438,3,9100.0,17,urban,parttime,0,0,0,300.0
Male,48,under_55,GroupA,35200.0,14.8,24.3,448.0,0.7555,1,34400.0,1,suburban,fulltime,0,0,0,447.0
Female,60,55_plus,GroupA,16100.0,12.4,40.4,479.0,0.3864,1,3600.0,2,suburban,fulltime,0,0,0,460.0
Male,59,55_plus,GroupA,22200.0,12.5,42.7,483.0,0.1643,2,10200.0,0,rural,parttime,0,0,0,476.0
Male,40,under_55,GroupA,67100.0,20.2,11.8,796.0,0.1046,0,45200.0,1,suburban,fulltime,0,1,1,804.0
Female,48,under_55,GroupA,44800.0,14.3,27.7,740.0,0.1715,0,18300.0,7,suburban,selfemployed,1,1,1,712.0
Female,57,55_plus,GroupA,17600.0,8.8,42.0,629.0,0.1729,0,23400.0,3,suburban,fulltime,1,0,0,578.0
Male,51,under_55,GroupA,23400.0,10.1,36.0,519.0,0.4683,0,16100.0,1,suburban,fulltime,0,1,1,536.0
Male,52,under_55,GroupA,49200.0,16.2,28.6,669.0,0.2032,1,38000.0,0,urban,fulltime,0,1,1,662.0
Male,50,under_55,GroupC,33000.0,11.3,34.0,603.0,0.295,0,34200.0,20,urban,fulltime,1,1,1,622.0
Female,44,under_55,GroupB,27400.0,12.1,24.9,439.0,0.6719,0,24900.0,12,rural,fulltime,0,1,1,467.0
Male,51,under_55,GroupB,22400.0,13.5,30.5,549.0,0.4986,0,25100.0,2,urban,fulltime,1,0,0,504.0
Female,56,55_plus,GroupA,27400.0,12.6,33.2,658.0,0.2427,0,7400.0,5,suburban,fulltime,1,1,1,630.0
Male,37,under_55,GroupB,37400.0,8.5,22.5,731.0,0.0936,0,24700.0,2,suburban,fulltime,0,0,1,686.0
Female,39,under_55,GroupC,15800.0,8.0,25.4,579.0,0.4234,0,11900.0,21,urban,fulltime,0,0,0,523.0
Male,64,55_plus,GroupA,23800.0,13.4,45.0,440.0,0.4816,2,20500.0,0,rural,fulltime,0,0,0,438.0
Male,52,under_55,GroupA,20300.0,12.6,36.8,510.0,0.4544,0,15400.0,1,suburban,fulltime,0,0,0,506.0
Male,48,under_55,GroupC,19200.0,13.7,26.4,604.0,0.291,0,9300.0,1,urban,fulltime,0,1,1,594.0
Male,28,under_55,GroupA,25200.0,14.0,10.0,631.0,0.2667,0,12100.0,3,suburban,fulltime,0,1,1,630.0
Female,27,under_55,GroupA,24400.0,15.1,5.1,518.0,0.165,1,10900.0,18,urban,fulltime,0,1,1,523.0
Male,27,under_55,GroupA,41400.0,19.2,0.0,577.0,0.2467,0,35900.0,1,suburban,selfemployed,1,1,1,574.0
Female,53,under_55,GroupB,37000.0,13.9,32.9,552.0,0.6553,0,27300.0,7,suburban,fulltime,1,0,1,550.0
Male,30,under_55,GroupB,29700.0,13.1,14.9,682.0,0.1646,0,38600.0,1,suburban,fulltime,0,1,1,702.0
Male,58,55_plus,GroupA,21300.0,8.6,41.4,445.0,0.5357,1,13700.0,0,suburban,fulltime,0,0,0,456.0
Male,44,under_55,GroupB,18800.0,11.6,22.3,595.0,0.1223,0,10100.0,2,rural,fulltime,0,1,1,631.0
Male,68,55_plus,GroupB,31700.0,16.0,44.5,528.0,0.3906,2,22900.0,3,urban,fulltime,0,0,0,507.0
Female,35,under_55,GroupB,23000.0,12.4,19.4,622.0,0.1898,0,5600.0,20,suburban,fulltime,1,1,1,627.0
Male,31,under_55,GroupA,24600.0,16.7,9.7,656.0,0.2273,0,20600.0,0,urban,fulltime,0,1,1,642.0
Male,30,under_55,GroupC,52500.0,16.6,8.5,690.0,0.138,0,24600.0,5,suburban,fulltime,0,1,1,675.0
Male,50,under_55,GroupB,42000.0,14.1,29.1,650.0,0.1333,0,23300.0,15,urban,fulltime,0,1,1,674.0
Female,40,under_55,GroupA,30500.0,13.6,28.1,636.0,0.087,0,14600.0,14,suburban,fulltime,0,1,1,640.0
Female,29,under_55,GroupB,32300.0,16.7,8.6,408.0,0.5555,0,52500.0,13,rural,fulltime,0,0,0,552.0
Male,54,under_55,GroupA,33800.0,13.4,33.0,469.0,0.545,1,14900.0,0,urban,fulltime,0,0,0,476.0
Male,49,under_55,GroupA,48600.0,15.6,29.7,624.0,0.4254,0,14600.0,2,rural,fulltime,1,1,1,621.0
Male,41,under_55,GroupA,27700.0,18.0,15.4,663.0,0.2131,0,21800.0,2,rural,selfemployed,1,1,1,667.0
Male,36,under_55,GroupB,17900.0,13.6,17.3,336.0,0.9406,3,11100.0,3,urban,parttime,0,0,0,300.0
Male,60,55_plus,GroupA,29100.0,11.7,44.1,482.0,0.4542,2,16300.0,1,suburban,fulltime,0,0,0,487.0
Male,54,under_55,GroupA,22800.0,9.7,35.9,640.0,0.222,0,20200.0,2,suburban,fulltime,1,1,1,640.0
Male,39,under_55,GroupA,25000.0,12.9,21.9,569.0,0.3469,0,20800.0,3,rural,parttime,0,1,1,583.0
Female,62,55_plus,GroupC,14300.0,11.9,45.0,300.0,0.8446,2,4300.0,15,rural,fulltime,1,0,0,300.0
Female,41,under_55,GroupA,40500.0,15.4,18.3,624.0,0.3322,0,15500.0,10,suburban,fulltime,0,1,1,633.0
Female,51,under_55,GroupA,26200.0,18.3,25.7,477.0,0.6305,0,15600.0,13,suburban,parttime,0,0,0,490.0
Female,26,under_55,GroupB,36400.0,15.1,1.5,416.0,0.2425,2,12500.0,18,suburban,fulltime,0,0,0,449.0
Male,36,under_55,GroupB,27000.0,10.0,19.7,499.0,0.5916,1,21600.0,2,urban,fulltime,0,0,0,435.0
Female,41,under_55,GroupA,15700.0,14.4,24.9,509.0,0.1095,1,17200.0,11,urban,parttime,0,0,1,542.0
Male,27,under_55,GroupB,49700.0,14.7,7.6,659.0,0.4185,0,20500.0,1,urban,fulltime,1,1,1,655.0
Female,28,under_55,GroupA,35300.0,17.2,1.8,447.0,0.4532,0,27000.0,13,urban,parttime,0,0,0,483.0
Female,33,under_55,GroupA,23700.0,14.8,12.8,700.0,0.1334,0,16400.0,10,rural,parttime,1,0,0,671.0
Male,56,55_plus,GroupB,50300.0,12.7,39.0,678.0,0.3545,0,40600.0,2,suburban,selfemployed,0,0,0,684.0
Male,55,55_plus,GroupB,63500.0,14.5,35.0,774.0,0.0948,0,46600.0,1,urban,fulltime,1,0,1,803.0
Female,56,55_plus,GroupA,25300.0,15.8,34.7,645.0,0.1894,0,9800.0,12,urban,fulltime,1,1,1,616.0
Male,40,under_55,GroupA,26400.0,14.6,17.5,541.0,0.3596,1,14000.0,2,suburban,parttime,1,0,0,543.0
Male,37,under_55,GroupA,27000.0,18.8,14.4,542.0,0.4174,0,9700.0,1,suburban,selfemployed,0,1,1,558.0
Male,55,55_plus,GroupB,55500.0,16.1,33.1,645.0,0.2803,0,15900.0,2,urban,fulltime,1,1,1,677.0
Female,53,under_55,GroupA,23900.0,12.7,32.5,697.0,0.0679,0,31700.0,13,suburban,fulltime,0,0,0,643.0
Female,65,55_plus,GroupB,20400.0,18.5,40.5,411.0,0.6944,1,16300.0,2,suburban,parttime,0,0,0,415.0
Female,36,under_55,GroupC,26500.0,14.2,11.8,716.0,0.0652,0,10200.0,7,urban,fulltime,0,0,1,694.0
Female,37,under_55,GroupA,20900.0,14.0,16.0,561.0,0.3047,1,7700.0,17,suburban,parttime,0,1,1,548.0
Male,32,under_55,GroupA,25800.0,12.4,15.3,519.0,0.5515,0,14600.0,1,suburban,fulltime,0,1,1,538.0
Female,45,under_55,GroupB,34300.0,12.3,28.7,571.0,0.2172,1,33200.0,2,urban,parttime,1,0,1,596.0
Male,42,under_55,GroupC,28300.0,11.4,22.8,429.0,0.2638,3,15900.0,1,urban,fulltime,0,0,0,431.0
Male,52,under_55,GroupB,70000.0,17.6,32.1,622.0,0.5395,0,43400.0,0,suburban,fulltime,0,1,1,613.0
Male,61,55_plus,GroupA,23800.0,13.1,44.7,390.0,0.7456,1,14800.0,0,suburban,fulltime,0,0,0,399.0
Male,38,under_55,GroupA,24400.0,14.6,12.3,681.0,0.0984,1,15400.0,0,suburban,fulltime,0,1,1,652.0
Female,31,under_55,GroupA,22200.0,16.3,14.1,384.0,0.711,1,10500.0,1,urban,parttime,0,0,0,349.0
Male,35,under_55,GroupA,28400.0,12.1,18.1,630.0,0.1745,0,26400.0,0,urban,fulltime,1,0,0,645.0
Female,55,55_plus,GroupA,21600.0,12.8,34.8,489.0,0.409,0,9900.0,9,suburban,parttime,0,1,1,537.0
Male,52,under_55,GroupA,25900.0,15.0,30.0,580.0,0.2751,1,25900.0,3,suburban,parttime,0,1,1,566.0
Male,23,under_55,GroupC,23200.0,11.2,6.4,594.0,0.2466,0,15200.0,2,urban,fulltime,0,1,1,624.0
Male,38,under_55,GroupA,58900.0,18.5,17.0,666.0,0.2095,1,30600.0,2,urban,fulltime,0,1,1,663.0
Male,43,under_55,GroupC,38200.0,14.2,17.6,608.0,0.3284,0,36000.0,0,suburban,fulltime,0,1,1,591.0
Male,59,55_plus,GroupA,22900.0,9.6,40.9,471.0,0.4623,1,13600.0,1,suburban,fulltime,1,0,0,468.0
Male,51,under_55,GroupA,49600.0,15.9,34.7,780.0,0.0489,0,30500.0,1,rural,fulltime,0,1,1,774.0
Male,57,55_plus,GroupA,40400.0,13.8,36.1,665.0,0.1812,1,20700.0,12,suburban,fulltime,0,1,1,649.0
Male,42,under_55,GroupC,31900.0,12.4,26.2,537.0,0.5046,0,8900.0,1,urban,fulltime,1,0,0,553.0
Male,52,under_55,GroupA,36800.0,18.3,27.5,790.0,0.0971,0,25400.0,0,rural,fulltime,0,1,1,780.0
Female,61,55_plus,GroupA,26500.0,16.9,36.7,438.0,0.611,0,27300.0,21,rural,fulltime,0,0,0,482.0
Male,29,under_55,GroupA,32600.0,11.7,12.6,520.0,0.5727,1,26200.0,1,suburban,fulltime,0,0,0,539.0
Female,18,under_55,GroupA,27400.0,14.8,0.1,483.0,0.1661,1,28000.0,14,suburban,fulltime,0,1,1,495.0
Male,56,55_plus,GroupB,43600.0,13.2,30.6,694.0,0.0642,1,14900.0,1,urban,fulltime,0,1,1,704.0
Female,27,under_55,GroupA,48100.0,16.0,6.1,617.0,0.2177,0,36100.0,17,suburban,fulltime,1,0,1,627.0
Female,27,under_55,GroupC,18600.0,10.6,6.7,496.0,0.5434,1,16300.0,1,urban,parttime,0,0,1,446.0
Female,47,under_55,GroupA,44200.0,15.6,18.1,666.0,0.2927,0,23800.0,14,urban,selfemployed,0,0,1,671.0
Male,53,under_55,GroupA,38500.0,19.0,29.3,634.0,0.0987,0,21900.0,1,urban,fulltime,0,1,1,642.0
Male,60,55_plus,GroupA,21400.0,14.9,44.9,652.0,0.0764,1,6800.0,0,rural,parttime,0,0,1,670.0
Male,29,under_55,GroupA,21100.0,11.2,12.0,385.0,0.7522,1,13200.0,2,urban,fulltime,0,0,0,387.0
Male,62,55_plus,GroupA,42500.0,13.4,39.8,464.0,0.658,1,20600.0,2,urban,fulltime,0,0,0,475.0
Male,56,55_plus,GroupB,19300.0,8.2,42.3,535.0,0.5527,0,5300.0,13,rural,fulltime,0,0,0,513.0
Male,39,under_55,GroupA,35900.0,13.0,20.7,522.0,0.6309,0,12200.0,1,rural,fulltime,0,1,1,539.0
Male,60,55_plus,GroupA,32300.0,15.8,40.0,560.0,0.3793,1,23500.0,1,suburban,fulltime,1,0,0,555.0
Female,69,55_plus,GroupB,15600.0,10.7,45.0,562.0,0.3586,0,4100.0,0,urban,fulltime,0,0,0,524.0
Female,59,55_plus,GroupA,25000.0,13.7,39.7,481.0,0.6873,0,10300.0,1,urban,fulltime,0,0,1,519.0
Female,61,55_plus,GroupA,19300.0,12.3,42.6,607.0,0.1499,0,6600.0,15,suburban,parttime,1,1,1,626.0
Male,42,under_55,GroupA,39600.0,14.9,25.0,530.0,0.7083,0,32200.0,0,suburban,selfemployed,0,0,0,541.0
Male,20,under_55,GroupA,29900.0,16.9,0.0,507.0,0.2925,0,13300.0,2,rural,parttime,0,0,0,504.0
Male,37,under_55,GroupB,25900.0,12.2,16.5,398.0,0.509,2,23500.0,1,urban,fulltime,0,0,0,398.0
Male,33,under_55,GroupA,42600.0,15.6,5.3,657.0,0.2378,0,34600.0,3,suburban,fulltime,1,1,1,643.0
Male,33,under_55,GroupA,56200.0,15.0,9.3,726.0,0.1053,0,20400.0,1,suburban,parttime,0,1,1,727.0
Male,30,under_55,GroupB,31700.0,15.9,12.8,638.0,0.1383,1,6200.0,3,rural,fulltime,0,1,1,658.0
Male,52,under_55,GroupA,32800.0,18.2,23.8,614.0,0.2522,0,15000.0,0,suburban,selfemployed,0,1,1,620.0
Male,55,55_plus,GroupC,23800.0,15.3,33.7,335.0,0.6538,2,17500.0,0,urban,fulltime,0,0,0,390.0
Female,31,under_55,GroupA,21700.0,14.6,8.9,502.0,0.2912,1,18500.0,14,suburban,parttime,0,0,0,474.0
Male,60,55_plus,GroupA,37800.0,15.9,33.6,587.0,0.3593,0,8600.0,2,suburban,fulltime,0,1,1,599.0
Male,37,under_55,GroupA,22900.0,10.1,22.6,633.0,0.1834,0,7700.0,1,urban,selfemployed,0,1,1,624.0
Female,55,55_plus,GroupB,24400.0,11.3,43.7,571.0,0.2648,0,20700.0,12,suburban,fulltime,1,1,1,597.0
Female,38,under_55,GroupA,28600.0,16.6,13.8,587.0,0.3897,1,22300.0,1,suburban,selfemployed,0,1,1,567.0
Male,55,55_plus,GroupA,29300.0,13.4,43.1,659.0,0.1939,0,9200.0,3,rural,selfemployed,0,1,1,662.0
Male,36,under_55,GroupA,43900.0,12.7,16.8,691.0,0.036,0,85500.0,1,rural,fulltime,0,1,1,699.0
Female,42,under_55,GroupA,31800.0,12.7,18.1,571.0,0.295,0,13700.0,9,suburban,parttime,0,0,1,620.0
Male,18,under_55,GroupA,18200.0,16.0,0.0,310.0,0.4608,2,17700.0,3,rural,fulltime,1,0,0,300.0
Male,34,under_55,GroupA,33000.0,15.3,11.2,589.0,0.4091,0,8700.0,1,rural,fulltime,0,1,1,595.0
Male,49,under_55,GroupA,25200.0,14.6,31.4,610.0,0.2304,1,22800.0,2,suburban,selfemployed,0,1,1,592.0
Male,41,under_55,GroupA,56100.0,13.2,23.9,645.0,0.3011,0,15600.0,1,urban,fulltime,1,1,1,630.0
Male,68,55_plus,GroupA,23300.0,11.9,45.0,611.0,0.1714,0,6700.0,2,suburban,selfemployed,1,0,1,623.0
Female,41,under_55,GroupC,20600.0,15.5,21.4,472.0,0.2072,2,14200.0,0,urban,fulltime,0,1,1,469.0
Female,49,under_55,GroupA,24900.0,8.0,32.0,363.0,0.4124,3,8800.0,3,rural,selfemployed,0,0,0,374.0
Female,43,under_55,GroupC,40900.0,12.9,26.5,582.0,0.5163,0,25700.0,10,urban,fulltime,1,1,1,611.0
Female,48,under_55,GroupB,35300.0,14.3,32.8,608.0,0.262,0,22800.0,1,urban,fulltime,1,1,1,611.0
Male,29,under_55,GroupA,20900.0,11.6,15.2,490.0,0.1875,2,4200.0,17,urban,fulltime,0,0,0,481.0
Female,27,under_55,GroupA,26600.0,13.2,7.6,652.0,0.3614,0,10100.0,13,suburban,parttime,0,1,1,577.0
Male,35,under_55,GroupB,15100.0,12.6,14.5,474.0,0.4219,1,9000.0,3,rural,selfemployed,0,0,0,443.0
Male,58,55_plus,GroupA,21800.0,10.3,45.0,307.0,0.8409,2,13700.0,1,suburban,fulltime,0,0,0,305.0
Female,28,under_55,GroupA,15200.0,11.5,11.2,418.0,0.2909,3,4200.0,12,rural,parttime,0,0,0,353.0
Male,35,under_55,GroupA,50000.0,16.2,12.8,555.0,0.6058,1,30300.0,2,urban,fulltime,1,1,1,546.0
Female,63,55_plus,GroupA,15400.0,12.5,44.0,482.0,0.437,0,13200.0,13,urban,fulltime,0,1,1,521.0
Female,63,55_plus,GroupA,31800.0,16.7,35.8,603.0,0.2163,1,27400.0,5,rural,fulltime,0,0,1,581.0
Female,45,under_55,GroupA,38400.0,12.1,25.7,612.0,0.1627,1,20000.0,15,suburban,fulltime,1,0,0,588.0
Male,45,under_55,GroupA,27100.0,14.2,26.1,498.0,0.6495,0,25800.0,2,suburban,parttime,0,0,0,489.0
Male,33,under_55,GroupA,40700.0,16.6,7.9,524.0,0.7033,0,17000.0,0,suburban,fulltime,0,0,0,526.0
Male,53,under_55,GroupB,19100.0,14.9,34.6,445.0,0.3775,1,8100.0,0,urban,fulltime,0,0,0,473.0
Male,65,55_plus,GroupB,30300.0,15.0,43.3,592.0,0.3617,0,10200.0,1,urban,fulltime,0,0,0,589.0
Male,52,under_55,GroupC,21200.0,9.9,33.4,575.0,0.3119,0,15400.0,2,rural,fulltime,0,1,1,550.0
Female,31,under_55,GroupA,21900.0,8.0,10.5,506.0,0.3093,0,9300.0,14,urban,fulltime,0,0,1,554.0
Male,66,55_plus,GroupB,14000.0,16.1,42.3,435.0,0.4533,1,6400.0,13,suburban,fulltime,1,0,0,425.0
Male,50,under_55,GroupC,23700.0,14.0,21.8,562.0,0.5585,0,13900.0,0,urban,fulltime,0,1,1,490.0
Male,40,under_55,GroupC,27800.0,10.5,23.8,551.0,0.1333,1,18200.0,1,urban,selfemployed,0,1,1,591.0
Male,59,55_plus,GroupA,31300.0,15.0,39.7,417.0,0.509,2,19500.0,0,urban,parttime,0,0,0,435.0
Male,49,under_55,GroupA,22600.0,14.0,34.3,471.0,0.3795,1,13400.0,2,urban,fulltime,0,0,0,472.0
Male,49,under_55,GroupA,31600.0,18.6,24.3,506.0,0.3617,2,12300.0,16,suburban,fulltime,0,0,0,491.0
Female,52,under_55,GroupC,33100.0,12.2,32.7,559.0,0.3049,0,32200.0,11,rural,fulltime,0,0,0,596.0
Male,57,55_plus,GroupA,57700.0,14.0,34.1,589.0,0.3779,2,49600.0,0,suburban,fulltime,0,0,1,571.0
Male,57,55_plus,GroupA,55100.0,15.2,35.1,465.0,0.6983,1,63200.0,2,rural,fulltime,0,0,0,472.0
Female,41,under_55,GroupA,23900.0,16.9,20.5,671.0,0.2124,0,8200.0,17,suburban,fulltime,0,1,1,636.0
Female,59,55_plus,GroupC,17600.0,12.0,36.1,465.0,0.2374,2,7600.0,17,suburban,fulltime,1,0,0,451.0
Female,60,55_plus,GroupB,27500.0,16.7,42.3,451.0,0.2536,0,16700.0,3,suburban,selfemployed,0,1,1,594.0
Male,40,under_55,GroupB,40100.0,17.5,17.2,678.0,0.1373,0,18800.0,1,urban,fulltime,0,1,1,707.0
Male,18,under_55,GroupA,31000.0,12.7,0.0,537.0,0.1329,0,20300.0,3,urban,fulltime,1,1,1,545.0
Male,59,55_plus,GroupA,42600.0,13.8,45.0,457.0,0.8052,0,17900.0,9,urban,fulltime,0,0,0,456.0
Male,43,under_55,GroupC,23400.0,9.3,27.1,623.0,0.2568,0,10100.0,0,urban,fulltime,0,1,1,617.0
Male,48,under_55,GroupC,33000.0,12.1,29.9,475.0,0.5066,1,20900.0,11,rural,fulltime,0,0,0,468.0
Male,52,under_55,GroupB,36800.0,15.8,35.9,557.0,0.6541,0,12200.0,1,suburban,fulltime,0,0,1,502.0
Male,40,under_55,GroupA,24500.0,14.5,21.3,517.0,0.5122,0,33900.0,0,urban,fulltime,0,0,0,518.0
Female,70,55_plus,GroupA,20100.0,16.0,45.0,326.0,0.4783,3,22900.0,11,suburban,parttime,0,0,0,344.0
Female,50,under_55,GroupA,19300.0,13.4,32.9,519.0,0.2967,1,8900.0,19,rural,fulltime,0,0,0,495.0
Male,44,under_55,GroupA,40000.0,14.1,23.8,683.0,0.2093,0,23600.0,4,suburban,fulltime,0,1,1,662.0
Male,35,under_55,GroupA,27200.0,15.9,12.4,593.0,0.3686,0,12800.0,1,rural,fulltime,0,0,0,611.0
Male,22,under_55,GroupA,36600.0,15.6,0.0,552.0,0.1148,1,17900.0,0,rural,fulltime,0,1,1,558.0
Female,21,under_55,GroupB,17300.0,9.8,6.0,426.0,0.5231,0,17000.0,3,suburban,parttime,0,0,0,459.0
Female,58,55_plus,GroupA,32900.0,14.8,38.6,584.0,0.3578,0,16300.0,13,suburban,fulltime,1,0,1,622.0
Male,36,under_55,GroupA,16900.0,14.5,20.0,380.0,0.5776,2,11500.0,2,urban,fulltime,0,0,0,368.0
Female,30,under_55,GroupC,38600.0,10.7,14.5,300.0,0.8592,3,17600.0,11,urban,fulltime,1,0,0,300.0
Female,42,under_55,GroupA,18200.0,10.7,22.9,524.0,0.4059,0,6600.0,12,rural,fulltime,1,0,0,515.0
Male,45,under_55,GroupA,28700.0,17.9,18.9,492.0,0.4792,1,15900.0,2,rural,fulltime,0,0,0,502.0
Female,67,55_plus,GroupA,34200.0,19.7,42.5,690.0,0.2205,0,29100.0,16,suburban,fulltime,0,1,1,675.0
Male,18,under_55,GroupA,44100.0,14.4,0.0,493.0,0.4678,1,17900.0,1,suburban,fulltime,1,1,1,486.0
Male,59,55_plus,GroupA,24800.0,14.2,38.2,667.0,0.065,0,31500.0,1,suburban,fulltime,0,0,1,678.0
Male,53,under_55,GroupA,43200.0,16.0,28.5,682.0,0.1483,0,25700.0,1,suburban,selfemployed,0,1,1,694.0
Male,49,under_55,GroupC,29800.0,11.5,32.3,435.0,0.8036,0,26900.0,1,urban,selfemployed,0,0,0,444.0
Female,56,55_plus,GroupA,18900.0,13.8,37.1,539.0,0.4926,0,11500.0,11,urban,selfemployed,0,1,1,512.0
Male,38,under_55,GroupB,27100.0,17.2,13.3,409.0,0.583,1,19200.0,2,urban,fulltime,1,0,0,455.0
Male,57,55_plus,GroupA,38600.0,13.8,35.6,499.0,0.6081,1,18600.0,10,suburban,fulltime,1,0,0,480.0
Male,36,under_55,GroupA,10900.0,11.4,17.0,409.0,0.5196,0,5200.0,1,urban,parttime,0,0,0,410.0
Male,28,under_55,GroupA,30700.0,15.9,4.9,507.0,0.5077,0,13600.0,4,rural,fulltime,0,1,1,506.0
Male,23,under_55,GroupA,22800.0,12.9,6.2,479.0,0.5486,0,24500.0,0,rural,fulltime,0,0,0,483.0
Female,42,under_55,GroupA,38500.0,15.6,21.5,567.0,0.486,1,23000.0,14,suburban,parttime,1,1,1,568.0
Male,39,under_55,GroupC,21600.0,13.0,22.5,428.0,0.3857,2,24900.0,3,rural,fulltime,0,0,0,411.0
Female,67,55_plus,GroupB,26000.0,14.4,45.0,446.0,0.236,3,8100.0,11,urban,fulltime,1,0,0,457.0
Male,59,55_plus,GroupB,13500.0,14.7,37.7,484.0,0.4249,0,4600.0,3,urban,parttime,0,0,1,484.0
Male,43,under_55,GroupA,21300.0,15.0,24.8,538.0,0.2539,1,12300.0,1,urban,fulltime,1,1,1,549.0
Male,55,55_plus,GroupA,41300.0,15.2,34.1,539.0,0.6566,0,14700.0,1,suburban,fulltime,0,0,0,526.0
Male,45,under_55,GroupB,22800.0,14.3,23.3,594.0,0.2227,0,11400.0,2,urban,fulltime,0,0,0,648.0
Male,18,under_55,GroupA,22000.0,12.5,1.0,323.0,0.4911,2,5300.0,0,rural,fulltime,0,0,0,319.0
Female,54,under_55,GroupB,22600.0,13.3,33.0,547.0,0.2056,2,16600.0,15,suburban,fulltime,0,0,0,522.0
Male,46,under_55,GroupA,46500.0,16.4,25.7,688.0,0.2591,0,36700.0,3,suburban,fulltime,0,1,1,684.0
Female,18,under_55,GroupA,21200.0,12.5,2.8,508.0,0.4634,0,17000.0,9,urban,parttime,1,0,0,467.0
Male,48,under_55,GroupA,26800.0,18.9,29.1,553.0,0.4169,1,11000.0,1,rural,fulltime,1,0,0,545.0
Female,46,under_55,GroupA,15300.0,17.6,20.6,402.0,0.2066,2,10400.0,2,rural,fulltime,0,0,0,474.0
Female,70,55_plus,GroupB,16600.0,10.8,45.0,541.0,0.5145,0,4700.0,8,urban,fulltime,0,0,1,503.0
Female,58,55_plus,GroupB,31000.0,13.2,39.5,657.0,0.0793,0,20100.0,0,urban,selfemployed,0,1,1,671.0
Male,59,55_plus,GroupC,21700.0,11.6,42.9,631.0,0.37,0,22000.0,15,urban,fulltime,1,0,1,602.0
Male,55,55_plus,GroupB,50900.0,12.6,38.4,670.0,0.4138,0,32900.0,1,urban,selfemployed,0,1,1,660.0
Male,24,under_55,GroupA,26500.0,17.4,0.0,338.0,0.7173,1,17000.0,3,urban,fulltime,0,0,0,329.0
Male,43,under_55,GroupA,29900.0,13.2,21.3,619.0,0.2256,0,8700.0,2,suburban,selfemployed,0,1,1,630.0
Male,40,under_55,GroupB,20400.0,14.7,20.1,601.0,0.2359,0,17300.0,4,rural,fulltime,0,1,1,580.0
Male,42,under_55,GroupA,41500.0,13.0,22.3,730.0,0.2616,0,42200.0,10,suburban,fulltime,0,1,1,719.0
Female,43,under_55,GroupA,22200.0,16.6,17.8,493.0,0.3516,3,32600.0,11,urban,parttime,0,0,0,445.0
Female,42,under_55,GroupB,24100.0,17.5,18.4,455.0,0.5421,1,11900.0,2,suburban,fulltime,0,1,1,459.0
Male,43,under_55,GroupB,25700.0,14.1,26.2,437.0,0.6024,1,12300.0,3,suburban,fulltime,0,0,0,452.0
Male,27,under_55,GroupA,38000.0,13.3,10.5,650.0,0.2114,1,62500.0,1,rural,fulltime,0,1,1,643.0
Female,39,under_55,GroupA,32500.0,16.0,14.1,546.0,0.2678,1,19500.0,1,suburban,parttime,0,1,1,538.0
Male,40,under_55,GroupA,16900.0,14.5,22.0,404.0,0.4867,1,17700.0,2,urban,fulltime,0,0,0,399.0
Female,46,under_55,GroupA,38300.0,13.7,32.0,488.0,0.5037,1,27700.0,17,rural,fulltime,1,0,0,490.0
Female,47,under_55,GroupB,22300.0,11.4,24.9,628.0,0.2845,1,11000.0,15,urban,fulltime,0,0,0,528.0
Male,37,under_55,GroupB,19700.0,14.4,14.5,513.0,0.4787,0,15100.0,2,urban,fulltime,1,0,0,526.0
Female,23,under_55,GroupA,33200.0,15.4,2.5,517.0,0.3428,0,40500.0,13,urban,fulltime,1,1,1,505.0
Female,20,under_55,GroupA,16000.0,14.2,0.6,472.0,0.307,1,8700.0,14,suburban,fulltime,0,0,0,403.0
Male,61,55_plus,GroupA,25200.0,17.8,33.9,608.0,0.2423,0,7600.0,0,suburban,fulltime,0,1,1,625.0
Female,25,under_55,GroupB,39100.0,14.2,1.9,580.0,0.3898,0,16200.0,15,suburban,parttime,0,0,0,533.0
Male,43,under_55,GroupB,12000.0,17.6,22.0,472.0,0.3573,0,8800.0,1,urban,selfemployed,0,0,0,499.0
Male,37,under_55,GroupA,23300.0,8.9,19.2,565.0,0.247,0,14100.0,0,suburban,parttime,1,1,1,575.0
Male,59,55_plus,GroupC,14300.0,8.0,42.7,471.0,0.3821,0,16300.0,1,urban,fulltime,0,0,0,506.0
Male,18,under_55,GroupA,16600.0,15.9,0.0,394.0,0.3435,1,5500.0,2,suburban,fulltime,0,0,0,389.0
Male,20,under_55,GroupA,24300.0,14.5,2.2,488.0,0.3926,0,27000.0,1,rural,fulltime,0,0,0,520.0
Female,22,under_55,GroupA,18300.0,11.7,5.1,621.0,0.0847,0,11400.0,13,urban,selfemployed,0,1,1,628.0
Male,64,55_plus,GroupA,16000.0,9.7,45.0,562.0,0.2211,0,10600.0,1,suburban,fulltime,0,0,0,580.0
Female,48,under_55,GroupA,23400.0,18.8,20.2,474.0,0.4298,1,8500.0,8,suburban,parttime,1,1,1,502.0
Male,58,55_plus,GroupA,39200.0,15.7,33.7,572.0,0.2933,0,32000.0,0,suburban,parttime,0,1,1,570.0
Male,46,under_55,GroupA,54000.0,16.0,26.0,724.0,0.3134,0,44200.0,0,suburban,fulltime,1,1,1,723.0
Male,40,under_55,GroupA,42300.0,14.4,15.8,606.0,0.3093,1,30400.0,1,suburban,fulltime,0,1,1,627.0
Male,55,55_plus,GroupC,24800.0,11.0,36.8,499.0,0.4059,1,23500.0,1,suburban,fulltime,0,0,0,523.0
Male,49,under_55,GroupA,30600.0,13.5,30.6,511.0,0.5537,0,20400.0,0,urban,fulltime,0,1,1,516.0
Female,56,55_plus,GroupA,28500.0,13.6,33.0,485.0,0.4282,0,21500.0,2,suburban,parttime,0,0,0,517.0
Female,41,under_55,GroupC,20300.0,12.0,19.9,605.0,0.2486,1,8900.0,14,urban,parttime,0,0,0,557.0
Female,58,55_plus,GroupA,26900.0,13.5,36.9,537.0,0.3092,0,9000.0,12,urban,fulltime,0,1,1,564.0
Male,37,under_55,GroupA,57300.0,13.7,21.3,728.0,0.2512,0,36100.0,4,suburban,parttime,1,1,1,709.0
Male,61,55_plus,GroupB,15100.0,9.1,45.0,447.0,0.5596,0,5200.0,1,rural,selfemployed,1,0,0,431.0
Male,34,under_55,GroupA,22400.0,14.7,12.7,596.0,0.1381,0,10900.0,3,urban,fulltime,0,0,0,606.0
Female,52,under_55,GroupA,13900.0,13.1,33.7,475.0,0.3388,1,5700.0,15,urban,parttime,0,0,0,503.0
Female,36,under_55,GroupA,28300.0,14.1,17.2,700.0,0.1863,0,17600.0,6,suburban,fulltime,0,1,1,671.0
Female,58,55_plus,GroupA,24700.0,16.2,42.0,646.0,0.1017,0,11000.0,10,suburban,fulltime,0,1,1,662.0
Male,33,under_55,GroupC,14100.0,11.1,21.1,329.0,0.6983,2,8600.0,2,rural,selfemployed,0,0,0,300.0
Male,41,under_55,GroupA,24200.0,15.0,20.6,457.0,0.3492,2,19900.0,2,rural,parttime,0,0,0,469.0
Male,56,55_plus,GroupC,35900.0,14.9,33.2,658.0,0.3088,0,26400.0,1,urban,fulltime,0,1,1,689.0
Male,37,under_55,GroupA,43100.0,17.6,14.5,677.0,0.267,0,25200.0,3,suburban,fulltime,0,1,1,656.0
Male,43,under_55,GroupC,16600.0,12.8,24.7,502.0,0.4998,0,7800.0,0,urban,fulltime,0,0,0,516.0
Female,50,under_55,GroupB,24000.0,13.4,31.4,382.0,0.893,0,10400.0,19,urban,fulltime,0,0,0,405.0
Female,61,55_plus,GroupA,15600.0,16.0,37.4,406.0,0.3159,2,21400.0,10,suburban,parttime,0,0,0,442.0
Male,48,under_55,GroupA,45200.0,13.3,35.6,663.0,0.3105,0,39600.0,1,rural,fulltime,0,0,0,657.0
Male,34,under_55,GroupB,19700.0,15.6,14.2,588.0,0.2877,0,10400.0,0,suburban,fulltime,1,0,1,575.0
Female,18,under_55,GroupC,12500.0,15.8,0.0,502.0,0.1369,0,4200.0,9,suburban,parttime,0,0,0,495.0
Female,43,under_55,GroupB,15500.0,13.9,21.7,466.0,0.1712,2,10000.0,1,suburban,fulltime,0,0,0,475.0
Male,43,under_55,GroupB,23800.0,11.7,22.0,391.0,0.6899,1,21900.0,1,suburban,fulltime,0,0,0,383.0
Female,45,under_55,GroupA,17400.0,12.5,25.6,671.0,0.1008,0,9600.0,6,suburban,fulltime,0,1,1,651.0
Female,46,under_55,GroupC,21300.0,12.6,31.2,458.0,0.4673,0,14000.0,8,urban,selfemployed,0,0,0,516.0
Male,31,under_55,GroupC,27700.0,9.5,16.4,500.0,0.7821,0,21900.0,0,urban,fulltime,1,0,0,444.0
Male,41,under_55,GroupB,38100.0,11.2,26.3,651.0,0.1477,0,18400.0,1,suburban,selfemployed,0,1,1,661.0
Male,57,55_plus,GroupA,45600.0,13.8,39.8,708.0,0.2067,0,17700.0,0,suburban,fulltime,0,1,1,719.0
Female,68,55_plus,GroupB,13800.0,15.3,45.0,482.0,0.3989,1,10900.0,18,suburban,fulltime,1,0,0,449.0
Male,44,under_55,GroupA,45600.0,16.7,16.8,515.0,0.491,1,24100.0,2,suburban,fulltime,0,0,0,521.0
Male,39,under_55,GroupB,36600.0,12.3,19.9,327.0,0.6285,3,26500.0,1,urban,fulltime,1,0,0,318.0
Male,43,under_55,GroupA,24300.0,13.8,18.5,620.0,0.2894,0,25400.0,1,suburban,fulltime,0,1,1,624.0
Female,37,under_55,GroupB,22200.0,8.0,21.5,588.0,0.1138,0,8000.0,17,urban,parttime,0,0,1,619.0
Female,46,under_55,GroupC,31700.0,15.0,25.5,515.0,0.6231,0,8800.0,6,urban,selfemployed,1,0,0,542.0
Male,41,under_55,GroupA,38500.0,13.5,20.1,619.0,0.3429,0,32200.0,0,urban,selfemployed,1,1,1,624.0
Male,40,under_55,GroupA,28600.0,13.8,20.8,564.0,0.3412,0,9900.0,2,suburban,fulltime,0,0,0,560.0
Female,47,under_55,GroupB,22400.0,11.1,34.0,585.0,0.2075,0,18900.0,9,rural,fulltime,0,0,0,614.0
Female,26,under_55,GroupC,25500.0,17.1,0.0,478.0,0.3687,1,20600.0,9,urban,fulltime,0,0,0,443.0
Male,54,under_55,GroupA,34100.0,12.3,36.2,570.0,0.262,1,29300.0,1,urban,fulltime,0,0,0,589.0
Female,38,under_55,GroupC,28000.0,14.2,16.0,620.0,0.2586,0,10500.0,8,urban,selfemployed,1,1,1,613.0
Female,46,under_55,GroupA,33600.0,17.2,20.3,623.0,0.0957,1,7000.0,1,urban,fulltime,0,1,1,648.0
Female,49,under_55,GroupC,40100.0,14.9,27.7,536.0,0.5756,1,19300.0,14,urban,selfemployed,0,0,1,524.0
Male,18,under_55,GroupA,15700.0,11.1,0.0,477.0,0.1996,0,6900.0,10,suburban,fulltime,0,1,1,502.0
Male,34,under_55,GroupA,23600.0,15.7,12.6,657.0,0.1828,0,10400.0,2,rural,fulltime,1,1,1,639.0
Male,67,55_plus,GroupB,27500.0,18.6,39.0,449.0,0.366,2,27400.0,1,urban,fulltime,0,0,0,449.0
Female,53,under_55,GroupA,23200.0,12.9,31.8,618.0,0.2389,0,9900.0,1,rural,fulltime,1,1,1,597.0
Male,45,under_55,GroupA,36900.0,13.9,28.2,496.0,0.4491,2,14900.0,1,suburban,fulltime,0,1,1,491.0
Female,53,under_55,GroupA,26400.0,18.5,24.0,678.0,0.0439,0,13600.0,6,suburban,fulltime,0,1,1,691.0
Male,28,under_55,GroupC,21100.0,13.4,6.9,528.0,0.346,1,22300.0,1,urban,fulltime,0,0,0,489.0
Male,42,under_55,GroupA,19700.0,13.8,20.9,454.0,0.7553,0,13800.0,2,suburban,selfemployed,0,0,0,442.0
Male,24,under_55,GroupB,35800.0,17.2,0.0,389.0,0.7298,1,28000.0,0,rural,fulltime,1,0,0,320.0
Female,48,under_55,GroupA,25100.0,16.3,26.0,528.0,0.1098,2,18100.0,21,suburban,parttime,0,0,0,553.0
Female,23,under_55,GroupB,66100.0,13.1,6.1,725.0,0.179,0,72900.0,13,suburban,fulltime,0,1,1,722.0
Male,78,55_plus,GroupC,33000.0,13.3,45.0,608.0,0.3258,0,14000.0,2,urban,fulltime,0,0,0,642.0
Female,36,under_55,GroupB,17200.0,16.5,15.9,478.0,0.4427,0,19700.0,2,rural,selfemployed,0,0,0,489.0
Male,36,under_55,GroupA,43200.0,11.3,17.7,693.0,0.0307,0,19700.0,0,urban,fulltime,0,1,1,687.0
Male,53,under_55,GroupB,52200.0,11.7,35.5,497.0,0.8998,0,19500.0,0,urban,fulltime,0,0,0,493.0
Male,46,under_55,GroupA,27900.0,16.3,22.5,453.0,0.4091,1,45600.0,3,suburban,fulltime,0,0,0,461.0
Male,59,55_plus,GroupA,42200.0,15.4,34.6,505.0,0.6609,0,38300.0,0,suburban,fulltime,0,1,1,509.0
Female,44,under_55,GroupB,31000.0,17.0,15.9,767.0,0.1342,0,16700.0,12,rural,fulltime,0,0,1,684.0
Male,44,under_55,GroupA,34700.0,11.8,28.2,571.0,0.5985,0,35100.0,2,suburban,fulltime,0,0,0,580.0
Female,46,under_55,GroupA,45400.0,14.3,23.2,573.0,0.5309,1,30400.0,12,suburban,fulltime,0,1,1,587.0
Male,46,under_55,GroupA,46600.0,15.5,28.0,715.0,0.2978,0,25400.0,2,urban,fulltime,0,1,1,705.0
Male,50,under_55,GroupA,26100.0,10.7,29.2,347.0,0.5605,3,8700.0,11,rural,fulltime,0,0,0,355.0
Male,43,under_55,GroupB,49200.0,20.2,14.8,703.0,0.3799,0,32500.0,1,suburban,selfemployed,0,1,1,678.0
Male,42,under_55,GroupB,44200.0,16.6,22.6,452.0,0.8505,0,46700.0,10,urban,selfemployed,0,1,1,465.0
Female,32,under_55,GroupA,25400.0,14.7,9.8,465.0,0.7075,0,20600.0,9,urban,fulltime,1,0,0,471.0
Female,40,under_55,GroupA,22400.0,15.6,12.5,579.0,0.2822,0,11800.0,1,suburban,parttime,1,0,0,585.0
Male,54,under_55,GroupA,38700.0,13.9,30.6,681.0,0.0625,0,26600.0,3,urban,fulltime,1,1,1,682.0
Male,63,55_plus,GroupA,27200.0,17.3,39.4,503.0,0.4306,0,8900.0,2,urban,selfemployed,0,0,0,524.0
Male,29,under_55,GroupB,11100.0,8.3,15.8,459.0,0.5556,0,9200.0,3,urban,parttime,0,0,0,449.0
Male,57,55_plus,GroupA,38300.0,14.3,40.4,695.0,0.2012,0,29900.0,2,rural,fulltime,0,1,1,685.0
Female,35,under_55,GroupA,29400.0,21.3,7.3,514.0,0.3977,1,21100.0,10,suburban,parttime,0,0,0,542.0
Male,48,under_55,GroupA,23900.0,16.8,28.5,595.0,0.309,0,17400.0,0,suburban,fulltime,0,1,1,586.0
Female,73,55_plus,GroupA,20400.0,12.0,45.0,411.0,0.6047,1,16500.0,10,rural,fulltime,1,0,0,403.0
Male,48,under_55,GroupB,16700.0,11.4,28.7,410.0,0.4329,1,5800.0,0,suburban,fulltime,1,0,0,445.0
Male,59,55_plus,GroupB,27900.0,9.7,45.0,563.0,0.2591,1,29700.0,2,urban,fulltime,0,0,0,564.0
Female,29,under_55,GroupA,32700.0,15.7,6.0,507.0,0.3064,1,21600.0,4,suburban,fulltime,1,0,0,540.0
Male,53,under_55,GroupB,26000.0,16.1,30.8,592.0,0.2088,0,15000.0,2,urban,fulltime,1,1,1,601.0
Male,26,under_55,GroupA,18100.0,12.8,4.3,455.0,0.2312,2,9100.0,0,rural,fulltime,0,0,0,441.0
Male,37,under_55,GroupA,39300.0,14.6,14.8,630.0,0.2903,0,23100.0,4,suburban,selfemployed,0,0,0,618.0
Male,44,under_55,GroupC,22500.0,15.8,23.5,300.0,0.3623,4,12600.0,2,rural,fulltime,0,0,0,339.0
Female,70,55_plus,GroupA,24200.0,12.9,45.0,469.0,0.2316,2,10900.0,2,rural,fulltime,1,0,0,532.0
Male,31,under_55,GroupC,46200.0,18.2,2.7,544.0,0.2917,0,56800.0,0,urban,fulltime,1,0,0,597.0
Male,47,under_55,GroupC,16800.0,10.8,31.9,439.0,0.2852,2,7700.0,2,suburban,fulltime,0,0,0,480.0
Male,60,55_plus,GroupA,27800.0,12.8,39.3,496.0,0.4382,1,21500.0,1,urban,fulltime,0,0,0,509.0
Male,40,under_55,GroupA,16500.0,11.2,23.3,467.0,0.3013,2,4300.0,5,urban,fulltime,0,0,0,455.0
Female,43,under_55,GroupB,24400.0,18.1,16.3,587.0,0.1679,0,6400.0,2,urban,selfemployed,0,0,1,626.0
Female,57,55_plus,GroupB,14000.0,8.4,42.1,327.0,0.6651,1,7600.0,12,urban,parttime,0,0,0,322.0
Female,50,under_55,GroupA,35700.0,9.8,35.8,550.0,0.5218,0,38500.0,3,urban,fulltime,0,0,0,594.0
Female,49,under_55,GroupA,30100.0,11.0,34.6,560.0,0.3187,1,20500.0,12,suburban,parttime,1,1,1,562.0
Male,39,under_55,GroupB,41700.0,17.2,10.2,663.0,0.2666,0,23800.0,0,urban,selfemployed,0,1,1,679.0
Male,38,under_55,GroupC,27800.0,16.1,16.5,418.0,0.4815,1,10200.0,0,urban,fulltime,0,0,0,459.0
Female,31,under_55,GroupA,39700.0,14.2,9.3,676.0,0.3245,0,12800.0,14,rural,fulltime,1,1,1,653.0
Male,31,under_55,GroupA,30300.0,14.7,15.6,655.0,0.29,0,25300.0,1,urban,fulltime,0,1,1,647.0
Male,41,under_55,GroupA,45900.0,14.3,23.9,764.0,0.1129,0,55600.0,0,urban,fulltime,0,0,0,770.0
Female,61,55_plus,GroupA,18000.0,14.0,41.6,460.0,0.2256,2,4100.0,10,rural,fulltime,0,0,0,455.0
Female,42,under_55,GroupA,15900.0,14.8,20.1,433.0,0.325,1,18300.0,13,urban,parttime,0,0,0,477.0
Female,50,under_55,GroupA,19700.0,16.2,29.5,531.0,0.6063,0,9500.0,16,suburban,parttime,0,0,0,488.0
Male,50,under_55,GroupC,33000.0,16.9,27.9,620.0,0.2715,0,20300.0,1,rural,selfemployed,0,1,1,651.0
Female,48,under_55,GroupB,19600.0,14.6,24.9,542.0,0.4984,0,11300.0,13,urban,parttime,0,0,0,551.0
Female,44,under_55,GroupA,22900.0,12.6,25.3,506.0,0.3697,1,14500.0,1,suburban,fulltime,0,0,0,459.0
Male,34,under_55,GroupB,15500.0,12.2,16.6,329.0,0.6392,3,11400.0,0,urban,fulltime,1,0,0,300.0
Female,49,under_55,GroupB,13400.0,12.8,34.0,411.0,0.5596,1,7000.0,16,rural,selfemployed,0,0,0,375.0
Female,37,under_55,GroupB,20400.0,13.4,21.2,584.0,0.3102,0,14000.0,4,suburban,parttime,0,0,0,562.0
Male,45,under_55,GroupA,55700.0,15.4,20.6,625.0,0.3571,1,36700.0,2,suburban,fulltime,0,0,0,629.0
Male,36,under_55,GroupA,44800.0,14.2,13.5,398.0,0.7997,2,19600.0,16,suburban,parttime,0,0,0,408.0
Male,37,under_55,GroupA,30400.0,12.6,19.8,453.0,0.4073,2,8200.0,4,suburban,fulltime,0,0,0,464.0
Male,31,under_55,GroupB,32600.0,10.9,8.2,378.0,0.5903,1,20500.0,1,suburban,fulltime,0,0,0,424.0
Male,54,under_55,GroupB,54500.0,15.3,36.5,640.0,0.277,0,13700.0,0,suburban,fulltime,0,1,1,706.0
Female,46,under_55,GroupB,12400.0,13.8,24.8,505.0,0.4529,0,5300.0,7,suburban,parttime,0,0,0,471.0
Male,29,under_55,GroupA,33400.0,12.3,13.7,463.0,0.4842,2,21700.0,3,rural,fulltime,1,0,0,465.0
Female,43,under_55,GroupB,18300.0,13.1,26.4,443.0,0.5171,1,23500.0,14,suburban,parttime,0,0,0,459.0
Male,50,under_55,GroupB,21200.0,13.2,29.2,446.0,0.484,1,8100.0,1,urban,fulltime,0,0,0,481.0
Female,41,under_55,GroupA,23800.0,15.2,21.8,451.0,0.4662,1,37600.0,1,suburban,selfemployed,1,0,0,452.0
Female,63,55_plus,GroupA,22800.0,12.1,42.6,333.0,0.7817,3,18600.0,14,suburban,parttime,0,0,0,300.0
Male,47,under_55,GroupA,58000.0,13.7,27.0,575.0,0.6072,0,33500.0,11,urban,fulltime,0,1,1,589.0
Male,50,under_55,GroupB,49300.0,13.5,27.9,666.0,0.3498,0,46200.0,2,rural,fulltime,1,1,1,674.0
Female,18,under_55,GroupB,23300.0,11.9,0.0,356.0,0.7493,0,20900.0,13,rural,fulltime,0,0,0,355.0
Male,30,under_55,GroupB,25400.0,12.3,12.1,538.0,0.3633,1,18000.0,2,rural,fulltime,0,0,1,518.0
Female,67,55_plus,GroupB,22400.0,10.3,45.0,533.0,0.4855,1,9800.0,14,suburban,fulltime,0,0,0,474.0
Male,36,under_55,GroupC,22300.0,14.5,18.7,609.0,0.2848,1,22500.0,10,urban,fulltime,0,0,0,559.0
Female,59,55_plus,GroupA,29800.0,11.6,43.5,575.0,0.2523,1,31000.0,1,urban,fulltime,0,1,1,568.0
Male,20,under_55,GroupB,14600.0,11.3,2.3,399.0,0.2887,1,9500.0,2,rural,parttime,0,0,0,383.0
Female,50,under_55,GroupA,38700.0,12.5,33.6,716.0,0.3358,0,47000.0,17,suburban,fulltime,0,1,1,678.0
Male,43,under_55,GroupB,67800.0,19.9,16.5,723.0,0.1444,0,30000.0,3,suburban,parttime,0,1,1,764.0
Male,34,under_55,GroupA,24200.0,11.6,11.6,546.0,0.4546,0,19100.0,0,rural,fulltime,0,0,0,547.0
Male,46,under_55,GroupA,49000.0,14.8,26.7,523.0,0.7029,0,27400.0,1,suburban,fulltime,0,1,1,530.0
Male,27,under_55,GroupA,14100.0,17.0,8.2,404.0,0.5387,1,6600.0,0,suburban,selfemployed,0,0,0,402.0
Male,36,under_55,GroupA,50000.0,15.3,20.1,515.0,0.7639,0,94900.0,1,urban,fulltime,0,0,0,520.0
Male,46,under_55,GroupA,32200.0,17.0,19.4,607.0,0.4272,0,10600.0,3,suburban,fulltime,0,0,0,584.0
Male,38,under_55,GroupC,29800.0,11.9,17.1,334.0,0.8915,1,20700.0,2,urban,fulltime,0,0,0,300.0
Male,63,55_plus,GroupA,19500.0,15.8,40.8,579.0,0.3603,0,12600.0,10,suburban,fulltime,1,1,1,585.0
Male,61,55_plus,GroupB,35400.0,14.8,44.8,488.0,0.4622,1,68300.0,2,urban,fulltime,0,1,1,546.0
Female,53,under_55,GroupB,20500.0,12.7,31.0,580.0,0.1571,1,17000.0,13,urban,fulltime,1,0,0,545.0
Female,46,under_55,GroupA,19200.0,11.1,29.2,449.0,0.5753,1,15000.0,2,suburban,fulltime,0,0,0,438.0
Female,33,under_55,GroupC,16800.0,10.1,14.1,501.0,0.4086,0,10700.0,13,urban,parttime,0,0,0,542.0
Male,52,under_55,GroupA,25100.0,13.4,31.1,617.0,0.3238,0,18200.0,3,urban,fulltime,0,0,0,608.0
Male,18,under_55,GroupA,48100.0,18.3,0.0,451.0,0.5452,0,15200.0,0,suburban,fulltime,0,1,1,482.0
Female,36,under_55,GroupA,27700.0,20.1,8.0,680.0,0.16,0,25200.0,2,urban,fulltime,0,1,1,656.0
Male,41,under_55,GroupA,33900.0,14.1,22.0,528.0,0.471,0,16300.0,13,urban,fulltime,0,0,0,522.0
Male,70,55_plus,GroupC,16500.0,13.7,45.0,405.0,0.4173,1,6900.0,1,rural,fulltime,0,0,0,438.0
Male,53,under_55,GroupA,31700.0,15.3,31.4,628.0,0.3392,0,18200.0,16,rural,fulltime,0,1,1,632.0
Male,37,under_55,GroupA,39800.0,13.6,16.7,642.0,0.2364,0,8200.0,2,suburban,fulltime,0,1,1,648.0
Female,50,under_55,GroupA,16200.0,16.1,31.7,300.0,0.6796,4,16000.0,1,suburban,fulltime,0,0,0,300.0
Female,57,55_plus,GroupA,24700.0,16.6,37.5,625.0,0.4018,0,10500.0,10,urban,selfemployed,0,1,1,566.0
Female,72,55_plus,GroupA,30300.0,16.1,45.0,542.0,0.4519,0,13200.0,0,rural,fulltime,0,1,1,568.0
Female,49,under_55,GroupC,45700.0,16.5,29.3,594.0,0.3045,1,24100.0,18,urban,parttime,0,0,1,576.0
Female,38,under_55,GroupA,24900.0,14.7,20.5,571.0,0.5181,0,12800.0,18,suburban,parttime,0,0,0,558.0
Female,52,under_55,GroupC,22400.0,14.3,26.2,545.0,0.5054,0,10500.0,13,urban,parttime,0,0,0,530.0
Male,51,under_55,GroupA,41700.0,15.4,25.4,579.0,0.2391,1,19400.0,2,urban,fulltime,0,1,1,585.0
Male,51,under_55,GroupB,31900.0,13.4,30.8,607.0,0.355,0,12300.0,4,suburban,fulltime,1,1,1,591.0
Female,45,under_55,GroupA,24300.0,17.6,17.6,542.0,0.307,0,10300.0,8,suburban,fulltime,1,1,1,567.0
Female,25,under_55,GroupB,28300.0,13.8,8.3,572.0,0.1955,0,20700.0,13,urban,fulltime,0,1,1,607.0
Female,41,under_55,GroupA,19700.0,11.8,21.1,327.0,0.5071,3,11600.0,8,urban,selfemployed,0,0,0,361.0
Male,56,55_plus,GroupA,84300.0,18.9,35.6,652.0,0.4928,0,39900.0,1,suburban,selfemployed,0,0,1,676.0
Male,26,under_55,GroupB,38000.0,10.8,10.0,657.0,0.1667,0,32500.0,1,urban,selfemployed,0,1,1,678.0
Male,46,under_55,GroupA,35400.0,15.1,23.9,667.0,0.2232,0,22900.0,8,suburban,fulltime,1,1,1,668.0
Male,51,under_55,GroupA,33800.0,14.4,26.6,670.0,0.2207,0,17900.0,0,urban,fulltime,0,1,1,664.0
Male,65,55_plus,GroupB,27700.0,14.1,43.9,484.0,0.7574,0,20600.0,1,suburban,fulltime,0,0,0,487.0
Male,38,under_55,GroupB,46300.0,16.3,21.8,673.0,0.2345,1,40300.0,2,urban,fulltime,0,1,1,630.0
Female,35,under_55,GroupB,15600.0,13.8,15.5,343.0,0.95,4,4800.0,19,urban,parttime,0,0,0,300.0
Female,50,under_55,GroupB,18100.0,12.9,27.3,576.0,0.1815,0,14000.0,2,urban,fulltime,0,0,0,553.0
Female,18,under_55,GroupA,6600.0,13.3,0.0,300.0,0.3573,2,3000.0,1,suburban,parttime,0,0,0,300.0
Male,73,55_plus,GroupB,44800.0,15.7,45.0,716.0,0.296,0,12700.0,0,rural,selfemployed,1,1,1,702.0
Male,33,under_55,GroupA,31400.0,14.2,11.6,596.0,0.2029,0,13900.0,14,urban,fulltime,0,1,1,611.0
Male,61,55_plus,GroupA,27200.0,15.9,37.3,598.0,0.2369,1,35600.0,0,suburban,selfemployed,0,1,1,590.0
Female,51,under_55,GroupA,14600.0,9.6,34.5,346.0,0.7028,2,14300.0,1,suburban,parttime,0,0,0,300.0
Female,62,55_plus,GroupB,30100.0,17.1,41.6,708.0,0.2589,0,25500.0,11,suburban,fulltime,0,1,1,661.0
Male,40,under_55,GroupA,33200.0,15.7,20.7,595.0,0.371,0,13600.0,3,rural,fulltime,0,1,1,585.0
Male,47,under_55,GroupA,29200.0,10.0,32.8,677.0,0.1777,0,7100.0,0,urban,fulltime,0,1,1,658.0
Female,45,under_55,GroupB,34000.0,17.1,21.3,589.0,0.4386,1,22900.0,10,rural,fulltime,0,0,0,558.0
Female,33,under_55,GroupA,27300.0,15.1,10.2,561.0,0.4165,0,12400.0,22,urban,fulltime,0,1,1,570.0
Male,67,55_plus,GroupA,24000.0,11.9,45.0,640.0,0.1774,0,8600.0,1,suburban,fulltime,0,1,1,618.0
Male,48,under_55,GroupB,16900.0,13.3,25.5,478.0,0.4616,1,7600.0,0,suburban,selfemployed,0,0,0,469.0
Male,56,55_plus,GroupA,48400.0,12.9,44.9,701.0,0.2631,0,22600.0,16,suburban,fulltime,1,1,1,697.0
Female,29,under_55,GroupA,23400.0,16.7,1.0,346.0,0.6155,1,42500.0,1,rural,parttime,0,0,0,369.0
Female,37,under_55,GroupA,13700.0,13.8,13.2,698.0,0.1303,0,11800.0,11,suburban,parttime,0,0,1,648.0
Male,35,under_55,GroupA,31000.0,14.6,9.6,672.0,0.2864,0,25900.0,2,suburban,fulltime,0,1,1,659.0
Female,41,under_55,GroupA,17800.0,12.1,24.2,558.0,0.2768,0,14200.0,15,urban,selfemployed,1,0,1,532.0
Female,56,55_plus,GroupA,15200.0,15.8,35.2,372.0,0.9314,0,8400.0,12,rural,fulltime,0,0,0,359.0
Female,43,under_55,GroupB,27600.0,18.4,20.3,579.0,0.4626,0,19000.0,1,suburban,fulltime,0,1,1,585.0
Male,27,under_55,GroupA,62100.0,16.2,4.6,646.0,0.1909,0,43200.0,3,suburban,fulltime,1,1,1,651.0
Male,33,under_55,GroupA,39200.0,13.6,11.2,660.0,0.2845,0,27200.0,1,suburban,fulltime,0,1,1,662.0
Male,37,under_55,GroupB,27500.0,12.5,20.2,468.0,0.6487,1,28000.0,3,suburban,fulltime,0,0,0,479.0
Male,60,55_plus,GroupA,61700.0,13.2,39.1,572.0,0.5471,0,86200.0,9,urban,fulltime,0,1,1,590.0
Male,58,55_plus,GroupC,22500.0,14.1,39.8,347.0,0.6418,3,11700.0,3,urban,fulltime,0,0,0,304.0
Male,46,under_55,GroupA,34500.0,13.6,24.7,712.0,0.1747,0,17800.0,2,rural,fulltime,0,1,1,674.0
Male,30,under_55,GroupB,19200.0,15.2,9.9,519.0,0.2592,1,7200.0,14,urban,parttime,0,1,1,494.0
Male,31,under_55,GroupA,49400.0,16.2,10.7,630.0,0.3465,0,33500.0,3,suburban,fulltime,1,1,1,631.0
Female,29,under_55,GroupA,34600.0,14.9,10.7,632.0,0.2707,0,22000.0,1,rural,fulltime,0,1,1,648.0
Female,19,under_55,GroupA,14000.0,14.7,0.0,380.0,0.4928,3,5800.0,15,suburban,parttime,0,0,0,300.0
Male,23,under_55,GroupB,28400.0,10.1,11.8,552.0,0.4421,0,13900.0,11,suburban,parttime,0,1,1,566.0
Male,44,under_55,GroupA,45200.0,15.1,23.5,665.0,0.4137,0,19500.0,2,suburban,fulltime,0,1,1,640.0
Female,46,under_55,GroupA,20100.0,15.0,31.0,376.0,0.4185,1,33500.0,12,rural,fulltime,0,0,0,445.0
Female,36,under_55,GroupA,28800.0,14.7,10.9,662.0,0.2896,0,8500.0,9,suburban,fulltime,1,1,1,637.0
Female,33,under_55,GroupA,18000.0,15.3,14.5,497.0,0.2393,1,10000.0,2,urban,parttime,0,0,0,486.0
Female,43,under_55,GroupA,19500.0,12.7,23.9,509.0,0.4977,1,15900.0,13,suburban,fulltime,1,0,0,488.0
Male,55,55_plus,GroupA,35500.0,17.7,30.2,530.0,0.3248,2,26800.0,2,urban,fulltime,0,0,0,528.0
Male,41,under_55,GroupA,37800.0,18.7,16.0,675.0,0.1852,0,13400.0,2,urban,fulltime,0,1,1,670.0
Male,48,under_55,GroupC,23800.0,13.3,29.1,499.0,0.5586,1,15600.0,0,urban,fulltime,1,0,0,477.0
Female,54,under_55,GroupB,31200.0,13.2,38.1,647.0,0.2022,1,19400.0,15,urban,selfemployed,0,0,1,590.0
Male,37,under_55,GroupA,27800.0,12.9,19.5,556.0,0.4344,0,23800.0,3,suburban,selfemployed,0,1,1,545.0
Male,38,under_55,GroupC,46100.0,12.5,13.5,722.0,0.117,0,13900.0,3,urban,fulltime,1,1,1,732.0
Female,41,under_55,GroupB,18900.0,11.1,23.5,551.0,0.2341,0,13100.0,11,urban,selfemployed,0,0,0,574.0
Male,37,under_55,GroupB,29400.0,16.1,14.6,483.0,0.4312,0,30800.0,2,urban,parttime,1,0,0,545.0
Female,64,55_plus,GroupA,20600.0,17.2,45.0,300.0,0.95,2,9800.0,2,suburban,fulltime,0,0,0,300.0
Male,71,55_plus,GroupA,37400.0,17.6,45.0,574.0,0.3856,1,13100.0,16,suburban,fulltime,0,0,0,564.0
Female,49,under_55,GroupB,15800.0,16.0,23.4,339.0,0.8339,1,7100.0,8,urban,parttime,0,0,0,337.0
Male,40,under_55,GroupB,18200.0,11.7,19.6,488.0,0.2155,2,10500.0,1,urban,fulltime,0,0,0,524.0
Female,78,55_plus,GroupC,16300.0,11.5,45.0,300.0,0.5669,3,10300.0,11,rural,selfemployed,0,0,0,300.0
Female,46,under_55,GroupB,15300.0,13.4,25.2,392.0,0.5046,1,6800.0,11,rural,selfemployed,0,1,1,433.0
Male,46,under_55,GroupA,22800.0,16.8,25.0,512.0,0.4439,0,18900.0,1,suburban,fulltime,1,0,0,506.0
Female,27,under_55,GroupA,24600.0,10.9,3.9,502.0,0.3245,0,11500.0,10,suburban,parttime,0,0,0,559.0
Male,72,55_plus,GroupC,23200.0,10.4,45.0,580.0,0.4146,0,12800.0,3,urban,parttime,0,1,1,582.0
Female,48,under_55,GroupA,66700.0,15.5,23.4,454.0,0.8585,0,84000.0,12,suburban,fulltime,0,0,0,473.0
Female,21,under_55,GroupA,17000.0,16.0,0.0,300.0,0.735,4,5700.0,19,rural,parttime,0,0,0,300.0
Female,44,under_55,GroupB,37200.0,15.1,26.5,532.0,0.6028,0,26500.0,16,rural,fulltime,0,1,1,573.0
Female,43,under_55,GroupA,24000.0,12.6,19.7,394.0,0.4701,2,18300.0,12,suburban,selfemployed,0,0,0,446.0
Male,49,under_55,GroupA,32300.0,17.3,22.3,625.0,0.317,0,36300.0,15,urban,fulltime,0,1,1,621.0
Male,44,under_55,GroupA,46500.0,14.9,23.4,718.0,0.2485,0,26600.0,1,rural,fulltime,0,1,1,716.0
Female,38,under_55,GroupA,27000.0,14.4,18.1,474.0,0.2965,1,12600.0,0,rural,parttime,0,1,1,525.0
Female,57,55_plus,GroupA,27100.0,19.8,26.8,319.0,0.6823,3,19800.0,8,urban,fulltime,0,0,0,309.0
Male,53,under_55,GroupA,44900.0,14.8,41.3,646.0,0.1939,0,22000.0,6,suburban,fulltime,1,1,1,650.0
Male,55,55_plus,GroupA,80700.0,18.0,33.7,609.0,0.7267,0,22300.0,1,urban,fulltime,0,1,1,597.0
Male,31,under_55,GroupA,37500.0,18.2,2.4,370.0,0.7107,1,48500.0,1,urban,fulltime,0,0,0,354.0
Male,35,under_55,GroupA,27300.0,17.9,9.3,586.0,0.2676,0,26200.0,0,suburban,fulltime,1,1,1,586.0
Male,64,55_plus,GroupA,49100.0,18.5,38.0,711.0,0.175,0,11100.0,0,suburban,fulltime,0,1,1,724.0
Male,32,under_55,GroupA,44300.0,19.6,6.1,500.0,0.4402,1,31700.0,2,rural,fulltime,0,1,1,502.0
Male,52,under_55,GroupA,24700.0,12.9,33.1,533.0,0.3664,1,11900.0,2,urban,fulltime,0,0,0,547.0
Male,35,under_55,GroupA,21200.0,12.6,17.2,681.0,0.1318,0,15300.0,1,rural,fulltime,0,1,1,664.0
Female,22,under_55,GroupB,31000.0,18.6,0.0,475.0,0.3132,1,45000.0,13,suburban,selfemployed,0,0,0,438.0
Male,41,under_55,GroupA,20000.0,9.4,25.3,438.0,0.4175,1,15700.0,1,suburban,fulltime,0,0,0,448.0
Female,25,under_55,GroupC,13800.0,12.5,6.1,437.0,0.4264,0,10800.0,13,rural,parttime,1,0,0,452.0
Female,37,under_55,GroupA,18900.0,12.8,19.5,581.0,0.1729,1,13900.0,3,suburban,selfemployed,0,0,0,561.0
Male,34,under_55,GroupA,45900.0,16.1,7.4,645.0,0.2734,0,33000.0,1,suburban,fulltime,0,1,1,639.0
Male,50,under_55,GroupC,15100.0,12.8,29.8,311.0,0.6282,1,14100.0,1,urban,fulltime,0,0,0,341.0
Female,47,under_55,GroupA,19200.0,13.5,27.3,433.0,0.383,1,14400.0,1,suburban,parttime,0,0,0,476.0
Male,46,under_55,GroupA,26600.0,14.1,27.8,342.0,0.5816,3,17200.0,1,suburban,fulltime,0,0,0,351.0
Female,53,under_55,GroupA,25500.0,8.8,39.7,576.0,0.2035,1,30700.0,1,suburban,fulltime,1,0,0,592.0
Female,22,under_55,GroupA,16700.0,9.9,4.1,490.0,0.2988,1,5700.0,8,suburban,fulltime,1,0,0,427.0
Male,51,under_55,GroupA,32000.0,16.3,22.8,473.0,0.5365,2,14600.0,1,urban,fulltime,0,0,0,460.0
Female,42,under_55,GroupB,24500.0,16.5,26.4,567.0,0.1142,1,33900.0,8,suburban,fulltime,0,0,1,616.0
Male,44,under_55,GroupA,49800.0,13.3,28.9,600.0,0.5043,0,11100.0,14,suburban,fulltime,0,1,1,601.0
Female,40,under_55,GroupA,49100.0,13.3,23.0,729.0,0.2625,0,64800.0,12,suburban,selfemployed,0,1,1,690.0
Male,47,under_55,GroupB,40000.0,16.6,20.8,643.0,0.3317,1,46300.0,0,urban,fulltime,1,1,1,604.0
Female,37,under_55,GroupB,31900.0,15.1,19.0,605.0,0.2739,0,10700.0,11,urban,fulltime,0,1,1,670.0
Female,33,under_55,GroupA,31200.0,15.4,4.3,378.0,0.4084,2,26000.0,14,suburban,fulltime,0,0,0,415.0
Female,72,55_plus,GroupC,17300.0,12.5,45.0,300.0,0.8467,2,10400.0,20,urban,fulltime,1,0,0,300.0
Female,44,under_55,GroupB,23000.0,14.0,23.5,509.0,0.2655,1,5900.0,15,suburban,fulltime,0,1,1,537.0
Male,43,under_55,GroupA,52500.0,16.3,20.0,653.0,0.4399,0,18500.0,3,suburban,fulltime,0,1,1,641.0
Male,40,under_55,GroupB,14100.0,17.2,18.0,430.0,0.4489,1,3800.0,0,suburban,fulltime,1,1,1,437.0
Female,35,under_55,GroupB,20100.0,14.7,18.0,496.0,0.3621,0,25600.0,21,rural,fulltime,0,0,0,589.0
Male,23,under_55,GroupA,23800.0,14.0,6.4,511.0,0.2397,1,22600.0,0,rural,fulltime,0,0,0,520.0
Male,68,55_plus,GroupA,29500.0,14.1,41.9,482.0,0.5679,1,19300.0,17,suburban,fulltime,0,0,0,487.0
Female,45,under_55,GroupA,19900.0,18.8,21.4,607.0,0.2958,0,14700.0,15,urban,parttime,0,0,0,593.0
Female,46,under_55,GroupC,21000.0,12.5,27.0,460.0,0.4153,1,17000.0,11,urban,selfemployed,1,0,0,466.0
Female,27,under_55,GroupA,28800.0,14.2,7.0,601.0,0.3121,1,13800.0,8,rural,selfemployed,0,1,1,538.0
Male,53,under_55,GroupB,24900.0,9.0,38.2,477.0,0.5099,1,15300.0,1,urban,fulltime,0,1,1,487.0
Female,44,under_55,GroupA,22000.0,11.2,25.5,502.0,0.2345,2,10900.0,1,urban,parttime,1,1,1,474.0
Male,42,under_55,GroupA,36900.0,16.9,23.2,552.0,0.563,0,35400.0,1,suburban,fulltime,0,1,1,555.0
Male,20,under_55,GroupB,14000.0,10.7,3.3,300.0,0.5026,1,6600.0,3,urban,fulltime,1,0,0,305.0
Female,40,under_55,GroupB,24300.0,15.6,16.8,590.0,0.4301,0,17500.0,12,urban,fulltime,1,0,0,506.0
Male,47,under_55,GroupA,81700.0,17.0,23.7,754.0,0.3115,0,51100.0,0,suburban,fulltime,1,1,1,773.0
Male,46,under_55,GroupA,35800.0,15.1,23.7,653.0,0.1627,0,44600.0,3,urban,fulltime,0,1,1,649.0
Female,56,55_plus,GroupA,16100.0,15.1,40.0,345.0,0.2268,3,11700.0,1,urban,parttime,0,0,0,365.0
Male,33,under_55,GroupA,24200.0,16.7,13.5,429.0,0.6222,1,9900.0,2,suburban,selfemployed,0,0,0,421.0
Male,36,under_55,GroupB,24100.0,10.6,16.4,579.0,0.6611,0,14800.0,2,urban,fulltime,1,0,0,524.0
Male,69,55_plus,GroupC,24800.0,14.8,45.0,671.0,0.0924,0,12900.0,0,urban,fulltime,1,1,1,655.0
Female,18,under_55,GroupA,21000.0,13.7,0.0,545.0,0.0968,0,4400.0,13,urban,parttime,1,1,1,537.0
Female,47,under_55,GroupB,23400.0,10.9,37.9,664.0,0.1229,1,20300.0,10,urban,fulltime,0,1,1,595.0
Male,36,under_55,GroupA,44100.0,12.7,16.2,641.0,0.327,0,17100.0,4,urban,fulltime,0,1,1,645.0
Male,43,under_55,GroupA,20100.0,11.7,30.0,637.0,0.2381,0,11400.0,0,urban,fulltime,0,1,1,632.0
Female,22,under_55,GroupA,30800.0,15.7,0.0,412.0,0.5925,2,12100.0,20,rural,fulltime,0,0,0,346.0
Female,29,under_55,GroupA,21500.0,13.6,7.6,532.0,0.3107,0,23400.0,1,urban,fulltime,0,0,1,540.0
Male,61,55_plus,GroupA,47900.0,17.1,38.7,709.0,0.0752,1,33900.0,2,suburban,fulltime,1,1,1,694.0
Male,27,under_55,GroupB,29200.0,12.8,7.5,577.0,0.2952,0,10100.0,1,urban,fulltime,1,0,0,587.0
Male,64,55_plus,GroupB,46000.0,17.9,43.9,630.0,0.3438,0,16100.0,1,urban,selfemployed,0,1,1,624.0
Male,59,55_plus,GroupA,31400.0,14.8,39.8,532.0,0.3915,0,12500.0,8,suburban,fulltime,0,1,1,528.0
Male,39,under_55,GroupB,23100.0,13.2,23.8,524.0,0.4798,0,13500.0,3,urban,fulltime,0,1,1,529.0
Female,51,under_55,GroupA,29000.0,11.0,37.2,543.0,0.1935,1,21500.0,11,rural,selfemployed,0,0,0,581.0
Male,62,55_plus,GroupA,33600.0,12.7,45.0,702.0,0.1953,0,20500.0,1,suburban,fulltime,1,1,1,689.0
Male,63,55_plus,GroupC,28000.0,14.1,43.1,552.0,0.5022,0,14400.0,0,urban,fulltime,0,0,0,538.0
Female,53,under_55,GroupA,17900.0,14.9,34.0,533.0,0.2785,1,10600.0,14,suburban,parttime,0,1,1,539.0
Female,29,under_55,GroupC,13000.0,13.2,9.5,300.0,0.4023,6,6100.0,1,urban,fulltime,0,0,0,300.0
Male,33,under_55,GroupA,34700.0,13.9,10.8,514.0,0.3677,1,14900.0,11,suburban,fulltime,1,0,0,518.0
Female,53,under_55,GroupC,17100.0,12.8,31.7,432.0,0.5828,1,9500.0,13,suburban,fulltime,0,0,0,396.0
Female,32,under_55,GroupB,29900.0,14.9,15.6,404.0,0.7473,1,10300.0,11,urban,fulltime,0,0,0,421.0
Male,25,under_55,GroupB,20200.0,9.7,6.6,500.0,0.2142,1,9500.0,0,urban,fulltime,1,0,0,521.0
Female,37,under_55,GroupA,10600.0,13.2,21.4,325.0,0.4377,3,9100.0,18,rural,fulltime,0,0,0,300.0
Female,52,under_55,GroupA,40600.0,14.6,33.9,561.0,0.241,1,20000.0,12,urban,fulltime,0,1,1,600.0
Male,53,under_55,GroupA,48500.0,13.5,35.7,491.0,0.443,2,16400.0,1,suburban,fulltime,0,0,0,477.0
Female,40,under_55,GroupB,29300.0,15.9,23.5,547.0,0.3709,1,28600.0,1,urban,fulltime,0,0,0,557.0
Female,42,under_55,GroupA,47000.0,14.4,23.3,538.0,0.4375,1,44600.0,11,suburban,fulltime,0,1,1,589.0
Male,34,under_55,GroupA,35600.0,15.1,13.7,702.0,0.1166,0,29700.0,1,suburban,parttime,0,1,1,711.0
Male,38,under_55,GroupA,55500.0,19.6,14.3,754.0,0.1074,0,39600.0,1,rural,fulltime,0,1,1,769.0
Female,26,under_55,GroupB,9900.0,15.5,0.0,380.0,0.8634,0,4600.0,9,rural,fulltime,0,0,0,300.0
Female,45,under_55,GroupA,25800.0,10.8,28.3,431.0,0.4515,2,12700.0,1,suburban,fulltime,0,0,0,465.0
Male,50,under_55,GroupB,31400.0,13.5,29.9,509.0,0.3039,1,20700.0,1,urban,fulltime,1,0,0,576.0
Male,63,55_plus,GroupA,52000.0,16.7,43.9,528.0,0.5607,1,17500.0,5,urban,fulltime,0,0,0,548.0
Male,20,under_55,GroupA,21900.0,12.4,3.9,300.0,0.8695,0,16200.0,3,urban,fulltime,0,0,0,300.0
Male,31,under_55,GroupB,23000.0,12.5,10.1,469.0,0.5525,2,10400.0,1,urban,fulltime,1,0,0,428.0
Male,37,under_55,GroupA,61800.0,16.3,12.9,724.0,0.3621,0,34500.0,0,suburban,fulltime,1,1,1,715.0
Male,46,under_55,GroupA,37300.0,14.6,25.3,601.0,0.1459,1,28300.0,1,rural,parttime,0,1,1,624.0
Female,63,55_plus,GroupA,29900.0,15.7,43.3,444.0,0.6076,1,24500.0,14,rural,fulltime,0,0,0,458.0
Female,60,55_plus,GroupB,26100.0,9.1,44.9,753.0,0.0923,0,27300.0,15,suburban,fulltime,1,1,1,680.0
Male,32,under_55,GroupA,61900.0,16.2,10.4,693.0,0.3223,0,42100.0,1,suburban,fulltime,0,1,1,701.0
Male,30,under_55,GroupB,55900.0,14.5,10.5,608.0,0.4466,0,22300.0,1,urban,fulltime,1,1,1,642.0
Female,30,under_55,GroupA,47200.0,15.4,10.9,563.0,0.4887,0,29100.0,16,suburban,parttime,0,0,1,623.0
Male,34,under_55,GroupA,60200.0,13.8,11.7,682.0,0.3538,0,21000.0,0,suburban,fulltime,0,1,1,702.0
Male,18,under_55,GroupA,28900.0,13.7,0.0,508.0,0.4575,0,7100.0,3,suburban,fulltime,0,1,1,535.0
Female,32,under_55,GroupB,17200.0,8.8,16.3,383.0,0.3514,3,16400.0,14,urban,fulltime,0,0,0,385.0
Male,21,under_55,GroupC,35800.0,14.5,7.6,477.0,0.6353,1,26000.0,2,urban,fulltime,0,0,0,441.0
Female,63,55_plus,GroupA,13100.0,11.8,45.0,419.0,0.365,1,11000.0,2,suburban,fulltime,0,0,0,436.0
Male,32,under_55,GroupC,42400.0,13.9,15.4,591.0,0.4765,0,17600.0,1,urban,fulltime,0,0,1,585.0
Female,34,under_55,GroupA,27500.0,18.5,11.4,720.0,0.1331,0,18300.0,11,rural,fulltime,0,1,1,717.0
Male,63,55_plus,GroupB,32000.0,14.3,44.8,528.0,0.4924,1,9500.0,2,urban,fulltime,0,0,0,471.0
Male,50,under_55,GroupA,63700.0,22.0,19.4,681.0,0.3404,0,41600.0,1,suburban,fulltime,0,1,1,690.0
Male,40,under_55,GroupA,36800.0,14.6,18.5,517.0,0.5659,1,42700.0,3,rural,fulltime,1,0,0,518.0
Male,43,under_55,GroupA,16300.0,16.8,17.1,458.0,0.4286,0,10000.0,2,urban,fulltime,0,0,0,461.0
Female,35,under_55,GroupA,19700.0,13.3,17.8,552.0,0.3001,0,11800.0,11,rural,fulltime,0,0,0,584.0
Male,44,under_55,GroupA,34500.0,17.1,21.1,533.0,0.281,1,20500.0,1,rural,parttime,0,1,1,527.0
Female,31,under_55,GroupA,24500.0,18.3,9.5,424.0,0.5658,2,20400.0,10,rural,fulltime,0,0,0,365.0
Male,18,under_55,GroupC,34700.0,16.8,0.0,589.0,0.1918,0,24400.0,1,rural,fulltime,0,0,1,590.0
Female,40,under_55,GroupC,31400.0,17.4,19.7,530.0,0.5352,0,22400.0,18,suburban,fulltime,0,0,1,511.0
Female,18,under_55,GroupB,22100.0,12.4,0.0,300.0,0.7377,3,12500.0,20,urban,fulltime,0,0,0,300.0
Male,41,under_55,GroupA,29300.0,14.7,23.3,530.0,0.4988,1,16500.0,0,urban,fulltime,0,1,1,511.0
Female,30,under_55,GroupA,16600.0,14.6,10.8,522.0,0.2779,0,6300.0,12,suburban,parttime,0,1,1,536.0
Female,63,55_plus,GroupA,21700.0,14.3,44.9,461.0,0.4284,1,26800.0,12,urban,fulltime,0,0,0,489.0
Female,18,under_55,GroupA,25500.0,18.7,0.0,513.0,0.3295,0,22500.0,2,suburban,parttime,1,0,1,518.0
Male,67,55_plus,GroupA,17700.0,13.2,42.7,364.0,0.5755,2,14000.0,0,rural,parttime,0,0,0,346.0
Male,63,55_plus,GroupB,29500.0,17.0,34.8,530.0,0.3427,2,26000.0,0,urban,fulltime,0,0,0,472.0
Male,29,under_55,GroupA,18000.0,8.5,18.1,425.0,0.4832,1,7000.0,2,rural,fulltime,0,0,0,413.0
Female,52,under_55,GroupA,52700.0,15.2,31.1,709.0,0.4881,0,32000.0,16,suburban,fulltime,0,1,1,652.0
Male,47,under_55,GroupA,32900.0,17.1,22.9,682.0,0.2208,0,15300.0,2,suburban,fulltime,0,1,1,669.0
Female,48,under_55,GroupA,30600.0,14.7,23.6,558.0,0.4255,1,22800.0,16,suburban,fulltime,0,1,1,520.0
Male,41,under_55,GroupB,29400.0,12.1,21.8,510.0,0.3063,2,25000.0,1,suburban,fulltime,0,0,0,516.0
Male,50,under_55,GroupA,20200.0,13.5,28.2,523.0,0.262,0,7700.0,14,suburban,fulltime,0,1,1,545.0
Male,50,under_55,GroupB,29100.0,14.8,29.2,524.0,0.3603,2,9800.0,0,urban,fulltime,1,0,0,513.0
Female,38,under_55,GroupA,39300.0,14.4,22.0,724.0,0.2809,0,33700.0,14,suburban,selfemployed,0,1,1,700.0
Male,64,55_plus,GroupA,23800.0,15.4,38.9,558.0,0.4035,0,19600.0,15,suburban,fulltime,0,0,0,549.0
Female,22,under_55,GroupB,29000.0,14.6,0.0,376.0,0.5485,1,9300.0,9,urban,fulltime,0,0,0,376.0
Male,38,under_55,GroupC,41000.0,12.6,22.4,581.0,0.4475,0,35300.0,2,suburban,fulltime,0,0,0,609.0
Male,37,under_55,GroupB,50000.0,15.1,12.5,713.0,0.28,0,17100.0,2,suburban,selfemployed,0,1,1,697.0
Female,61,55_plus,GroupA,16700.0,11.6,45.0,300.0,0.5252,2,6900.0,2,suburban,selfemployed,0,0,0,357.0
Male,62,55_plus,GroupA,34200.0,16.0,37.4,535.0,0.4038,0,14900.0,1,urban,selfemployed,0,0,0,520.0
Male,26,under_55,GroupA,27700.0,14.3,7.4,576.0,0.2188,1,31000.0,1,rural,fulltime,0,1,1,586.0
Male,27,under_55,GroupA,27000.0,14.8,10.6,645.0,0.1181,0,20000.0,2,urban,selfemployed,1,1,1,636.0
Male,19,under_55,GroupA,12600.0,11.5,2.3,371.0,0.3965,0,6300.0,18,urban,fulltime,0,0,0,385.0
Female,28,under_55,GroupA,46400.0,15.5,5.1,602.0,0.2262,0,51800.0,9,urban,fulltime,0,0,0,623.0
Male,28,under_55,GroupA,33000.0,15.8,5.4,541.0,0.2806,1,19500.0,1,suburban,fulltime,0,1,1,520.0
Male,39,under_55,GroupC,22600.0,13.5,22.0,646.0,0.2416,0,9400.0,2,urban,fulltime,0,1,1,629.0
Female,34,under_55,GroupB,22500.0,12.3,18.4,555.0,0.3479,0,13400.0,2,urban,fulltime,0,0,0,548.0
Female,61,55_plus,GroupA,22700.0,11.1,42.1,557.0,0.1183,1,27100.0,12,suburban,parttime,0,1,1,601.0
Male,54,under_55,GroupA,32500.0,14.8,32.9,485.0,0.6698,1,16900.0,3,rural,fulltime,0,1,1,481.0
Female,36,under_55,GroupB,39600.0,14.9,6.4,611.0,0.2821,0,57500.0,21,suburban,selfemployed,0,0,1,618.0
Male,36,under_55,GroupB,16100.0,8.0,23.3,408.0,0.628,1,4800.0,2,urban,fulltime,0,0,0,379.0
Male,21,under_55,GroupA,68200.0,16.2,2.7,569.0,0.5335,0,59300.0,4,suburban,selfemployed,0,1,1,575.0
Male,55,55_plus,GroupA,51100.0,13.4,32.4,490.0,0.765,0,26900.0,2,suburban,fulltime,1,0,0,486.0
Female,28,under_55,GroupB,21600.0,11.6,13.2,616.0,0.1977,1,17300.0,16,suburban,selfemployed,0,0,0,552.0
Female,37,under_55,GroupA,34400.0,15.8,18.7,554.0,0.4731,1,15500.0,15,urban,fulltime,0,1,1,540.0
Female,54,under_55,GroupC,35700.0,14.1,34.4,613.0,0.2347,0,41400.0,2,urban,parttime,1,1,1,646.0
Male,41,under_55,GroupA,56100.0,14.0,19.1,588.0,0.5554,0,46200.0,3,suburban,fulltime,0,1,1,576.0
Female,48,under_55,GroupA,35300.0,14.5,30.3,300.0,0.95,2,39900.0,10,suburban,fulltime,0,0,0,348.0
Male,43,under_55,GroupB,18500.0,16.7,18.5,375.0,0.4947,1,6900.0,2,urban,fulltime,0,0,0,396.0
Female,43,under_55,GroupB,17400.0,13.2,20.1,527.0,0.1693,0,4300.0,17,urban,fulltime,1,1,1,595.0
Male,47,under_55,GroupB,11000.0,13.8,19.7,418.0,0.2281,2,4600.0,12,urban,fulltime,0,0,0,449.0
Male,36,under_55,GroupA,26400.0,15.3,18.1,579.0,0.1566,1,27700.0,1,urban,fulltime,0,1,1,577.0
Male,30,under_55,GroupA,21300.0,12.0,13.9,604.0,0.3415,0,10800.0,1,urban,selfemployed,0,1,1,603.0
Male,41,under_55,GroupA,44200.0,15.6,18.5,481.0,0.7267,1,23900.0,2,suburban,fulltime,0,0,0,483.0
Female,73,55_plus,GroupC,15800.0,13.1,45.0,543.0,0.2427,0,7100.0,14,urban,fulltime,0,0,0,556.0
Male,30,under_55,GroupB,39300.0,13.3,9.3,703.0,0.1519,0,64900.0,1,rural,fulltime,0,1,1,734.0
Male,48,under_55,GroupC,48100.0,15.5,22.4,536.0,0.7154,0,52400.0,0,suburban,fulltime,0,0,0,547.0
Female,43,under_55,GroupB,39300.0,18.0,16.6,519.0,0.3443,0,17900.0,16,suburban,fulltime,1,1,1,608.0
Male,44,under_55,GroupA,33100.0,17.2,18.2,539.0,0.5337,0,9100.0,11,suburban,parttime,0,1,1,538.0
Male,29,under_55,GroupB,11700.0,15.1,6.7,313.0,0.4911,2,4400.0,2,urban,fulltime,1,0,0,300.0
Female,49,under_55,GroupA,50000.0,13.2,28.7,612.0,0.5442,0,33200.0,17,urban,fulltime,0,0,0,567.0
Male,27,under_55,GroupB,43700.0,15.1,6.2,622.0,0.1729,0,34500.0,1,suburban,fulltime,0,1,1,639.0
Male,29,under_55,GroupA,44900.0,13.9,13.7,601.0,0.2874,1,30600.0,1,urban,fulltime,0,0,0,614.0
Female,55,55_plus,GroupC,18200.0,12.9,36.4,334.0,0.4027,3,7800.0,0,urban,fulltime,0,0,0,371.0
Male,32,under_55,GroupA,17900.0,13.4,8.0,523.0,0.2405,1,14000.0,1,suburban,fulltime,0,0,0,516.0
Female,48,under_55,GroupB,17100.0,14.4,32.2,300.0,0.778,1,13700.0,3,suburban,selfemployed,0,0,0,343.0
Female,38,under_55,GroupA,30000.0,13.3,21.5,379.0,0.6831,1,20900.0,15,urban,parttime,1,0,0,393.0
Male,36,under_55,GroupA,54400.0,17.5,16.5,693.0,0.1667,0,46700.0,0,suburban,fulltime,1,1,1,706.0
Female,67,55_plus,GroupA,27600.0,15.2,44.4,399.0,0.4615,2,22200.0,6,rural,fulltime,0,0,0,435.0
Female,62,55_plus,GroupC,23300.0,13.0,45.0,640.0,0.0638,0,17100.0,9,suburban,fulltime,0,0,1,681.0
Female,46,under_55,GroupC,26200.0,13.7,27.8,524.0,0.7065,0,20100.0,16,suburban,fulltime,0,0,0,496.0
Male,40,under_55,GroupA,65500.0,13.6,25.0,625.0,0.604,0,30400.0,10,suburban,fulltime,1,0,0,633.0
Male,78,55_plus,GroupB,20200.0,12.4,45.0,489.0,0.3748,1,5600.0,3,rural,fulltime,0,0,0,492.0
Male,33,under_55,GroupB,23000.0,11.1,10.8,527.0,0.1034,1,19800.0,2,urban,parttime,1,1,1,550.0
Female,51,under_55,GroupA,38000.0,10.1,35.8,601.0,0.2209,1,17100.0,1,suburban,fulltime,0,1,1,620.0
Male,34,under_55,GroupA,51300.0,19.0,9.0,601.0,0.4015,1,11600.0,4,rural,fulltime,0,1,1,608.0
Female,61,55_plus,GroupC,28300.0,14.7,36.6,674.0,0.3065,0,14900.0,1,urban,selfemployed,0,0,1,587.0
Male,51,under_55,GroupC,26400.0,10.9,30.5,506.0,0.5231,1,31300.0,0,suburban,fulltime,0,0,0,488.0
Male,41,under_55,GroupA,63500.0,17.3,22.1,685.0,0.1843,0,43200.0,0,suburban,fulltime,0,1,1,696.0
Male,31,under_55,GroupB,26900.0,10.0,10.3,522.0,0.5091,0,11100.0,3,rural,fulltime,0,0,0,536.0
Female,48,under_55,GroupA,29500.0,15.3,28.1,537.0,0.4755,0,11700.0,1,suburban,fulltime,0,1,1,532.0
Female,60,55_plus,GroupA,15400.0,14.8,42.0,610.0,0.0919,0,7900.0,5,urban,parttime,0,0,1,641.0
Male,34,under_55,GroupC,11600.0,14.6,11.9,336.0,0.3621,2,7500.0,1,urban,fulltime,0,0,0,399.0
Male,40,under_55,GroupC,47200.0,12.2,22.8,588.0,0.4811,1,39300.0,14,suburban,fulltime,0,0,0,531.0
Male,63,55_plus,GroupA,27300.0,11.9,45.0,538.0,0.372,1,8200.0,0,urban,fulltime,0,1,1,523.0
Female,24,under_55,GroupA,14600.0,13.2,3.3,312.0,0.4054,2,9400.0,10,suburban,parttime,0,0,0,300.0
Female,37,under_55,GroupB,28300.0,17.5,15.6,560.0,0.5692,0,16000.0,2,urban,fulltime,0,0,1,510.0
Male,42,under_55,GroupA,23600.0,12.9,26.1,681.0,0.0517,0,19900.0,1,suburban,fulltime,0,1,1,684.0
Male,55,55_plus,GroupA,32500.0,15.9,33.4,600.0,0.229,1,16400.0,0,urban,fulltime,0,1,1,587.0
Female,35,under_55,GroupB,32300.0,18.1,11.6,607.0,0.2529,0,14400.0,10,suburban,fulltime,0,1,1,620.0
Male,37,under_55,GroupA,32100.0,14.7,21.2,590.0,0.4541,0,23300.0,1,rural,fulltime,0,1,1,587.0
Female,45,under_55,GroupC,25100.0,13.3,34.0,553.0,0.4574,1,21700.0,0,suburban,fulltime,1,0,1,530.0
Male,39,under_55,GroupA,74600.0,17.6,13.4,564.0,0.6034,0,91700.0,1,suburban,fulltime,0,0,0,570.0
Female,36,under_55,GroupA,28800.0,13.6,13.5,677.0,0.0917,0,19700.0,14,rural,fulltime,0,1,1,652.0
Female,32,under_55,GroupB,23500.0,14.6,12.7,375.0,0.3242,2,7200.0,11,suburban,parttime,1,0,0,473.0
Female,31,under_55,GroupA,18000.0,15.4,9.2,546.0,0.2313,0,10000.0,14,urban,parttime,0,0,0,569.0
Female,20,under_55,GroupA,16600.0,13.2,1.3,506.0,0.1556,0,5300.0,11,suburban,fulltime,0,0,0,528.0
Male,45,under_55,GroupA,49600.0,12.0,27.3,631.0,0.3799,0,23300.0,2,suburban,fulltime,1,1,1,617.0
Male,49,under_55,GroupA,44400.0,18.8,28.2,572.0,0.4913,0,21400.0,1,rural,fulltime,0,1,1,578.0
Female,57,55_plus,GroupB,31400.0,13.1,33.8,654.0,0.5577,0,13700.0,2,urban,parttime,0,1,1,543.0
Female,45,under_55,GroupA,40300.0,13.5,29.8,469.0,0.5623,1,20300.0,16,urban,fulltime,0,0,0,471.0
Female,38,under_55,GroupB,26600.0,13.9,17.2,607.0,0.2142,1,13900.0,1,urban,fulltime,0,1,1,618.0
Female,27,under_55,GroupA,19900.0,15.6,3.2,423.0,0.4281,0,5700.0,12,suburban,fulltime,0,0,1,448.0
Female,34,under_55,GroupA,16700.0,14.4,6.8,574.0,0.2382,0,15500.0,3,suburban,parttime,0,1,1,550.0
Female,48,under_55,GroupA,11500.0,11.4,30.1,478.0,0.2254,1,12100.0,11,rural,parttime,1,0,0,479.0
Male,60,55_plus,GroupA,21100.0,14.6,35.6,503.0,0.3979,1,13500.0,0,suburban,fulltime,1,0,0,484.0
Female,38,under_55,GroupA,49500.0,16.1,11.1,678.0,0.0536,0,35000.0,0,suburban,fulltime,0,1,1,726.0
Male,69,55_plus,GroupA,36600.0,16.8,45.0,662.0,0.1388,0,24400.0,3,rural,selfemployed,0,0,1,665.0
Male,44,under_55,GroupA,34500.0,12.2,29.0,636.0,0.2168,0,27900.0,4,rural,fulltime,1,1,1,630.0
Male,38,under_55,GroupC,46800.0,13.4,13.8,633.0,0.2616,1,31100.0,0,suburban,fulltime,0,1,1,602.0
Male,64,55_plus,GroupA,23300.0,15.7,45.0,506.0,0.49,0,13900.0,2,urban,parttime,0,0,0,513.0
Male,42,under_55,GroupA,27800.0,17.9,16.6,497.0,0.4703,1,13500.0,3,urban,parttime,0,0,0,486.0
Female,31,under_55,GroupB,17200.0,11.5,13.0,496.0,0.3428,0,7600.0,14,urban,parttime,0,1,1,561.0
Male,73,55_plus,GroupB,31700.0,14.3,45.0,596.0,0.2267,0,28900.0,1,suburban,fulltime,0,0,0,589.0
Female,61,55_plus,GroupA,23700.0,11.7,42.4,523.0,0.1402,1,15500.0,10,suburban,fulltime,0,0,0,553.0
Female,67,55_plus,GroupB,21500.0,12.1,45.0,616.0,0.1955,0,17200.0,11,urban,fulltime,0,0,0,602.0
Female,21,under_55,GroupA,11900.0,14.0,0.0,312.0,0.5068,2,6900.0,7,rural,parttime,1,0,0,300.0
Male,34,under_55,GroupA,19300.0,13.6,12.7,449.0,0.5116,1,18000.0,1,suburban,fulltime,1,0,0,442.0
Male,28,under_55,GroupC,36000.0,12.3,11.1,674.0,0.0941,0,15100.0,1,urban,fulltime,1,0,1,685.0
Male,62,55_plus,GroupA,38200.0,20.9,35.7,421.0,0.8607,1,19300.0,2,suburban,fulltime,0,0,0,417.0
Female,45,under_55,GroupA,35200.0,19.2,18.7,591.0,0.3032,1,17200.0,10,suburban,fulltime,0,0,0,614.0
Male,30,under_55,GroupA,25900.0,11.6,11.0,593.0,0.4393,0,20600.0,8,suburban,selfemployed,0,1,1,596.0
Male,38,under_55,GroupA,19900.0,11.4,20.3,301.0,0.8257,2,10400.0,2,suburban,fulltime,0,0,0,300.0
Male,50,under_55,GroupA,28900.0,14.4,28.4,545.0,0.3127,1,23400.0,1,urban,fulltime,0,0,0,538.0
Male,42,under_55,GroupA,72200.0,19.3,18.3,772.0,0.1997,0,48400.0,11,rural,selfemployed,0,1,1,759.0
Male,46,under_55,GroupA,75900.0,12.7,22.9,604.0,0.5587,0,25200.0,3,suburban,fulltime,1,1,1,601.0
Female,42,under_55,GroupA,24900.0,11.4,24.5,594.0,0.2757,0,11100.0,15,suburban,parttime,0,1,1,595.0
Female,63,55_plus,GroupB,22600.0,10.8,45.0,445.0,0.7163,1,27500.0,16,suburban,fulltime,1,0,0,431.0
Male,41,under_55,GroupB,22900.0,14.9,21.6,552.0,0.2593,0,27100.0,13,urban,fulltime,1,0,1,593.0
Male,37,under_55,GroupA,28400.0,14.5,19.1,546.0,0.5085,1,23700.0,3,urban,selfemployed,0,1,1,526.0
Male,56,55_plus,GroupA,23600.0,16.2,37.6,575.0,0.4828,0,9600.0,1,rural,fulltime,1,1,1,581.0
Male,40,under_55,GroupA,29200.0,11.6,18.9,591.0,0.362,0,15500.0,1,rural,fulltime,0,0,0,605.0
Female,45,under_55,GroupB,24000.0,8.0,29.1,427.0,0.4854,1,15800.0,10,urban,fulltime,0,0,0,458.0
Male,43,under_55,GroupB,27200.0,11.2,24.5,523.0,0.6624,0,11100.0,1,urban,fulltime,1,1,1,535.0
Female,36,under_55,GroupB,22300.0,12.2,14.3,614.0,0.2071,0,9800.0,10,suburban,selfemployed,0,0,1,594.0
Female,34,under_55,GroupA,33300.0,15.8,11.9,475.0,0.3925,1,23100.0,20,rural,fulltime,0,0,1,547.0
Male,68,55_plus,GroupA,23300.0,18.7,45.0,607.0,0.1869,1,17600.0,1,suburban,fulltime,0,0,1,612.0
Female,43,under_55,GroupA,58600.0,13.3,24.9,533.0,0.6365,0,22900.0,5,urban,selfemployed,0,0,0,579.0
Female,26,under_55,GroupB,15400.0,14.1,5.4,506.0,0.274,1,21300.0,11,urban,parttime,1,0,0,467.0
Male,52,under_55,GroupC,32500.0,11.2,31.0,655.0,0.2457,0,13200.0,0,urban,fulltime,0,1,1,659.0
Female,18,under_55,GroupC,36100.0,10.9,7.1,563.0,0.3599,0,17300.0,3,rural,selfemployed,1,0,1,596.0
Female,69,55_plus,GroupA,24600.0,15.9,45.0,385.0,0.7575,0,20600.0,1,rural,parttime,0,0,0,389.0
Female,43,under_55,GroupA,13100.0,12.7,23.6,359.0,0.7558,1,2800.0,0,rural,fulltime,0,0,0,361.0
Female,18,under_55,GroupC,30400.0,14.0,0.0,300.0,0.5646,2,10100.0,18,urban,fulltime,0,0,0,352.0
Male,35,under_55,GroupA,29100.0,13.8,16.3,523.0,0.5299,1,23600.0,1,suburban,fulltime,0,1,1,553.0
Male,28,under_55,GroupA,39700.0,17.2,9.7,302.0,0.8996,2,54000.0,1,rural,fulltime,0,0,0,322.0
Male,53,under_55,GroupC,28600.0,19.1,21.6,470.0,0.3702,2,19400.0,3,rural,fulltime,0,1,1,479.0
Male,42,under_55,GroupA,37900.0,12.1,20.3,612.0,0.4596,0,13300.0,2,urban,fulltime,0,1,1,606.0
Female,41,under_55,GroupC,17700.0,13.7,21.5,369.0,0.3141,1,18500.0,15,urban,fulltime,1,0,0,472.0
Female,41,under_55,GroupB,29600.0,15.5,22.2,402.0,0.651,1,18700.0,0,urban,fulltime,1,1,1,398.0
Female,34,under_55,GroupB,11300.0,8.0,21.5,436.0,0.1988,2,6000.0,16,urban,parttime,1,0,0,433.0
Female,73,55_plus,GroupA,22000.0,13.9,45.0,300.0,0.8655,3,21100.0,11,suburban,fulltime,0,0,0,300.0
Male,40,under_55,GroupC,28000.0,13.3,23.8,536.0,0.3448,0,20100.0,2,urban,selfemployed,1,0,0,537.0
Male,46,under_55,GroupA,41500.0,14.5,25.2,698.0,0.0829,0,52500.0,1,rural,selfemployed,0,1,1,698.0
Female,37,under_55,GroupA,20800.0,12.9,24.8,628.0,0.2225,0,18500.0,2,urban,parttime,0,0,0,583.0
Male,68,55_plus,GroupB,19900.0,15.6,42.5,634.0,0.1581,0,12300.0,0,suburban,parttime,0,0,0,631.0
Female,37,under_55,GroupB,14300.0,12.1,22.1,388.0,0.729,1,2800.0,18,rural,fulltime,0,0,0,316.0
Female,32,under_55,GroupA,21000.0,12.9,14.1,728.0,0.0284,0,12300.0,13,urban,parttime,0,0,1,661.0
Male,37,under_55,GroupA,33500.0,15.6,16.1,692.0,0.1548,0,14800.0,3,urban,fulltime,0,1,1,686.0
Female,26,under_55,GroupA,12300.0,14.8,3.7,368.0,0.4012,1,5700.0,9,urban,selfemployed,0,0,0,377.0
Female,43,under_55,GroupA,28000.0,15.1,20.8,571.0,0.4842,0,21000.0,4,suburban,parttime,0,0,0,571.0
Female,64,55_plus,GroupB,15700.0,12.8,45.0,300.0,0.4609,4,21600.0,3,suburban,parttime,0,0,0,300.0
Male,32,under_55,GroupA,17400.0,9.8,18.7,592.0,0.1649,0,9300.0,1,rural,fulltime,0,1,1,609.0
Female,65,55_plus,GroupA,12000.0,14.1,45.0,525.0,0.195,0,15900.0,10,rural,fulltime,0,0,0,529.0
Female,36,under_55,GroupA,21600.0,15.8,17.5,570.0,0.3632,0,8800.0,10,suburban,selfemployed,0,0,0,560.0
Male,58,55_plus,GroupA,32900.0,13.7,42.8,536.0,0.309,1,21900.0,1,rural,fulltime,0,1,1,537.0
Female,47,under_55,GroupA,42000.0,17.7,30.0,602.0,0.3255,1,32600.0,12,suburban,fulltime,0,1,1,587.0
Female,33,under_55,GroupA,21300.0,15.2,6.9,583.0,0.2879,0,8900.0,17,suburban,parttime,0,0,0,591.0
Male,43,under_55,GroupA,60000.0,15.9,23.9,659.0,0.3823,0,30800.0,4,urban,selfemployed,0,1,1,664.0
Male,43,under_55,GroupC,32100.0,17.9,24.8,609.0,0.346,0,14600.0,0,urban,selfemployed,1,1,1,609.0
Female,41,under_55,GroupA,29200.0,17.3,23.2,650.0,0.2617,1,11500.0,11,rural,selfemployed,0,0,0,563.0
Male,33,under_55,GroupC,24800.0,10.1,18.7,486.0,0.2931,1,14900.0,13,urban,parttime,1,1,1,485.0
Male,48,under_55,GroupA,42800.0,12.6,25.6,660.0,0.2782,0,12000.0,2,suburban,fulltime,0,1,1,681.0
Male,32,under_55,GroupA,37700.0,15.9,7.1,631.0,0.2737,0,63300.0,3,suburban,fulltime,0,1,1,641.0
Male,39,under_55,GroupA,34300.0,18.5,11.0,667.0,0.0892,1,14300.0,2,rural,fulltime,0,1,1,654.0
Male,48,under_55,GroupA,42800.0,17.4,24.3,709.0,0.2685,0,18100.0,1,suburban,fulltime,0,1,1,718.0
Male,46,under_55,GroupC,63000.0,15.4,21.2,513.0,0.9244,0,32700.0,1,suburban,fulltime,0,0,0,483.0
Female,40,under_55,GroupC,23000.0,10.8,21.5,654.0,0.4751,0,14600.0,1,rural,parttime,0,1,1,587.0
Male,47,under_55,GroupA,16500.0,13.9,16.8,434.0,0.2466,2,8400.0,2,suburban,fulltime,0,1,1,456.0
Female,47,under_55,GroupB,25600.0,9.8,30.3,480.0,0.2967,2,21700.0,1,urban,selfemployed,0,0,0,496.0
Female,49,under_55,GroupB,20000.0,12.4,28.0,634.0,0.1801,1,14500.0,24,urban,parttime,0,1,1,602.0
Female,45,under_55,GroupA,28500.0,20.5,20.4,729.0,0.0652,0,29000.0,9,urban,parttime,1,1,1,700.0
Male,32,under_55,GroupB,31500.0,8.6,21.8,504.0,0.4312,1,21300.0,1,urban,parttime,0,0,0,517.0
Male,36,under_55,GroupB,39000.0,16.7,12.9,573.0,0.2565,1,52200.0,0,suburban,fulltime,0,1,1,584.0
Male,39,under_55,GroupA,56500.0,13.3,15.5,743.0,0.1903,0,19600.0,0,suburban,fulltime,0,1,1,744.0
Female,18,under_55,GroupA,20200.0,14.5,0.0,409.0,0.4189,0,7600.0,8,suburban,fulltime,0,0,0,449.0
Female,35,under_55,GroupA,26500.0,14.6,11.9,613.0,0.1746,0,37300.0,16,suburban,fulltime,0,1,1,640.0
Male,29,under_55,GroupB,56700.0,11.3,12.4,627.0,0.4722,0,36100.0,1,urban,fulltime,0,1,1,628.0
Male,36,under_55,GroupA,17200.0,19.8,9.9,492.0,0.2526,1,13600.0,3,rural,fulltime,0,0,0,502.0
Female,55,55_plus,GroupA,22000.0,9.0,40.3,560.0,0.1898,1,18200.0,14,suburban,fulltime,0,0,1,552.0
Male,50,under_55,GroupA,43600.0,13.5,37.3,541.0,0.3856,1,19600.0,8,suburban,fulltime,0,1,1,557.0
Male,43,under_55,GroupB,33000.0,15.6,21.5,513.0,0.4836,0,22100.0,0,rural,fulltime,0,0,0,532.0
Male,45,under_55,GroupB,12700.0,8.1,34.4,494.0,0.1685,1,21600.0,3,urban,fulltime,0,0,0,486.0
Female,42,under_55,GroupC,13900.0,11.2,29.2,512.0,0.236,1,5900.0,12,suburban,parttime,0,1,1,490.0
Female,43,under_55,GroupA,16500.0,15.8,26.9,316.0,0.753,1,10500.0,14,suburban,fulltime,0,0,0,339.0
Male,38,under_55,GroupB,52100.0,15.2,16.2,547.0,0.5794,0,57200.0,2,rural,fulltime,0,0,0,577.0
Male,24,under_55,GroupA,59600.0,17.1,6.3,621.0,0.5052,0,23700.0,0,suburban,fulltime,0,1,1,627.0
Female,39,under_55,GroupA,31300.0,16.0,21.5,676.0,0.1424,1,21100.0,13,suburban,parttime,1,1,1,648.0
Male,32,under_55,GroupA,17700.0,13.4,9.9,534.0,0.4525,0,3900.0,1,suburban,fulltime,0,1,1,522.0
Female,50,under_55,GroupA,19300.0,14.6,35.3,592.0,0.3026,0,10800.0,13,urban,fulltime,0,0,0,561.0
Female,40,under_55,GroupB,19100.0,14.0,21.4,401.0,0.6826,0,24600.0,1,rural,fulltime,1,0,0,439.0
Male,50,under_55,GroupB,20100.0,13.4,28.7,343.0,0.4767,2,8600.0,4,urban,selfemployed,0,0,0,391.0
Female,34,under_55,GroupA,32600.0,17.4,14.4,538.0,0.6179,0,41100.0,8,suburban,fulltime,1,1,1,503.0
Male,41,under_55,GroupB,20400.0,11.4,21.6,300.0,0.514,4,12300.0,12,urban,fulltime,0,0,0,316.0
Male,36,under_55,GroupC,46200.0,18.9,8.7,521.0,0.6175,1,24200.0,3,rural,fulltime,0,0,0,547.0
Male,58,55_plus,GroupA,40500.0,13.1,45.0,573.0,0.1736,2,20100.0,2,rural,fulltime,0,1,1,564.0
Male,40,under_55,GroupA,69900.0,13.9,20.7,788.0,0.2154,0,52800.0,1,rural,fulltime,0,1,1,774.0
Female,45,under_55,GroupC,16300.0,14.7,25.5,507.0,0.6091,0,4600.0,12,urban,parttime,0,0,0,512.0
Male,47,under_55,GroupA,34500.0,14.1,27.9,421.0,0.6176,2,16900.0,0,rural,parttime,0,0,0,404.0
Male,46,under_55,GroupA,32500.0,17.1,23.7,532.0,0.5708,0,10100.0,0,suburban,fulltime,0,1,1,547.0
Male,32,under_55,GroupC,33700.0,15.3,10.7,728.0,0.1335,0,16800.0,1,rural,fulltime,1,1,1,718.0
Female,62,55_plus,GroupA,21500.0,14.4,41.5,569.0,0.2386,0,10000.0,1,rural,parttime,0,1,1,592.0
Male,51,under_55,GroupB,31400.0,18.6,22.8,529.0,0.6532,0,11000.0,2,urban,parttime,0,1,1,509.0
Female,62,55_plus,GroupA,19900.0,14.1,36.7,490.0,0.3988,0,17900.0,15,suburban,parttime,1,0,0,528.0
Male,36,under_55,GroupC,36100.0,12.5,12.5,581.0,0.3055,0,16900.0,1,suburban,fulltime,0,0,1,656.0
Male,52,under_55,GroupA,60200.0,17.1,36.3,622.0,0.3689,0,45000.0,0,urban,fulltime,1,1,1,625.0
Female,43,under_55,GroupA,26500.0,16.3,19.3,415.0,0.453,3,13800.0,14,suburban,fulltime,0,0,0,415.0
Female,58,55_plus,GroupA,33100.0,14.1,37.2,583.0,0.3394,0,8400.0,14,suburban,fulltime,0,1,1,606.0
Male,34,under_55,GroupA,31600.0,12.6,9.8,682.0,0.1168,0,39200.0,1,suburban,selfemployed,0,1,1,675.0
Male,43,under_55,GroupC,35000.0,16.3,16.3,473.0,0.4697,1,33300.0,3,urban,fulltime,1,0,0,550.0
Female,45,under_55,GroupB,30400.0,13.8,24.6,500.0,0.3298,1,20800.0,12,rural,selfemployed,0,1,1,525.0
Male,41,under_55,GroupA,51700.0,17.4,17.9,583.0,0.2886,1,57100.0,2,suburban,fulltime,0,1,1,582.0
Male,45,under_55,GroupA,33300.0,13.5,24.5,587.0,0.3719,0,17000.0,2,rural,parttime,0,1,1,599.0
Female,42,under_55,GroupC,27900.0,11.5,21.7,665.0,0.2616,2,24500.0,8,urban,selfemployed,0,0,1,508.0
Male,55,55_plus,GroupB,26900.0,13.3,36.3,506.0,0.6106,0,13900.0,0,suburban,selfemployed,0,0,0,502.0
Female,54,under_55,GroupB,27700.0,12.1,36.9,632.0,0.204,0,15300.0,1,urban,selfemployed,0,1,1,676.0
Male,67,55_plus,GroupB,27900.0,13.6,45.0,511.0,0.4715,0,18800.0,1,urban,fulltime,0,1,1,516.0
Male,41,under_55,GroupB,24300.0,12.4,21.0,586.0,0.3925,0,25000.0,17,urban,fulltime,1,1,1,587.0
Female,56,55_plus,GroupA,27200.0,12.2,38.7,574.0,0.5578,0,15400.0,9,suburban,parttime,0,0,0,525.0
Female,50,under_55,GroupA,12100.0,15.6,25.7,420.0,0.5541,1,6900.0,13,rural,parttime,0,0,0,384.0
Male,41,under_55,GroupB,34200.0,12.5,20.2,458.0,0.5016,2,7200.0,0,suburban,fulltime,0,0,0,439.0
Female,55,55_plus,GroupB,19500.0,13.7,41.1,456.0,0.4682,1,16000.0,13,urban,fulltime,1,0,0,501.0
Male,53,under_55,GroupB,49400.0,15.8,30.0,474.0,0.7889,1,28500.0,1,urban,fulltime,0,0,0,460.0
Male,45,under_55,GroupA,33400.0,12.6,30.3,590.0,0.2848,0,10400.0,18,suburban,fulltime,0,1,1,603.0
Male,41,under_55,GroupB,35400.0,11.5,30.1,610.0,0.3893,1,24700.0,2,rural,fulltime,0,0,0,589.0
Male,45,under_55,GroupA,27000.0,14.7,26.9,586.0,0.408,0,39900.0,1,rural,fulltime,0,0,0,596.0
Male,44,under_55,GroupB,55700.0,14.5,23.7,640.0,0.157,0,30000.0,3,urban,fulltime,0,1,1,668.0
Male,52,under_55,GroupA,44100.0,13.5,34.0,613.0,0.4567,0,60300.0,2,urban,fulltime,0,1,1,605.0
Female,46,under_55,GroupA,28100.0,14.7,27.5,458.0,0.4083,1,14500.0,0,rural,selfemployed,0,0,0,470.0
Male,42,under_55,GroupA,49100.0,16.4,14.5,647.0,0.4437,0,21800.0,11,urban,selfemployed,0,1,1,625.0
Female,53,under_55,GroupC,9400.0,12.5,34.6,462.0,0.1641,1,7300.0,9,urban,fulltime,0,0,0,430.0
Male,32,under_55,GroupA,32300.0,20.6,4.7,475.0,0.4908,0,24900.0,2,urban,fulltime,0,0,0,489.0
Female,45,under_55,GroupA,16900.0,11.9,24.4,563.0,0.2196,0,10900.0,3,suburban,selfemployed,0,0,0,573.0
Male,72,55_plus,GroupB,12000.0,12.5,45.0,389.0,0.3428,1,4000.0,1,urban,fulltime,0,0,0,438.0
Male,36,under_55,GroupA,29600.0,13.7,12.3,552.0,0.3038,2,21700.0,3,rural,fulltime,1,1,1,552.0
Female,52,under_55,GroupA,16900.0,14.3,34.9,520.0,0.2842,0,11700.0,7,urban,parttime,0,0,0,522.0
Male,28,under_55,GroupB,57600.0,13.5,8.2,725.0,0.283,0,25800.0,10,rural,fulltime,0,1,1,716.0
Male,18,under_55,GroupB,14200.0,9.3,0.0,339.0,0.2623,1,4300.0,2,urban,fulltime,0,0,0,373.0
Male,38,under_55,GroupA,63700.0,12.8,16.7,739.0,0.1695,0,32100.0,15,suburban,fulltime,0,1,1,752.0
Female,58,55_plus,GroupA,33600.0,16.3,35.9,679.0,0.1232,1,14300.0,10,urban,fulltime,1,1,1,684.0
Male,54,under_55,GroupB,43200.0,16.3,32.9,677.0,0.1006,0,22000.0,2,suburban,fulltime,0,0,1,709.0
Male,58,55_plus,GroupA,12200.0,14.0,45.0,309.0,0.4655,3,5000.0,1,urban,fulltime,0,0,0,300.0
Male,32,under_55,GroupA,48600.0,14.5,11.0,658.0,0.3119,0,21600.0,1,suburban,fulltime,0,1,1,658.0
Female,29,under_55,GroupA,99600.0,16.8,6.5,736.0,0.1606,0,33300.0,13,suburban,fulltime,0,1,1,786.0
Female,52,under_55,GroupB,28700.0,11.7,32.1,444.0,0.464,1,7100.0,11,suburban,parttime,0,1,1,468.0
Female,56,55_plus,GroupB,30900.0,9.8,45.0,596.0,0.1804,0,11500.0,10,suburban,parttime,0,0,1,640.0
Male,38,under_55,GroupA,18100.0,9.3,19.3,467.0,0.2582,2,4000.0,1,suburban,fulltime,0,0,0,464.0
Male,57,55_plus,GroupA,59300.0,15.5,32.3,643.0,0.4137,0,96100.0,9,suburban,fulltime,0,1,1,626.0
Female,41,under_55,GroupA,22300.0,11.7,22.2,430.0,0.7062,1,11100.0,16,rural,fulltime,0,0,0,433.0
Male,18,under_55,GroupB,33800.0,14.1,0.0,470.0,0.4003,0,18000.0,0,suburban,selfemployed,0,0,0,511.0
Male,58,55_plus,GroupA,39100.0,18.0,40.8,661.0,0.2386,0,45300.0,0,suburban,fulltime,1,1,1,662.0
Female,44,under_55,GroupA,36100.0,9.7,23.5,514.0,0.3802,1,13000.0,12,suburban,fulltime,0,1,1,514.0
Male,38,under_55,GroupA,16500.0,17.0,13.4,399.0,0.3497,2,6200.0,2,rural,fulltime,1,0,0,403.0
Male,42,under_55,GroupA,43100.0,14.2,20.0,714.0,0.0838,0,73700.0,1,urban,selfemployed,0,0,0,724.0
Female,57,55_plus,GroupB,18600.0,14.7,41.4,673.0,0.1131,0,9100.0,13,urban,selfemployed,0,1,1,642.0
Male,37,under_55,GroupA,65800.0,18.0,9.4,639.0,0.5778,0,35200.0,0,rural,fulltime,0,1,1,648.0
Male,56,55_plus,GroupA,32700.0,17.8,34.9,731.0,0.1458,0,17100.0,1,suburban,fulltime,1,1,1,746.0
Female,32,under_55,GroupA,46400.0,14.3,13.6,626.0,0.5449,0,17400.0,15,urban,selfemployed,1,1,1,567.0
Male,55,55_plus,GroupA,39700.0,10.5,42.9,546.0,0.4387,0,27800.0,2,urban,fulltime,0,0,0,538.0
Male,23,under_55,GroupA,40800.0,12.0,8.3,693.0,0.2122,0,62100.0,3,suburban,fulltime,0,1,1,684.0
Female,32,under_55,GroupA,29000.0,16.4,7.4,470.0,0.4991,1,6800.0,14,rural,parttime,0,0,0,473.0
Male,46,under_55,GroupA,32500.0,15.4,24.4,572.0,0.4823,0,41500.0,2,suburban,fulltime,0,0,0,585.0
Male,45,under_55,GroupA,63800.0,17.1,22.9,683.0,0.4802,0,51000.0,12,suburban,fulltime,1,1,1,664.0
Male,18,under_55,GroupB,30000.0,19.0,0.0,504.0,0.4147,0,14800.0,2,suburban,fulltime,0,1,1,501.0
Male,44,under_55,GroupA,46700.0,13.7,22.0,693.0,0.2627,0,11900.0,2,suburban,fulltime,1,1,1,693.0
Male,41,under_55,GroupA,61100.0,16.2,18.6,709.0,0.2198,1,36400.0,0,suburban,selfemployed,0,1,1,706.0
Female,46,under_55,GroupB,34300.0,12.5,30.5,657.0,0.2287,1,9500.0,17,suburban,fulltime,0,0,1,643.0
Male,50,under_55,GroupB,41900.0,16.6,24.8,565.0,0.3005,0,17000.0,3,urban,fulltime,0,1,1,596.0
Male,36,under_55,GroupA,34200.0,14.0,12.2,649.0,0.1613,1,28500.0,0,suburban,selfemployed,1,1,1,634.0
Male,18,under_55,GroupA,44400.0,14.0,0.0,673.0,0.0827,0,21800.0,3,rural,fulltime,0,1,1,650.0
Male,50,under_55,GroupA,17200.0,13.7,27.7,385.0,0.5838,1,6700.0,2,urban,fulltime,1,0,0,400.0
Male,38,under_55,GroupA,36800.0,10.4,22.2,573.0,0.4296,0,22600.0,3,urban,selfemployed,0,1,1,582.0
Male,53,under_55,GroupB,51200.0,17.1,27.3,583.0,0.52,0,35600.0,2,rural,fulltime,1,1,1,624.0
Male,39,under_55,GroupC,42100.0,14.5,18.6,558.0,0.3633,0,21200.0,1,urban,fulltime,0,0,0,600.0
Male,30,under_55,GroupA,48700.0,15.0,8.0,644.0,0.3744,0,30200.0,1,suburban,fulltime,0,1,1,640.0
Male,31,under_55,GroupC,26100.0,13.0,10.7,635.0,0.2541,0,26800.0,1,urban,fulltime,0,0,0,594.0
Female,35,under_55,GroupA,29300.0,14.8,10.8,597.0,0.1615,1,33300.0,10,urban,parttime,1,1,1,607.0
Male,27,under_55,GroupA,31400.0,16.3,2.5,545.0,0.3264,0,25000.0,1,suburban,fulltime,0,0,0,542.0
Female,45,under_55,GroupB,20100.0,16.2,26.3,500.0,0.2239,1,28300.0,19,rural,parttime,1,0,0,504.0
Male,36,under_55,GroupA,32100.0,12.9,13.5,563.0,0.4747,0,25100.0,2,urban,fulltime,1,1,1,575.0
Female,36,under_55,GroupA,21500.0,13.4,19.2,570.0,0.1292,0,24600.0,16,rural,parttime,1,1,1,598.0
Male,46,under_55,GroupA,38600.0,12.6,21.5,605.0,0.4756,0,38700.0,0,rural,fulltime,1,1,1,596.0
Male,37,under_55,GroupA,19500.0,13.7,14.7,497.0,0.372,1,3900.0,1,suburban,selfemployed,0,1,1,506.0
Male,54,under_55,GroupB,33000.0,14.7,30.0,666.0,0.085,0,10600.0,16,suburban,parttime,0,1,1,695.0
Male,40,under_55,GroupB,16200.0,12.7,14.5,300.0,0.8173,1,5300.0,0,urban,fulltime,0,0,0,322.0
Female,43,under_55,GroupC,22200.0,12.6,23.3,559.0,0.4872,0,7300.0,1,rural,fulltime,1,0,0,504.0
Female,55,55_plus,GroupB,18600.0,15.2,36.2,335.0,0.4326,3,2900.0,13,rural,parttime,0,0,0,346.0
Female,43,under_55,GroupA,16700.0,14.4,23.2,462.0,0.5419,0,16600.0,14,suburban,selfemployed,0,0,0,447.0
Male,22,under_55,GroupA,43700.0,12.6,0.0,550.0,0.4851,0,35000.0,2,suburban,fulltime,0,0,0,548.0
Male,46,under_55,GroupA,17400.0,12.5,26.3,479.0,0.5625,0,13000.0,2,urban,selfemployed,1,0,0,498.0
Female,29,under_55,GroupA,18100.0,8.0,13.2,510.0,0.4788,0,8300.0,2,suburban,parttime,0,0,1,501.0
Male,35,under_55,GroupA,49900.0,14.8,17.3,653.0,0.3178,0,33200.0,0,suburban,selfemployed,0,1,1,655.0
Female,43,under_55,GroupC,27200.0,8.3,34.6,644.0,0.1024,0,16600.0,15,suburban,fulltime,1,1,1,666.0
Male,60,55_plus,GroupA,25000.0,12.8,44.7,608.0,0.1394,1,19300.0,0,suburban,parttime,1,0,0,612.0
Male,56,55_plus,GroupB,43800.0,13.7,36.0,569.0,0.3617,1,25600.0,2,suburban,selfemployed,0,1,1,599.0
Male,55,55_plus,GroupA,52500.0,14.6,34.0,725.0,0.0926,0,19800.0,2,suburban,fulltime,0,1,1,736.0
Female,45,under_55,GroupB,47600.0,15.0,25.3,599.0,0.4084,0,23000.0,16,suburban,fulltime,1,1,1,647.0
Male,41,under_55,GroupA,16700.0,13.4,20.3,470.0,0.4187,0,14300.0,1,urban,fulltime,0,0,0,492.0
Female,30,under_55,GroupC,13900.0,11.1,13.8,609.0,0.2091,1,17100.0,10,rural,fulltime,0,0,0,533.0
Male,48,under_55,GroupB,30100.0,12.6,25.8,387.0,0.7735,1,35300.0,1,suburban,fulltime,0,0,0,399.0
Male,50,under_55,GroupA,28000.0,12.5,32.1,651.0,0.1406,0,36200.0,0,suburban,fulltime,0,1,1,664.0
Female,56,55_plus,GroupB,30100.0,9.5,36.9,363.0,0.8918,1,9400.0,1,urban,fulltime,0,0,0,371.0
Male,31,under_55,GroupA,27100.0,16.8,11.0,587.0,0.126,1,25800.0,3,suburban,fulltime,0,0,0,584.0
Female,41,under_55,GroupA,21300.0,16.3,19.7,562.0,0.3745,0,9600.0,4,suburban,fulltime,1,1,1,557.0
Male,37,under_55,GroupA,55300.0,15.5,13.5,660.0,0.4344,0,69400.0,0,suburban,selfemployed,0,1,1,658.0
Male,42,under_55,GroupC,31000.0,13.9,21.5,428.0,0.636,1,20000.0,0,suburban,fulltime,1,0,0,454.0
Female,60,55_plus,GroupB,26000.0,15.7,35.2,538.0,0.31,1,25500.0,12,urban,selfemployed,1,0,1,526.0
Female,57,55_plus,GroupC,21000.0,16.4,37.5,536.0,0.3252,2,14600.0,10,urban,selfemployed,0,0,0,500.0
Male,54,under_55,GroupA,30700.0,13.3,34.3,647.0,0.2804,0,22700.0,14,urban,fulltime,1,1,1,634.0
Female,36,under_55,GroupA,33500.0,14.9,17.9,672.0,0.2582,0,19000.0,12,urban,parttime,0,1,1,658.0
Male,27,under_55,GroupC,25600.0,14.2,7.6,587.0,0.4135,0,2900.0,2,rural,fulltime,0,0,0,585.0
Male,44,under_55,GroupA,56200.0,13.2,21.4,725.0,0.2247,0,32100.0,3,suburban,fulltime,1,1,1,714.0
Male,24,under_55,GroupA,22900.0,14.7,0.6,304.0,0.6259,1,20300.0,2,urban,selfemployed,0,0,0,314.0
Male,59,55_plus,GroupA,36000.0,11.6,42.7,650.0,0.3201,0,16000.0,2,rural,selfemployed,0,0,0,651.0
Female,46,under_55,GroupA,36900.0,14.1,21.5,550.0,0.6509,0,15600.0,9,suburban,fulltime,0,0,0,566.0
Male,56,55_plus,GroupB,28600.0,18.1,39.4,610.0,0.1678,0,24700.0,1,urban,fulltime,1,1,1,636.0
Male,39,under_55,GroupA,86800.0,21.7,14.9,752.0,0.3682,0,20500.0,2,urban,fulltime,0,1,1,758.0
Female,43,under_55,GroupA,14300.0,14.7,23.6,486.0,0.4132,1,7000.0,6,urban,parttime,0,0,0,466.0
Male,55,55_plus,GroupA,38800.0,16.6,34.1,542.0,0.6095,0,21300.0,0,suburban,fulltime,1,1,1,532.0
Female,40,under_55,GroupA,30400.0,16.9,19.4,522.0,0.5895,0,12800.0,14,urban,parttime,1,0,0,520.0
Male,56,55_plus,GroupA,33000.0,16.5,33.8,585.0,0.4073,0,36200.0,1,urban,fulltime,0,1,1,583.0
Female,35,under_55,GroupA,30500.0,13.8,19.7,481.0,0.4739,1,29900.0,15,suburban,selfemployed,0,0,0,503.0
Female,51,under_55,GroupA,35400.0,13.6,30.0,539.0,0.4241,0,23000.0,11,suburban,fulltime,0,1,1,569.0
Female,50,under_55,GroupB,31000.0,12.0,29.2,618.0,0.2501,1,15600.0,9,urban,fulltime,0,0,1,587.0
Female,32,under_55,GroupA,42700.0,15.5,10.9,503.0,0.508,1,35700.0,6,suburban,parttime,1,0,1,539.0
Female,68,55_plus,GroupA,12200.0,10.6,45.0,370.0,0.4529,1,7000.0,10,rural,parttime,1,0,0,397.0
Male,24,under_55,GroupA,23000.0,8.7,10.2,529.0,0.4127,1,25000.0,1,suburban,fulltime,0,0,0,538.0
Female,73,55_plus,GroupA,27800.0,17.5,45.0,474.0,0.4566,1,9600.0,13,suburban,parttime,1,0,0,480.0
Female,41,under_55,GroupA,37800.0,13.1,16.1,650.0,0.3665,0,14700.0,5,suburban,fulltime,0,0,0,637.0
Male,37,under_55,GroupA,19400.0,15.2,14.7,624.0,0.0761,0,10800.0,2,rural,fulltime,0,0,0,624.0
Male,25,under_55,GroupA,54400.0,11.4,7.7,460.0,0.7008,1,41200.0,1,suburban,fulltime,0,0,0,482.0
Male,54,under_55,GroupB,26600.0,10.3,42.1,581.0,0.2927,0,23100.0,3,suburban,parttime,0,0,0,619.0
Female,21,under_55,GroupA,15300.0,10.7,2.6,300.0,0.6261,1,22200.0,11,suburban,fulltime,1,0,0,306.0
Male,20,under_55,GroupA,28500.0,15.4,0.0,416.0,0.3327,2,23600.0,1,urban,parttime,0,0,0,399.0
Female,31,under_55,GroupA,16600.0,11.4,15.1,436.0,0.4444,1,12000.0,17,suburban,fulltime,0,0,0,445.0
Male,36,under_55,GroupB,18500.0,10.9,19.4,628.0,0.1787,0,20900.0,0,urban,fulltime,1,1,1,624.0
Female,48,under_55,GroupA,19800.0,14.0,27.8,496.0,0.556,0,11100.0,1,rural,fulltime,1,0,0,455.0
Male,40,under_55,GroupA,26900.0,16.8,20.1,438.0,0.7442,0,13400.0,17,suburban,fulltime,0,1,1,445.0
Female,54,under_55,GroupB,38800.0,17.3,29.0,702.0,0.1663,0,33800.0,9,rural,fulltime,0,1,1,684.0
Female,39,under_55,GroupA,40400.0,14.0,15.4,688.0,0.181,0,12000.0,11,suburban,parttime,0,0,0,682.0
Male,33,under_55,GroupA,35100.0,14.6,16.3,638.0,0.2617,0,14000.0,0,suburban,fulltime,0,1,1,653.0
Male,38,under_55,GroupB,20500.0,13.5,17.7,367.0,0.4666,2,5100.0,4,suburban,fulltime,0,0,0,384.0
Male,24,under_55,GroupA,30000.0,11.0,5.5,586.0,0.322,0,34400.0,1,suburban,selfemployed,0,0,0,561.0
Male,42,under_55,GroupB,37400.0,14.1,19.5,656.0,0.3023,0,13200.0,14,rural,fulltime,1,1,1,696.0
Male,39,under_55,GroupA,23600.0,12.6,21.2,320.0,0.95,2,14600.0,2,suburban,parttime,1,0,0,300.0
Male,41,under_55,GroupA,63500.0,16.6,15.6,692.0,0.2168,0,24900.0,3,suburban,fulltime,0,1,1,671.0
Female,44,under_55,GroupA,29300.0,19.5,20.9,657.0,0.2618,0,9200.0,14,suburban,fulltime,1,1,1,647.0
Male,57,55_plus,GroupA,57400.0,14.3,35.9,691.0,0.215,0,33400.0,1,suburban,fulltime,0,1,1,695.0
Female,52,under_55,GroupA,25100.0,9.7,38.1,477.0,0.5619,0,9200.0,16,suburban,fulltime,0,1,1,478.0
Male,46,under_55,GroupB,42200.0,10.2,24.9,620.0,0.3916,0,10600.0,1,urban,fulltime,0,1,1,648.0
Male,42,under_55,GroupB,22300.0,15.3,20.5,464.0,0.5131,0,14900.0,1,urban,fulltime,0,0,0,475.0
Male,68,55_plus,GroupA,25200.0,15.1,43.8,523.0,0.2424,2,17500.0,2,suburban,parttime,0,1,1,530.0
Male,18,under_55,GroupA,36600.0,14.8,0.0,341.0,0.6036,2,16400.0,17,suburban,fulltime,0,0,0,340.0
Female,43,under_55,GroupA,38100.0,13.8,22.2,624.0,0.4773,0,46700.0,15,rural,selfemployed,0,1,1,594.0
Male,43,under_55,GroupA,38600.0,10.7,25.4,573.0,0.4578,1,20400.0,2,suburban,fulltime,0,1,1,590.0
Female,67,55_plus,GroupA,19900.0,15.4,45.0,300.0,0.8988,1,18100.0,13,rural,fulltime,1,0,0,310.0
Male,46,under_55,GroupA,48600.0,15.9,23.2,525.0,0.6872,1,44900.0,1,suburban,fulltime,1,1,1,516.0
Male,51,under_55,GroupA,47400.0,20.1,28.2,397.0,0.5976,2,32000.0,1,suburban,fulltime,0,0,0,401.0
Male,45,under_55,GroupA,29900.0,13.8,22.2,625.0,0.3017,0,5800.0,1,suburban,parttime,0,1,1,619.0
Female,30,under_55,GroupA,9700.0,11.4,11.0,300.0,0.6522,2,5900.0,13,suburban,fulltime,0,0,0,300.0
Male,36,under_55,GroupA,28800.0,13.1,15.2,604.0,0.3477,0,9900.0,3,urban,fulltime,0,1,1,606.0
Male,42,under_55,GroupA,24500.0,13.3,27.1,537.0,0.62,0,12500.0,2,rural,fulltime,0,0,0,520.0
Male,38,under_55,GroupB,45600.0,14.2,17.9,605.0,0.6498,0,30800.0,1,urban,selfemployed,0,1,1,549.0
Male,30,under_55,GroupB,54600.0,15.7,9.2,618.0,0.3692,1,41100.0,1,urban,parttime,0,1,1,578.0
Female,45,under_55,GroupA,31300.0,13.2,22.6,661.0,0.1584,0,35800.0,14,rural,fulltime,0,0,1,691.0
Male,41,under_55,GroupB,22400.0,8.0,24.0,502.0,0.5764,0,15700.0,7,rural,fulltime,0,0,0,473.0
Female,53,under_55,GroupA,39600.0,19.5,23.4,631.0,0.1534,1,11700.0,0,suburban,fulltime,0,1,1,634.0
Female,45,under_55,GroupB,23200.0,15.8,24.0,542.0,0.3165,0,10900.0,0,urban,selfemployed,1,1,1,524.0
Male,36,under_55,GroupC,33100.0,12.1,15.5,610.0,0.1013,0,11100.0,3,urban,fulltime,0,0,1,654.0
Female,53,under_55,GroupA,24700.0,15.3,32.4,605.0,0.2887,0,7200.0,14,suburban,fulltime,1,1,1,621.0
Female,37,under_55,GroupB,28000.0,11.4,18.6,517.0,0.0814,1,36700.0,1,suburban,fulltime,1,1,1,621.0
Female,41,under_55,GroupA,29600.0,14.3,19.5,709.0,0.1988,0,10000.0,13,urban,fulltime,1,1,1,726.0
Female,34,under_55,GroupA,20400.0,13.5,17.2,598.0,0.1608,1,12500.0,0,rural,selfemployed,0,1,1,597.0
Male,43,under_55,GroupB,46200.0,12.0,21.2,650.0,0.38,0,25300.0,1,suburban,selfemployed,1,0,1,641.0
Female,48,under_55,GroupB,15600.0,11.3,30.0,516.0,0.244,2,9000.0,9,urban,parttime,0,0,0,458.0
Male,38,under_55,GroupA,38700.0,13.9,14.8,675.0,0.1028,0,11900.0,1,urban,selfemployed,0,1,1,681.0
Male,47,under_55,GroupA,56200.0,14.2,33.4,654.0,0.3404,0,55400.0,0,suburban,fulltime,0,1,1,665.0
Male,46,under_55,GroupA,65000.0,17.9,30.8,650.0,0.6345,0,23300.0,0,urban,selfemployed,0,1,1,641.0
Male,54,under_55,GroupB,27100.0,12.9,33.2,605.0,0.5554,0,17300.0,1,rural,fulltime,0,0,0,552.0
Male,26,under_55,GroupA,21700.0,15.6,2.7,338.0,0.6283,1,18600.0,1,suburban,parttime,0,0,0,336.0
Male,44,under_55,GroupA,23100.0,13.6,23.4,623.0,0.2597,0,11900.0,21,urban,fulltime,0,1,1,624.0
Male,63,55_plus,GroupA,23000.0,11.9,39.8,478.0,0.6619,0,8500.0,1,suburban,fulltime,1,1,1,463.0
Male,34,under_55,GroupB,18600.0,14.7,10.1,454.0,0.3829,1,8300.0,17,suburban,selfemployed,0,0,0,496.0
Female,44,under_55,GroupB,12100.0,11.3,25.1,499.0,0.2302,1,5900.0,12,rural,fulltime,0,0,0,477.0
Male,44,under_55,GroupA,25800.0,14.2,25.4,450.0,0.5962,1,24500.0,2,suburban,parttime,1,0,0,439.0
Male,50,under_55,GroupA,41200.0,13.4,33.4,557.0,0.4456,1,14600.0,1,rural,fulltime,0,0,0,544.0
Male,25,under_55,GroupA,20700.0,10.3,6.2,489.0,0.5515,0,15000.0,3,urban,fulltime,0,0,0,501.0
Female,53,under_55,GroupA,18300.0,14.5,32.0,487.0,0.3837,1,20600.0,5,rural,parttime,0,0,0,443.0
Male,33,under_55,GroupA,21400.0,10.8,24.4,457.0,0.5409,0,13000.0,3,suburban,fulltime,0,0,0,479.0
Male,66,55_plus,GroupA,19800.0,12.3,45.0,448.0,0.5065,0,13900.0,1,urban,fulltime,1,0,0,448.0
Male,55,55_plus,GroupB,42200.0,15.1,30.6,703.0,0.2333,0,32700.0,2,urban,fulltime,0,0,1,705.0
Female,49,under_55,GroupB,25200.0,20.1,20.5,347.0,0.8088,1,16500.0,10,urban,parttime,0,0,0,384.0
Male,32,under_55,GroupA,39200.0,12.8,18.0,424.0,0.742,1,19800.0,1,rural,fulltime,0,0,0,414.0
Female,35,under_55,GroupC,15900.0,16.6,6.4,362.0,0.5731,2,14500.0,13,urban,parttime,0,0,0,300.0
Male,37,under_55,GroupA,31600.0,13.4,15.5,622.0,0.3286,0,21500.0,3,suburban,fulltime,1,1,1,605.0
Female,21,under_55,GroupA,17000.0,14.0,3.3,471.0,0.1921,1,15000.0,5,suburban,parttime,1,0,0,487.0
Male,40,under_55,GroupC,24400.0,12.8,23.6,600.0,0.2659,0,10800.0,1,urban,fulltime,0,0,1,628.0
Male,42,under_55,GroupA,60900.0,21.8,16.4,727.0,0.3324,0,62000.0,2,urban,selfemployed,1,1,1,718.0
Male,24,under_55,GroupA,40300.0,15.4,0.9,551.0,0.2402,0,26400.0,2,suburban,fulltime,0,1,1,557.0
Male,40,under_55,GroupA,28000.0,13.9,26.6,571.0,0.5643,0,11800.0,1,rural,fulltime,0,0,0,580.0
Male,46,under_55,GroupB,26400.0,13.7,24.2,577.0,0.4299,0,19000.0,13,suburban,fulltime,0,1,1,553.0
Male,43,under_55,GroupA,33400.0,13.2,24.6,456.0,0.5002,2,28800.0,10,suburban,fulltime,0,1,1,473.0
Female,57,55_plus,GroupB,40800.0,17.0,36.5,591.0,0.5258,0,20300.0,11,rural,fulltime,1,0,1,613.0
Female,56,55_plus,GroupB,18600.0,15.0,38.3,421.0,0.3969,1,11700.0,1,suburban,fulltime,0,0,0,455.0
Male,52,under_55,GroupC,37500.0,12.3,34.0,565.0,0.1281,1,20200.0,2,urban,fulltime,0,1,1,604.0
Female,68,55_plus,GroupB,11700.0,12.5,45.0,300.0,0.427,3,3000.0,0,urban,fulltime,0,0,0,334.0
Male,29,under_55,GroupA,47100.0,13.9,8.0,602.0,0.2781,1,37200.0,5,suburban,fulltime,0,1,1,618.0
Male,62,55_plus,GroupA,59800.0,13.8,39.5,587.0,0.5006,0,33300.0,3,suburban,fulltime,0,1,1,587.0
Male,59,55_plus,GroupA,22000.0,12.5,41.1,588.0,0.2754,0,21800.0,2,urban,fulltime,0,0,0,577.0
Male,50,under_55,GroupA,30700.0,12.2,33.7,557.0,0.3607,1,20200.0,21,suburban,fulltime,1,1,1,543.0
Male,52,under_55,GroupB,23900.0,14.9,28.6,477.0,0.487,1,12200.0,2,suburban,selfemployed,0,0,0,470.0
Female,39,under_55,GroupC,29200.0,17.3,15.8,520.0,0.3962,0,17700.0,9,urban,fulltime,0,1,1,571.0
Female,77,55_plus,GroupB,17100.0,13.5,45.0,576.0,0.1128,1,10000.0,16,suburban,parttime,0,0,0,526.0
Female,48,under_55,GroupA,27300.0,14.5,31.0,611.0,0.2208,0,19900.0,13,suburban,selfemployed,0,0,1,629.0
Female,46,under_55,GroupA,22600.0,14.5,29.1,540.0,0.2187,1,17200.0,11,suburban,fulltime,0,0,0,515.0
Male,47,under_55,GroupB,41400.0,14.8,32.1,646.0,0.4236,0,12900.0,10,urban,fulltime,0,1,1,656.0
Female,53,under_55,GroupB,15000.0,11.8,31.2,471.0,0.2116,2,10300.0,0,suburban,parttime,0,0,0,494.0
Male,30,under_55,GroupA,31600.0,17.4,9.2,621.0,0.2152,0,19000.0,1,rural,fulltime,0,1,1,639.0
Female,45,under_55,GroupA,14400.0,13.3,25.1,417.0,0.4027,1,6700.0,16,suburban,fulltime,0,0,0,435.0
Male,49,under_55,GroupC,18100.0,13.3,30.8,516.0,0.1563,2,19800.0,15,urban,selfemployed,0,0,0,502.0
Female,45,under_55,GroupA,34800.0,15.6,27.6,723.0,0.0335,0,34100.0,1,urban,selfemployed,0,1,1,763.0
Male,50,under_55,GroupA,12200.0,9.7,30.8,300.0,0.95,2,10100.0,4,rural,fulltime,1,0,0,300.0
Female,24,under_55,GroupB,12800.0,9.8,10.3,488.0,0.2124,2,6300.0,14,rural,parttime,0,0,0,477.0
Female,57,55_plus,GroupA,23600.0,10.8,38.9,644.0,0.2198,0,9300.0,8,suburban,fulltime,0,0,0,594.0
Male,50,under_55,GroupB,37900.0,11.5,34.9,616.0,0.1215,0,19300.0,1,rural,parttime,0,0,0,663.0
Female,40,under_55,GroupB,15700.0,13.6,18.5,300.0,0.632,3,9100.0,14,urban,parttime,0,0,0,300.0
Male,32,under_55,GroupA,45000.0,15.9,11.3,630.0,0.4806,0,35100.0,3,suburban,fulltime,0,0,0,634.0
Male,74,55_plus,GroupA,27500.0,17.1,45.0,334.0,0.7983,1,11000.0,0,rural,selfemployed,0,0,0,344.0
Male,32,under_55,GroupA,48400.0,14.2,13.0,429.0,0.879,1,28700.0,0,suburban,fulltime,0,0,0,433.0
Male,64,55_plus,GroupB,18100.0,12.1,45.0,376.0,0.234,4,9700.0,1,urban,fulltime,0,0,0,378.0
Male,49,under_55,GroupA,47800.0,11.2,32.2,525.0,0.2488,2,29300.0,15,suburban,fulltime,1,0,0,533.0
Male,34,under_55,GroupA,31100.0,14.3,12.7,490.0,0.494,1,9500.0,2,rural,fulltime,0,0,0,485.0
Male,33,under_55,GroupB,27400.0,12.7,11.7,643.0,0.2809,0,13900.0,1,suburban,fulltime,0,0,1,627.0
Male,56,55_plus,GroupA,44000.0,16.5,36.1,681.0,0.315,0,16500.0,0,suburban,fulltime,0,1,1,677.0
Female,37,under_55,GroupA,28900.0,16.8,13.4,542.0,0.2964,1,11200.0,22,urban,fulltime,0,1,1,527.0
Male,46,under_55,GroupA,24800.0,12.8,32.5,433.0,0.8009,0,15500.0,0,suburban,fulltime,0,0,0,443.0
Male,56,55_plus,GroupA,41400.0,15.3,38.2,714.0,0.0866,0,30700.0,2,rural,selfemployed,0,1,1,719.0
Male,50,under_55,GroupA,43700.0,18.4,26.6,663.0,0.3195,0,47700.0,2,rural,fulltime,0,1,1,652.0
Male,45,under_55,GroupB,17300.0,13.7,20.3,469.0,0.3063,2,14500.0,2,urban,fulltime,0,0,0,401.0
Male,24,under_55,GroupB,28300.0,14.0,0.0,491.0,0.3714,0,10300.0,1,rural,fulltime,0,1,1,469.0
Female,38,under_55,GroupA,24300.0,12.4,20.4,544.0,0.2744,2,17800.0,2,suburban,parttime,0,1,1,522.0
Female,34,under_55,GroupA,42300.0,11.7,18.5,708.0,0.2122,0,31200.0,8,rural,parttime,0,1,1,717.0
Male,54,under_55,GroupA,30300.0,16.2,34.8,568.0,0.2738,1,47300.0,2,suburban,selfemployed,0,0,0,549.0
Male,37,under_55,GroupA,25500.0,8.3,20.7,375.0,0.7465,2,7700.0,1,suburban,fulltime,1,0,0,365.0
Female,47,under_55,GroupC,21900.0,16.9,32.0,385.0,0.6868,0,7600.0,5,urban,fulltime,0,0,0,433.0
Female,38,under_55,GroupA,27500.0,10.9,25.4,552.0,0.4577,0,16700.0,9,suburban,fulltime,1,0,0,521.0
Male,48,under_55,GroupC,47000.0,13.3,25.7,651.0,0.3018,0,75000.0,1,rural,selfemployed,1,1,1,667.0
Female,63,55_plus,GroupA,27600.0,19.2,37.7,688.0,0.2137,0,30100.0,12,suburban,fulltime,1,1,1,687.0
Male,54,under_55,GroupA,19400.0,10.8,45.0,460.0,0.4535,1,16000.0,1,suburban,fulltime,0,0,0,472.0
Male,55,55_plus,GroupA,11000.0,8.6,42.6,370.0,0.3953,2,6300.0,0,suburban,parttime,0,0,0,369.0
Male,42,under_55,GroupA,47900.0,17.4,21.7,571.0,0.5367,0,41500.0,1,rural,fulltime,1,1,1,590.0
Female,49,under_55,GroupA,26300.0,17.7,25.9,502.0,0.5724,0,13800.0,12,rural,parttime,0,1,1,531.0
Male,29,under_55,GroupB,27200.0,13.5,8.7,663.0,0.2444,0,15100.0,1,urban,parttime,0,1,1,598.0
Male,28,under_55,GroupA,16100.0,13.0,8.1,458.0,0.377,1,10300.0,0,urban,selfemployed,1,0,0,458.0
Female,53,under_55,GroupB,29200.0,13.8,36.8,441.0,0.2865,2,6900.0,1,urban,parttime,0,0,1,520.0
Male,62,55_plus,GroupA,23600.0,16.1,41.6,582.0,0.1429,0,29200.0,1,rural,fulltime,0,1,1,589.0
Female,53,under_55,GroupB,28000.0,10.9,40.7,622.0,0.3404,0,11600.0,12,urban,selfemployed,0,1,1,615.0
Male,54,under_55,GroupA,23300.0,10.2,39.4,557.0,0.3487,0,10300.0,1,suburban,fulltime,0,1,1,565.0
Female,54,under_55,GroupB,27700.0,14.6,34.2,631.0,0.317,0,15300.0,11,urban,fulltime,0,0,1,616.0
Male,46,under_55,GroupA,28000.0,12.0,32.1,502.0,0.7013,0,13300.0,1,suburban,fulltime,0,0,0,505.0
Male,39,under_55,GroupA,38100.0,13.8,17.7,582.0,0.3766,1,14100.0,13,urban,fulltime,0,1,1,569.0
Male,36,under_55,GroupB,23600.0,13.4,17.3,592.0,0.2607,0,11900.0,1,suburban,fulltime,0,1,1,592.0
Female,74,55_plus,GroupA,20200.0,15.3,45.0,584.0,0.1257,0,22000.0,10,urban,parttime,0,0,0,607.0
Male,47,under_55,GroupA,22300.0,11.6,28.6,495.0,0.4581,1,12800.0,3,suburban,parttime,0,0,0,496.0
Male,37,under_55,GroupC,79400.0,13.5,11.9,693.0,0.3207,0,87500.0,1,urban,selfemployed,0,1,1,730.0
Female,45,under_55,GroupA,26700.0,17.0,24.1,472.0,0.5045,0,19400.0,14,suburban,fulltime,0,0,0,522.0
Female,58,55_plus,GroupB,23800.0,14.4,37.1,408.0,0.2888,2,5300.0,2,rural,fulltime,0,0,0,467.0
Male,24,under_55,GroupC,25800.0,17.5,0.0,420.0,0.6142,0,10500.0,1,suburban,fulltime,0,1,1,412.0
Male,39,under_55,GroupA,17700.0,13.4,16.3,462.0,0.4873,1,6100.0,1,urban,fulltime,0,0,0,485.0
Male,25,under_55,GroupB,38000.0,11.5,1.7,334.0,0.6929,2,25400.0,1,suburban,fulltime,0,0,0,325.0
Male,33,under_55,GroupA,33500.0,14.5,8.7,538.0,0.4715,0,9600.0,1,suburban,fulltime,0,1,1,557.0
Male,52,under_55,GroupA,22400.0,16.0,32.2,549.0,0.4035,0,13600.0,0,suburban,fulltime,0,0,0,530.0
Male,30,under_55,GroupC,25100.0,14.5,6.6,526.0,0.3973,0,11500.0,2,suburban,fulltime,0,1,1,520.0
Male,55,55_plus,GroupA,20500.0,15.2,33.6,419.0,0.4436,1,17000.0,1,suburban,fulltime,1,0,0,440.0
Male,49,under_55,GroupB,18100.0,10.6,37.5,442.0,0.4242,1,8700.0,2,suburban,selfemployed,0,0,0,459.0
Female,56,55_plus,GroupA,27600.0,18.4,24.1,573.0,0.1941,0,14900.0,4,urban,fulltime,1,1,1,623.0
Female,37,under_55,GroupB,15200.0,12.3,17.0,326.0,0.8148,1,4900.0,15,suburban,selfemployed,1,0,0,325.0
Male,60,55_plus,GroupC,28200.0,15.3,42.4,554.0,0.4464,0,22800.0,2,urban,selfemployed,0,0,0,530.0
Female,48,under_55,GroupA,29400.0,14.5,28.6,422.0,0.7383,1,18600.0,10,suburban,fulltime,0,0,0,424.0
Male,30,under_55,GroupC,18500.0,11.6,12.6,377.0,0.586,2,12400.0,3,suburban,fulltime,0,0,0,385.0
Male,42,under_55,GroupA,39600.0,18.0,18.0,675.0,0.2351,0,30700.0,2,urban,fulltime,1,1,1,660.0
Female,35,under_55,GroupA,23300.0,13.8,13.0,544.0,0.2127,0,12900.0,15,rural,parttime,0,1,1,612.0
Male,20,under_55,GroupA,32000.0,13.5,0.4,507.0,0.2355,0,7300.0,3,suburban,selfemployed,0,1,1,514.0
Male,41,under_55,GroupA,44700.0,14.2,15.0,628.0,0.4057,0,23500.0,1,suburban,selfemployed,0,1,1,648.0
Male,47,under_55,GroupA,19500.0,15.4,26.2,565.0,0.221,1,9400.0,1,suburban,fulltime,0,0,0,560.0
Male,50,under_55,GroupA,23100.0,12.8,30.4,475.0,0.4808,1,13100.0,1,rural,selfemployed,0,0,0,496.0
Male,50,under_55,GroupA,18600.0,16.3,30.5,405.0,0.3156,3,6600.0,1,rural,fulltime,0,0,0,397.0
Female,42,under_55,GroupA,31100.0,14.8,23.7,495.0,0.5274,2,27600.0,1,suburban,parttime,0,0,0,468.0
Male,56,55_plus,GroupA,31700.0,15.9,29.5,576.0,0.5397,0,25900.0,2,suburban,fulltime,1,0,0,550.0
Male,32,under_55,GroupA,16000.0,11.7,11.7,372.0,0.73,2,6700.0,2,suburban,selfemployed,0,0,0,354.0
Female,37,under_55,GroupC,24500.0,11.2,22.1,537.0,0.4721,1,5700.0,13,urban,selfemployed,0,0,0,498.0
Male,67,55_plus,GroupA,43700.0,11.4,45.0,627.0,0.3408,0,20700.0,1,urban,fulltime,0,1,1,626.0
Male,61,55_plus,GroupB,19500.0,13.4,41.3,536.0,0.3759,0,8000.0,4,urban,fulltime,1,1,1,569.0
Female,49,under_55,GroupC,17900.0,9.7,34.2,430.0,0.7004,1,12000.0,12,urban,fulltime,1,0,0,388.0
Male,42,under_55,GroupA,37900.0,14.6,18.8,566.0,0.4289,1,14800.0,14,rural,fulltime,0,0,0,565.0
Male,45,under_55,GroupA,44400.0,14.7,23.3,460.0,0.5312,2,18900.0,2,rural,parttime,0,1,1,468.0
Female,56,55_plus,GroupC,15900.0,11.3,42.2,572.0,0.1866,0,8500.0,8,urban,selfemployed,1,1,1,604.0
Female,39,under_55,GroupA,20400.0,13.3,16.0,362.0,0.8134,4,18300.0,1,urban,selfemployed,1,0,0,300.0
Male,18,under_55,GroupB,36700.0,14.5,0.0,707.0,0.0861,0,20300.0,3,urban,selfemployed,0,1,1,685.0
Female,47,under_55,GroupB,17700.0,10.4,32.2,409.0,0.5033,2,15700.0,20,suburban,parttime,0,0,0,401.0
Male,33,under_55,GroupB,24200.0,13.7,16.4,510.0,0.7146,0,13000.0,3,urban,fulltime,0,0,0,485.0
Male,18,under_55,GroupC,41000.0,10.2,0.0,504.0,0.3388,0,22800.0,0,rural,fulltime,0,0,0,543.0
Male,42,under_55,GroupB,33800.0,14.5,22.1,575.0,0.1924,1,22400.0,0,urban,parttime,0,1,1,592.0
Male,39,under_55,GroupA,27700.0,15.9,16.6,510.0,0.4473,0,4900.0,2,rural,fulltime,1,1,1,510.0
Male,39,under_55,GroupA,61600.0,14.6,21.3,651.0,0.356,0,37000.0,2,suburban,fulltime,1,1,1,651.0
Female,36,under_55,GroupA,23200.0,12.1,17.7,524.0,0.2869,1,34400.0,8,urban,parttime,1,0,0,551.0
Female,53,under_55,GroupA,17100.0,12.9,35.6,402.0,0.235,2,14300.0,14,urban,fulltime,1,0,0,479.0
Male,45,under_55,GroupA,33600.0,10.5,28.0,588.0,0.5043,0,28900.0,1,suburban,fulltime,1,1,1,560.0
Male,39,under_55,GroupA,14800.0,12.1,21.8,483.0,0.4709,1,14200.0,2,suburban,fulltime,0,0,0,479.0
Male,53,under_55,GroupA,52700.0,16.6,29.1,539.0,0.8327,0,40200.0,3,urban,fulltime,1,0,0,541.0
Male,59,55_plus,GroupA,31900.0,15.0,38.2,356.0,0.9478,1,26700.0,2,urban,fulltime,0,0,0,354.0
Female,34,under_55,GroupB,18900.0,13.7,14.9,525.0,0.0904,1,18600.0,12,urban,fulltime,0,1,1,587.0
Male,30,under_55,GroupA,21000.0,15.0,3.4,511.0,0.128,1,11600.0,0,urban,fulltime,0,0,0,529.0
Male,64,55_plus,GroupB,21700.0,16.6,37.7,397.0,0.5677,2,25400.0,0,suburban,fulltime,0,0,0,387.0
Male,31,under_55,GroupC,37700.0,17.9,4.3,404.0,0.2271,3,26900.0,2,suburban,fulltime,0,0,0,416.0
Female,33,under_55,GroupB,22900.0,14.8,13.2,678.0,0.2098,0,11600.0,12,suburban,fulltime,1,1,1,660.0
Male,33,under_55,GroupA,32300.0,13.5,9.2,481.0,0.5107,1,24600.0,1,suburban,fulltime,0,0,0,477.0
Male,30,under_55,GroupA,34600.0,15.0,8.6,737.0,0.0585,0,32800.0,1,urban,parttime,0,1,1,741.0
Female,43,under_55,GroupB,20600.0,14.7,24.2,513.0,0.5808,0,7300.0,8,urban,fulltime,1,0,0,476.0
Male,58,55_plus,GroupA,20900.0,20.5,30.9,440.0,0.2689,2,9400.0,1,urban,fulltime,0,0,0,449.0
Female,36,under_55,GroupC,22300.0,14.0,16.6,678.0,0.3634,0,5400.0,3,rural,fulltime,1,1,1,577.0
Male,40,under_55,GroupB,28400.0,13.6,29.6,522.0,0.4514,1,30300.0,0,rural,fulltime,0,0,0,507.0
Female,43,under_55,GroupA,26600.0,16.4,19.6,707.0,0.0598,0,14200.0,7,suburban,fulltime,0,1,1,684.0
Female,26,under_55,GroupB,22100.0,9.8,10.2,558.0,0.4274,0,16300.0,2,suburban,parttime,0,0,0,547.0
Male,63,55_plus,GroupA,66400.0,14.8,40.3,742.0,0.2271,0,33500.0,0,suburban,selfemployed,0,1,1,759.0
Female,46,under_55,GroupA,20800.0,15.1,26.7,419.0,0.7234,1,7800.0,11,urban,parttime,0,0,0,386.0
Male,58,55_plus,GroupA,38400.0,16.1,43.6,573.0,0.421,1,10100.0,3,suburban,fulltime,0,1,1,570.0
Male,43,under_55,GroupA,21800.0,15.7,23.5,564.0,0.262,0,14800.0,0,suburban,fulltime,0,1,1,570.0
Male,59,55_plus,GroupA,32000.0,13.1,36.6,515.0,0.5448,0,16700.0,3,suburban,fulltime,1,0,0,513.0
Female,56,55_plus,GroupA,20100.0,16.6,33.4,365.0,0.6244,2,6700.0,17,urban,parttime,0,0,0,372.0
Female,41,under_55,GroupA,28000.0,12.6,24.9,451.0,0.6786,1,19200.0,19,suburban,fulltime,0,0,0,421.0
Female,60,55_plus,GroupB,17100.0,10.5,40.4,300.0,0.6359,1,10700.0,14,suburban,parttime,0,0,0,379.0
Female,32,under_55,GroupA,22600.0,14.7,10.3,395.0,0.4613,2,8800.0,8,urban,fulltime,0,0,0,429.0
Female,28,under_55,GroupC,18200.0,14.3,2.9,408.0,0.3415,1,10100.0,11,urban,fulltime,0,0,0,452.0
Male,52,under_55,GroupA,15100.0,14.5,35.7,470.0,0.5762,0,11500.0,3,suburban,fulltime,0,0,0,465.0
Male,36,under_55,GroupA,69000.0,13.8,16.9,614.0,0.5923,0,130800.0,0,urban,fulltime,0,0,0,628.0
Male,35,under_55,GroupB,32600.0,10.1,19.9,647.0,0.2245,0,49100.0,0,urban,fulltime,0,1,1,617.0
Male,40,under_55,GroupA,54800.0,15.7,18.4,463.0,0.6677,1,29700.0,2,suburban,fulltime,0,0,0,458.0
Male,49,under_55,GroupA,19300.0,11.9,29.7,608.0,0.1478,0,7900.0,2,suburban,fulltime,0,1,1,615.0
Female,41,under_55,GroupB,19100.0,15.8,19.9,383.0,0.5324,1,8100.0,11,rural,fulltime,1,0,0,444.0
Female,33,under_55,GroupA,29400.0,19.2,4.9,359.0,0.6323,2,17500.0,10,rural,fulltime,0,0,0,355.0
Male,25,under_55,GroupB,30900.0,10.2,10.6,548.0,0.4335,2,22600.0,12,suburban,fulltime,0,0,1,466.0
Male,62,55_plus,GroupA,21300.0,12.5,45.0,528.0,0.3115,0,5700.0,1,rural,selfemployed,1,0,0,519.0
Male,73,55_plus,GroupC,16400.0,14.3,45.0,541.0,0.2466,1,6700.0,2,rural,fulltime,0,1,1,528.0
Female,54,under_55,GroupC,43800.0,14.0,35.6,757.0,0.4333,0,38000.0,17,urban,fulltime,0,0,1,633.0
Male,42,under_55,GroupA,48500.0,15.0,22.0,605.0,0.3458,0,40300.0,2,suburban,fulltime,1,1,1,628.0
Male,38,under_55,GroupA,56400.0,16.5,16.8,656.0,0.5158,0,33400.0,0,suburban,selfemployed,1,0,0,671.0
Female,18,under_55,GroupC,14200.0,12.1,0.0,378.0,0.2897,1,14900.0,14,urban,fulltime,1,0,0,388.0
Male,54,under_55,GroupA,66300.0,14.6,32.6,759.0,0.179,0,39400.0,2,suburban,fulltime,0,1,1,763.0
Male,60,55_plus,GroupB,31600.0,16.5,32.7,560.0,0.4376,1,33500.0,2,urban,fulltime,1,0,0,525.0
Male,40,under_55,GroupC,34700.0,14.9,20.1,718.0,0.0965,0,11300.0,13,suburban,fulltime,1,1,1,718.0
Female,53,under_55,GroupA,18300.0,13.2,33.5,436.0,0.5648,1,8200.0,14,urban,parttime,0,1,1,438.0
Female,48,under_55,GroupB,23900.0,11.9,28.9,407.0,0.4208,3,14300.0,11,urban,fulltime,0,0,0,392.0
Female,61,55_plus,GroupB,25300.0,12.4,45.0,481.0,0.5455,0,9700.0,0,suburban,fulltime,0,0,0,489.0
Male,52,under_55,GroupC,36600.0,12.8,32.4,616.0,0.2167,1,25100.0,11,suburban,selfemployed,0,1,1,601.0
Male,25,under_55,GroupA,19700.0,12.7,7.4,466.0,0.5328,0,17200.0,2,urban,fulltime,0,0,0,469.0
Male,23,under_55,GroupC,21400.0,12.0,6.2,491.0,0.2601,1,7400.0,1,rural,fulltime,0,0,0,505.0
Male,29,under_55,GroupC,51300.0,14.5,15.8,741.0,0.1238,0,47300.0,3,suburban,fulltime,0,1,1,765.0
Male,32,under_55,GroupA,24200.0,14.5,8.7,612.0,0.2775,0,25700.0,3,urban,parttime,1,0,0,624.0
Female,30,under_55,GroupA,20400.0,14.8,14.7,428.0,0.4699,2,9100.0,13,rural,fulltime,0,0,0,402.0
Male,53,under_55,GroupA,42700.0,16.2,29.3,670.0,0.1358,1,37000.0,1,rural,selfemployed,0,1,1,681.0
Male,60,55_plus,GroupB,35300.0,14.2,40.4,649.0,0.2653,0,19400.0,1,urban,fulltime,0,0,0,613.0
Male,50,under_55,GroupA,41000.0,13.3,29.5,496.0,0.6744,1,49600.0,3,suburban,fulltime,0,0,0,487.0
Male,23,under_55,GroupC,23300.0,13.2,1.5,526.0,0.1495,1,22200.0,4,rural,parttime,0,0,0,531.0
Male,40,under_55,GroupB,30200.0,14.1,14.2,635.0,0.244,1,11300.0,3,suburban,selfemployed,0,0,1,559.0
Female,68,55_plus,GroupB,23100.0,14.6,45.0,474.0,0.3742,0,14900.0,10,suburban,fulltime,0,0,0,501.0
Female,49,under_55,GroupA,30400.0,17.9,28.6,584.0,0.3594,0,13800.0,18,urban,fulltime,0,1,1,602.0
Male,18,under_55,GroupA,25800.0,12.3,2.2,504.0,0.3786,0,16900.0,12,urban,fulltime,0,1,1,506.0
Female,40,under_55,GroupA,40100.0,14.3,18.9,606.0,0.1405,1,16600.0,17,urban,selfemployed,0,0,1,582.0
Male,45,under_55,GroupA,50000.0,16.6,22.4,759.0,0.1229,0,59000.0,1,rural,fulltime,0,1,1,752.0
Male,41,under_55,GroupA,41500.0,15.9,15.4,414.0,0.8685,1,16300.0,1,suburban,fulltime,0,0,0,411.0
Female,39,under_55,GroupA,17200.0,15.4,17.6,475.0,0.2939,1,12300.0,2,suburban,fulltime,1,0,0,495.0
Male,62,55_plus,GroupC,22200.0,16.4,36.3,553.0,0.4846,0,17200.0,2,rural,parttime,0,0,1,545.0
Male,36,under_55,GroupB,40600.0,17.2,14.3,721.0,0.3256,0,35200.0,1,rural,fulltime,1,0,0,694.0
Male,29,under_55,GroupB,41500.0,12.8,9.1,561.0,0.6521,0,40900.0,1,urban,fulltime,0,0,0,556.0
Male,18,under_55,GroupB,22400.0,13.0,0.0,485.0,0.0919,0,7500.0,0,urban,fulltime,0,1,1,540.0
Female,56,55_plus,GroupA,27700.0,13.7,38.7,534.0,0.2373,1,24700.0,12,suburban,fulltime,1,1,1,559.0
Male,54,under_55,GroupA,19400.0,14.5,35.0,317.0,0.7136,2,11100.0,1,urban,selfemployed,0,0,0,328.0
Female,26,under_55,GroupC,16300.0,12.3,2.6,325.0,0.3869,3,7400.0,11,urban,parttime,0,0,0,300.0
Male,48,under_55,GroupC,24100.0,10.1,28.2,650.0,0.1489,0,11300.0,3,urban,fulltime,1,1,1,661.0
Female,43,under_55,GroupB,27600.0,13.5,18.9,572.0,0.1502,0,11100.0,25,suburban,fulltime,0,1,1,634.0
Male,43,under_55,GroupA,35100.0,15.6,22.8,657.0,0.173,0,35200.0,4,rural,fulltime,0,1,1,656.0
Male,30,under_55,GroupA,34600.0,14.4,10.2,566.0,0.4897,0,26500.0,1,suburban,fulltime,0,1,1,554.0
Male,25,under_55,GroupC,12600.0,9.3,10.2,516.0,0.3185,0,3600.0,2,urban,fulltime,0,0,0,525.0
Male,43,under_55,GroupA,50700.0,13.8,25.0,688.0,0.1089,0,32600.0,3,suburban,fulltime,0,1,1,692.0
Male,69,55_plus,GroupA,23800.0,9.9,45.0,357.0,0.4264,4,11100.0,4,suburban,fulltime,0,0,0,341.0
Male,18,under_55,GroupA,42400.0,16.3,0.0,534.0,0.4037,1,14800.0,1,rural,fulltime,0,0,0,512.0
Male,45,under_55,GroupB,47000.0,11.9,32.2,633.0,0.2199,0,32100.0,3,urban,selfemployed,0,1,1,654.0
Male,48,under_55,GroupA,42900.0,17.9,22.2,621.0,0.2988,0,35600.0,0,rural,fulltime,0,1,1,626.0
Male,36,under_55,GroupC,45200.0,14.3,18.0,585.0,0.515,0,35300.0,1,urban,fulltime,0,0,0,587.0
Female,33,under_55,GroupA,25300.0,17.7,6.2,486.0,0.2983,1,14200.0,8,urban,parttime,0,1,1,488.0
Female,35,under_55,GroupA,29700.0,16.1,12.2,475.0,0.4262,1,23100.0,23,suburban,parttime,0,1,1,526.0
Male,38,under_55,GroupB,25600.0,11.5,21.2,655.0,0.4108,0,17900.0,1,urban,fulltime,0,0,0,600.0
Male,28,under_55,GroupA,36900.0,14.1,12.2,599.0,0.5758,0,38900.0,1,rural,fulltime,0,0,0,585.0
Female,47,under_55,GroupA,18800.0,14.6,22.6,416.0,0.354,3,10200.0,7,urban,parttime,0,0,0,409.0
Male,42,under_55,GroupA,53400.0,12.8,24.4,743.0,0.0671,0,32800.0,7,suburban,selfemployed,0,1,1,763.0
Female,42,under_55,GroupA,22700.0,10.8,30.0,640.0,0.1932,0,12900.0,1,rural,parttime,0,1,1,625.0
Male,45,under_55,GroupB,21900.0,12.3,27.6,602.0,0.1271,0,4300.0,1,urban,fulltime,0,1,1,629.0
Male,28,under_55,GroupA,21600.0,15.8,6.4,437.0,0.5397,0,12100.0,3,urban,fulltime,0,0,0,446.0
Female,46,under_55,GroupA,14100.0,11.8,26.9,355.0,0.4012,2,5100.0,6,suburban,parttime,0,0,0,380.0
Female,43,under_55,GroupA,20300.0,12.6,30.0,417.0,0.6073,2,6500.0,20,rural,fulltime,0,0,0,401.0
Female,44,under_55,GroupA,43600.0,15.1,31.3,551.0,0.401,0,26900.0,2,urban,selfemployed,1,1,1,625.0
Female,19,under_55,GroupA,26000.0,14.2,3.9,554.0,0.1813,0,15100.0,16,suburban,fulltime,1,1,1,562.0
Female,43,under_55,GroupA,30100.0,16.8,17.4,514.0,0.4402,0,28700.0,14,suburban,parttime,1,0,0,530.0
Female,44,under_55,GroupA,72800.0,15.3,19.2,601.0,0.3755,0,20700.0,14,urban,selfemployed,0,1,1,635.0
Female,32,under_55,GroupC,21000.0,10.6,14.1,537.0,0.2074,0,11100.0,16,urban,parttime,0,1,1,579.0
Female,56,55_plus,GroupB,23400.0,14.4,35.5,610.0,0.3907,0,24200.0,11,urban,parttime,0,0,1,583.0
Female,51,under_55,GroupA,21400.0,15.3,28.9,396.0,0.5213,1,22900.0,8,suburban,fulltime,0,0,0,447.0
Male,53,under_55,GroupB,54800.0,13.3,30.4,631.0,0.354,1,30400.0,2,suburban,fulltime,0,1,1,580.0
Male,35,under_55,GroupA,39600.0,13.6,14.6,649.0,0.3499,0,10600.0,4,urban,fulltime,0,1,1,660.0
Female,40,under_55,GroupA,21100.0,17.4,11.7,560.0,0.2349,0,15800.0,12,urban,parttime,0,1,1,556.0
Female,31,under_55,GroupC,18800.0,15.4,9.1,484.0,0.3889,1,8600.0,18,urban,fulltime,0,0,0,466.0
Male,51,under_55,GroupA,45500.0,14.2,29.3,554.0,0.3772,1,18500.0,12,urban,selfemployed,0,0,0,564.0
Female,46,under_55,GroupB,29800.0,13.4,27.4,725.0,0.3173,0,19900.0,11,urban,fulltime,0,0,1,601.0
Male,61,55_plus,GroupA,22100.0,11.0,42.7,569.0,0.3227,0,17100.0,1,suburban,parttime,0,0,0,552.0
Male,51,under_55,GroupA,17400.0,10.6,33.4,541.0,0.2939,1,40800.0,0,suburban,fulltime,1,0,0,551.0
Male,43,under_55,GroupC,60500.0,12.8,23.5,613.0,0.5973,0,26600.0,2,rural,fulltime,1,1,1,587.0
Male,41,under_55,GroupA,23500.0,15.1,16.3,553.0,0.3719,0,21100.0,2,rural,fulltime,0,1,1,550.0
Male,44,under_55,GroupA,23000.0,14.0,19.9,546.0,0.3163,0,10800.0,1,suburban,parttime,0,1,1,568.0
Male,33,under_55,GroupA,34700.0,13.7,10.8,593.0,0.5478,0,15000.0,2,suburban,fulltime,0,0,0,600.0
Male,37,under_55,GroupB,38600.0,15.6,12.9,551.0,0.4366,1,45000.0,2,rural,fulltime,0,0,0,556.0
Male,52,under_55,GroupB,30900.0,17.2,27.2,533.0,0.1999,1,35100.0,1,rural,parttime,1,0,0,614.0
Male,42,under_55,GroupA,24000.0,12.2,28.8,419.0,0.5291,1,10800.0,1,suburban,selfemployed,0,0,0,419.0
Male,46,under_55,GroupB,31800.0,13.5,26.5,358.0,0.8098,2,25100.0,1,suburban,fulltime,0,0,0,370.0
Male,50,under_55,GroupA,42100.0,12.9,32.2,674.0,0.263,0,40800.0,3,urban,fulltime,0,1,1,678.0
Male,35,under_55,GroupA,40300.0,16.7,16.0,711.0,0.1578,0,31600.0,9,suburban,fulltime,1,1,1,692.0
Male,36,under_55,GroupB,41300.0,14.1,12.0,652.0,0.2836,1,18200.0,1,suburban,fulltime,0,1,1,637.0
Female,49,under_55,GroupA,38000.0,15.2,25.4,641.0,0.1048,0,36000.0,14,suburban,fulltime,0,1,1,712.0
Female,65,55_plus,GroupA,16600.0,16.9,36.8,632.0,0.2405,0,8200.0,17,suburban,fulltime,0,0,0,587.0
Male,36,under_55,GroupA,17100.0,10.8,15.3,432.0,0.7558,0,15000.0,11,suburban,selfemployed,0,0,0,418.0
Male,41,under_55,GroupA,14200.0,10.1,26.1,375.0,0.556,1,13300.0,1,urban,fulltime,0,0,0,370.0
Female,30,under_55,GroupA,17600.0,15.1,4.2,569.0,0.2829,0,17900.0,11,urban,parttime,1,0,0,519.0
Female,44,under_55,GroupB,39400.0,13.6,21.5,578.0,0.2955,1,41000.0,11,urban,parttime,0,0,1,586.0
Male,51,under_55,GroupA,64800.0,13.4,34.2,661.0,0.4348,0,23100.0,2,suburban,fulltime,0,1,1,671.0
Female,48,under_55,GroupA,23000.0,12.3,31.7,556.0,0.3074,0,26000.0,12,rural,parttime,0,0,0,570.0
Female,29,under_55,GroupC,21700.0,15.3,6.6,618.0,0.1496,0,6100.0,3,suburban,fulltime,0,1,1,594.0
Male,58,55_plus,GroupA,41200.0,13.7,38.1,577.0,0.2948,1,37600.0,1,suburban,fulltime,0,1,1,583.0
Male,59,55_plus,GroupA,28100.0,14.4,40.1,478.0,0.661,0,18600.0,3,urban,fulltime,0,0,1,486.0
Male,45,under_55,GroupA,57500.0,17.7,23.1,701.0,0.2488,0,17500.0,3,suburban,fulltime,0,1,1,709.0
Male,39,under_55,GroupA,17700.0,14.5,21.7,663.0,0.0474,0,16800.0,0,suburban,fulltime,0,1,1,660.0
Male,62,55_plus,GroupA,57100.0,13.0,39.6,699.0,0.2443,0,10100.0,2,urban,fulltime,1,1,1,703.0
Male,41,under_55,GroupB,22200.0,12.5,15.3,300.0,0.95,1,8300.0,0,urban,selfemployed,0,0,0,300.0
Male,69,55_plus,GroupB,16900.0,12.3,45.0,430.0,0.339,2,4700.0,1,urban,selfemployed,1,0,0,414.0
Male,39,under_55,GroupA,24600.0,14.6,19.2,700.0,0.0636,0,17000.0,1,rural,fulltime,1,1,1,709.0
Male,34,under_55,GroupB,17200.0,14.7,15.2,443.0,0.348,2,9500.0,0,urban,fulltime,0,0,0,448.0
Male,53,under_55,GroupB,34400.0,9.5,37.6,627.0,0.2721,0,17700.0,1,urban,fulltime,0,1,1,640.0
Male,43,under_55,GroupA,76700.0,15.0,21.8,740.0,0.3972,0,30600.0,1,suburban,fulltime,0,1,1,757.0
Female,24,under_55,GroupA,16800.0,16.8,0.0,391.0,0.4208,0,5400.0,15,rural,fulltime,0,0,0,382.0
Male,49,under_55,GroupA,34000.0,14.5,30.3,570.0,0.3711,0,30300.0,3,suburban,fulltime,0,1,1,590.0
Male,28,under_55,GroupA,25600.0,13.4,8.8,669.0,0.094,0,28900.0,15,rural,fulltime,0,0,0,666.0
Female,38,under_55,GroupA,22300.0,13.3,18.7,406.0,0.727,1,14900.0,0,suburban,fulltime,1,0,0,384.0
Male,35,under_55,GroupA,38400.0,14.6,11.5,588.0,0.5241,0,19200.0,2,suburban,fulltime,0,1,1,579.0
Female,68,55_plus,GroupA,15800.0,14.7,45.0,489.0,0.2414,1,12000.0,11,urban,parttime,0,0,0,490.0
Female,55,55_plus,GroupA,29800.0,14.0,36.6,642.0,0.17,0,13300.0,15,suburban,selfemployed,0,1,1,666.0
Female,41,under_55,GroupC,23600.0,19.1,12.5,692.0,0.3009,0,16100.0,4,rural,fulltime,0,1,1,622.0
Female,44,under_55,GroupA,22900.0,14.6,20.8,602.0,0.434,0,18800.0,20,suburban,fulltime,1,0,0,582.0
Female,49,under_55,GroupC,16600.0,14.2,33.9,415.0,0.4077,2,24400.0,16,rural,parttime,0,0,0,415.0
Male,47,under_55,GroupA,38600.0,12.8,25.8,728.0,0.145,0,33700.0,2,urban,fulltime,0,1,1,724.0
Female,50,under_55,GroupA,24200.0,14.5,24.7,512.0,0.4555,1,20100.0,2,suburban,parttime,1,0,0,483.0
Female,18,under_55,GroupA,20900.0,14.2,1.9,300.0,0.4115,2,18200.0,6,urban,parttime,0,0,0,345.0
Female,42,under_55,GroupA,22700.0,14.3,22.4,675.0,0.1079,0,12100.0,17,urban,selfemployed,0,1,1,663.0
Female,53,under_55,GroupA,20400.0,14.8,31.1,651.0,0.2153,0,7200.0,12,urban,fulltime,0,0,1,617.0
Male,35,under_55,GroupA,28700.0,14.5,12.6,687.0,0.2527,0,25000.0,1,rural,parttime,0,1,1,691.0
Male,36,under_55,GroupB,23300.0,12.4,12.3,438.0,0.6971,1,14700.0,0,urban,fulltime,0,0,0,429.0
Female,45,under_55,GroupA,29100.0,15.1,27.9,539.0,0.3722,1,18100.0,9,suburban,fulltime,1,1,1,524.0
Male,43,under_55,GroupA,54600.0,11.3,25.6,668.0,0.326,0,42500.0,2,urban,fulltime,1,1,1,667.0
Female,30,under_55,GroupB,20800.0,16.0,8.2,507.0,0.3297,1,9600.0,13,urban,parttime,1,1,1,525.0
Male,26,under_55,GroupA,24200.0,17.3,3.8,386.0,0.5648,1,23400.0,2,rural,fulltime,0,0,0,396.0
Male,31,under_55,GroupA,26600.0,11.7,10.4,573.0,0.164,2,28000.0,13,suburban,selfemployed,0,1,1,572.0
Female,21,under_55,GroupB,18700.0,12.6,8.2,563.0,0.0752,0,6800.0,14,urban,selfemployed,0,1,1,610.0
Female,37,under_55,GroupB,25300.0,12.9,19.3,698.0,0.2943,0,8800.0,2,urban,fulltime,0,0,1,643.0
Male,45,under_55,GroupA,30800.0,14.6,27.4,578.0,0.5552,0,28500.0,0,rural,fulltime,0,0,0,565.0
Female,37,under_55,GroupA,28400.0,18.3,10.0,537.0,0.4562,0,31500.0,15,suburban,fulltime,0,0,0,566.0
Male,37,under_55,GroupA,26400.0,12.8,18.5,602.0,0.3667,0,13900.0,0,suburban,fulltime,0,1,1,600.0
Male,71,55_plus,GroupA,23900.0,13.6,45.0,620.0,0.1657,0,11200.0,4,urban,fulltime,0,1,1,619.0
Male,58,55_plus,GroupC,18200.0,12.7,38.5,578.0,0.1532,1,7900.0,0,suburban,fulltime,0,0,1,553.0
Female,65,55_plus,GroupA,18800.0,12.5,45.0,310.0,0.5645,4,17400.0,9,suburban,selfemployed,0,0,0,300.0
Female,56,55_plus,GroupA,23900.0,15.8,34.5,671.0,0.2441,1,10300.0,2,rural,fulltime,0,1,1,606.0
Female,45,under_55,GroupA,33700.0,15.6,26.3,559.0,0.4818,0,22300.0,9,urban,fulltime,0,1,1,568.0
Male,50,under_55,GroupB,22200.0,13.0,32.4,457.0,0.6876,0,9000.0,8,rural,fulltime,0,0,0,452.0
Female,50,under_55,GroupC,10800.0,13.7,29.6,321.0,0.5046,1,8400.0,1,rural,parttime,1,0,0,389.0
Female,39,under_55,GroupA,9300.0,10.0,25.8,541.0,0.0838,1,3300.0,0,rural,fulltime,0,1,1,509.0
Male,41,under_55,GroupB,25400.0,9.0,31.5,472.0,0.491,1,12200.0,10,urban,fulltime,0,0,0,474.0
Female,45,under_55,GroupB,18600.0,12.2,23.0,546.0,0.2347,0,20400.0,1,urban,parttime,0,0,0,553.0
Male,40,under_55,GroupA,24700.0,10.3,16.0,616.0,0.1597,1,16300.0,2,urban,selfemployed,0,0,0,622.0
Female,66,55_plus,GroupA,34900.0,13.6,45.0,702.0,0.2244,0,31200.0,13,rural,selfemployed,0,1,1,672.0
Female,37,under_55,GroupB,25800.0,13.3,16.3,514.0,0.6426,1,20500.0,13,urban,fulltime,0,0,0,425.0
Male,42,under_55,GroupA,53200.0,21.6,16.4,615.0,0.4074,0,24500.0,0,urban,fulltime,1,1,1,622.0
Male,33,under_55,GroupC,38900.0,13.4,13.6,384.0,0.7216,1,28400.0,2,rural,fulltime,0,0,0,420.0
Female,50,under_55,GroupA,44700.0,13.0,27.6,691.0,0.3761,0,24700.0,12,suburban,fulltime,0,1,1,656.0
Male,36,under_55,GroupB,23500.0,10.1,22.6,397.0,0.5532,2,8300.0,0,urban,fulltime,1,0,0,354.0
Female,23,under_55,GroupA,35200.0,14.4,6.4,648.0,0.2173,0,33100.0,1,urban,fulltime,0,0,1,645.0
Male,49,under_55,GroupC,18900.0,13.4,30.1,471.0,0.5649,0,8200.0,0,urban,fulltime,1,1,1,467.0
Male,30,under_55,GroupB,21500.0,15.5,7.2,539.0,0.3594,0,8200.0,1,urban,fulltime,0,0,0,540.0
Male,45,under_55,GroupA,22500.0,14.9,22.7,608.0,0.3091,0,16700.0,2,rural,fulltime,0,0,0,606.0
Male,40,under_55,GroupA,20600.0,13.0,21.5,300.0,0.6024,5,9200.0,2,rural,fulltime,0,0,0,300.0
Female,28,under_55,GroupA,19600.0,12.9,8.5,366.0,0.5779,1,12100.0,1,suburban,fulltime,1,0,0,410.0
Female,33,under_55,GroupA,25000.0,12.6,14.8,617.0,0.1227,1,12300.0,1,suburban,fulltime,0,1,1,614.0
Male,37,under_55,GroupA,22700.0,9.5,17.7,537.0,0.3913,0,16900.0,0,suburban,selfemployed,1,1,1,533.0
Male,61,55_plus,GroupA,34600.0,14.5,40.0,588.0,0.3874,1,11600.0,14,suburban,fulltime,0,0,0,582.0
Male,44,under_55,GroupC,53300.0,12.1,24.9,723.0,0.2759,0,31300.0,2,urban,fulltime,1,1,1,715.0
Male,45,under_55,GroupA,31700.0,15.3,26.9,662.0,0.2644,0,16300.0,0,urban,fulltime,0,1,1,678.0
Male,44,under_55,GroupA,24800.0,16.4,20.7,535.0,0.1648,1,26300.0,0,suburban,fulltime,0,1,1,549.0
Male,54,under_55,GroupA,25000.0,12.7,33.1,633.0,0.2891,0,28800.0,2,suburban,fulltime,0,0,0,635.0
Male,72,55_plus,GroupA,15300.0,9.3,45.0,493.0,0.335,1,3600.0,3,rural,fulltime,0,0,0,496.0
Male,32,under_55,GroupA,38900.0,15.2,11.3,561.0,0.3854,1,105600.0,1,suburban,fulltime,0,0,0,554.0
Female,34,under_55,GroupB,28000.0,11.8,22.8,538.0,0.3054,0,24100.0,0,rural,parttime,0,0,1,582.0
Male,50,under_55,GroupB,39800.0,15.5,29.2,605.0,0.4212,0,26100.0,1,urban,fulltime,0,1,1,615.0
Male,35,under_55,GroupA,35600.0,17.3,11.0,542.0,0.6404,0,13400.0,1,rural,fulltime,0,1,1,547.0
Male,33,under_55,GroupB,23400.0,17.4,6.6,536.0,0.327,2,25700.0,13,urban,fulltime,0,0,0,499.0
Male,37,under_55,GroupB,32300.0,12.9,19.8,581.0,0.328,1,36400.0,5,urban,fulltime,0,0,0,589.0
Male,38,under_55,GroupA,45600.0,15.4,15.3,477.0,0.6538,2,10900.0,3,rural,fulltime,1,0,0,468.0
Male,41,under_55,GroupA,47200.0,13.6,13.7,619.0,0.5676,0,7200.0,8,suburban,selfemployed,0,1,1,611.0
Male,71,55_plus,GroupA,18900.0,11.5,45.0,565.0,0.2725,1,17400.0,3,suburban,fulltime,1,0,0,552.0
Male,44,under_55,GroupB,27600.0,14.9,22.0,538.0,0.1556,2,5700.0,1,urban,fulltime,0,1,1,525.0
Female,57,55_plus,GroupC,18200.0,14.4,37.2,593.0,0.1335,0,12600.0,21,urban,fulltime,0,0,1,603.0
Male,51,under_55,GroupB,52100.0,14.0,33.2,654.0,0.3057,0,13200.0,0,suburban,fulltime,0,1,1,703.0
Female,40,under_55,GroupA,17700.0,13.1,25.0,495.0,0.2198,1,22700.0,7,urban,fulltime,0,0,0,501.0
Female,19,under_55,GroupA,16200.0,16.6,1.2,376.0,0.3704,1,7800.0,5,suburban,parttime,0,0,0,398.0
Female,67,55_plus,GroupB,17300.0,11.5,45.0,620.0,0.2495,0,8300.0,13,urban,fulltime,0,0,1,543.0
Male,52,under_55,GroupB,20400.0,13.5,29.9,569.0,0.1996,0,26400.0,4,urban,fulltime,1,1,1,603.0
Male,25,under_55,GroupA,39400.0,17.7,0.0,464.0,0.6373,0,8400.0,1,suburban,fulltime,0,1,1,452.0
Male,23,under_55,GroupA,30400.0,9.8,15.0,575.0,0.2503,1,34800.0,0,suburban,fulltime,0,1,1,571.0
Male,46,under_55,GroupA,42400.0,16.7,21.3,691.0,0.2168,0,28400.0,1,suburban,fulltime,0,1,1,680.0
Female,38,under_55,GroupB,19800.0,11.4,18.7,453.0,0.3633,1,9700.0,9,urban,parttime,1,0,0,486.0
Female,52,under_55,GroupA,25800.0,12.4,30.9,499.0,0.3774,1,10700.0,14,rural,fulltime,0,0,0,532.0
Female,55,55_plus,GroupB,11900.0,15.0,28.5,351.0,0.3924,1,16200.0,16,rural,parttime,1,0,0,451.0
Male,24,under_55,GroupA,44100.0,16.1,1.5,635.0,0.0645,0,28300.0,4,suburban,fulltime,0,1,1,633.0
Female,31,under_55,GroupB,30000.0,15.2,10.0,556.0,0.342,1,38600.0,10,suburban,fulltime,0,0,0,573.0
Male,20,under_55,GroupB,24800.0,13.1,4.1,392.0,0.2488,2,13200.0,5,urban,fulltime,0,0,0,430.0
Male,42,under_55,GroupA,19000.0,13.6,21.2,631.0,0.2327,0,11600.0,8,suburban,fulltime,1,1,1,613.0
Female,35,under_55,GroupA,30000.0,12.1,16.8,574.0,0.3493,1,10000.0,3,suburban,fulltime,1,0,0,535.0
Female,35,under_55,GroupA,19200.0,11.5,17.1,573.0,0.2955,0,8100.0,13,suburban,fulltime,0,1,1,570.0
Male,40,under_55,GroupA,44700.0,17.8,18.9,502.0,0.6511,0,46300.0,1,suburban,fulltime,1,0,0,517.0
Female,40,under_55,GroupA,30200.0,11.7,24.3,662.0,0.1006,0,26300.0,11,suburban,parttime,0,1,1,708.0
Female,18,under_55,GroupC,25700.0,10.7,8.5,505.0,0.5224,1,12900.0,15,urban,fulltime,1,0,0,470.0
Male,29,under_55,GroupC,33600.0,13.0,12.2,480.0,0.3435,2,12400.0,17,urban,fulltime,0,1,1,492.0
Male,44,under_55,GroupC,20800.0,11.4,26.8,441.0,0.6285,0,9500.0,2,urban,fulltime,1,0,0,472.0
Male,37,under_55,GroupA,37100.0,12.7,19.9,628.0,0.3965,0,18800.0,1,rural,fulltime,0,1,1,624.0
Male,37,under_55,GroupC,16600.0,14.4,11.9,534.0,0.3704,0,16300.0,0,urban,fulltime,0,0,0,497.0
Male,46,under_55,GroupC,31600.0,16.9,23.7,482.0,0.2442,1,40200.0,2,rural,parttime,1,1,1,519.0
Male,25,under_55,GroupA,29300.0,14.8,6.7,670.0,0.0901,0,8600.0,2,suburban,selfemployed,0,1,1,670.0
Female,41,under_55,GroupB,34700.0,21.3,6.2,648.0,0.2027,0,25200.0,11,urban,parttime,0,1,1,657.0
Male,38,under_55,GroupA,45800.0,20.1,14.7,576.0,0.4275,1,26200.0,2,urban,fulltime,0,1,1,592.0
Male,44,under_55,GroupA,53000.0,15.4,24.4,467.0,0.7608,1,20500.0,4,urban,fulltime,0,1,1,458.0
Male,39,under_55,GroupA,62000.0,13.3,20.3,704.0,0.1529,0,48400.0,3,suburban,fulltime,0,1,1,708.0
Female,35,under_55,GroupA,51700.0,17.4,10.3,684.0,0.2828,0,35400.0,11,suburban,parttime,0,0,1,696.0
Male,49,under_55,GroupA,28700.0,16.2,31.1,591.0,0.1777,1,18700.0,3,suburban,fulltime,0,1,1,595.0
Male,48,under_55,GroupA,24000.0,11.8,33.1,575.0,0.1477,2,10000.0,17,urban,fulltime,0,1,1,564.0
Female,63,55_plus,GroupA,19200.0,15.8,40.2,456.0,0.2493,2,3700.0,10,suburban,parttime,0,0,0,463.0
Female,38,under_55,GroupC,32400.0,20.9,6.9,577.0,0.4048,0,18900.0,1,rural,fulltime,0,0,0,575.0
Male,38,under_55,GroupA,85000.0,19.1,13.6,699.0,0.3479,0,55000.0,1,suburban,fulltime,0,1,1,718.0
Male,32,under_55,GroupB,17600.0,10.2,19.5,471.0,0.7256,0,7200.0,1,urban,fulltime,0,0,0,442.0
Female,43,under_55,GroupA,19200.0,12.3,21.0,340.0,0.5817,1,5400.0,19,suburban,fulltime,0,0,0,406.0
Male,60,55_plus,GroupA,25000.0,16.4,40.1,542.0,0.3022,0,18300.0,2,suburban,fulltime,1,0,0,560.0
Male,50,under_55,GroupC,69600.0,12.1,27.3,529.0,0.76,0,46800.0,0,urban,fulltime,1,0,0,569.0
Male,52,under_55,GroupA,29000.0,15.2,32.0,671.0,0.166,0,11900.0,1,suburban,fulltime,0,1,1,673.0
Female,26,under_55,GroupA,39700.0,17.7,8.5,624.0,0.2974,0,34900.0,8,rural,fulltime,0,0,1,614.0
Male,39,under_55,GroupA,34800.0,14.8,17.4,646.0,0.2015,0,11900.0,2,rural,fulltime,0,1,1,658.0
Male,18,under_55,GroupA,28200.0,13.2,0.0,357.0,0.6253,1,17200.0,2,suburban,fulltime,0,0,0,387.0
Male,35,under_55,GroupA,27800.0,13.6,17.8,435.0,0.6266,2,11200.0,0,rural,selfemployed,0,0,0,432.0
Female,28,under_55,GroupB,22200.0,13.6,5.3,300.0,0.95,1,8000.0,14,rural,fulltime,1,0,0,300.0
Female,32,under_55,GroupB,25800.0,13.0,15.3,504.0,0.3885,1,35400.0,0,urban,parttime,0,0,0,516.0
Female,50,under_55,GroupA,20200.0,12.0,30.2,477.0,0.3123,1,15100.0,2,suburban,fulltime,0,1,1,513.0
Male,26,under_55,GroupB,20800.0,15.9,2.8,456.0,0.5939,0,9600.0,2,suburban,fulltime,0,0,0,413.0
Male,46,under_55,GroupA,48700.0,15.0,21.0,770.0,0.0657,0,38800.0,2,suburban,fulltime,0,1,1,746.0
Male,34,under_55,GroupA,20000.0,13.7,9.2,492.0,0.4169,1,9800.0,2,suburban,parttime,0,0,0,477.0
Male,44,under_55,GroupA,38000.0,11.0,25.4,581.0,0.3859,1,23900.0,0,suburban,fulltime,0,1,1,588.0
Female,34,under_55,GroupA,16800.0,15.6,10.6,567.0,0.2735,0,4700.0,20,suburban,fulltime,0,1,1,598.0
Female,33,under_55,GroupB,16000.0,13.1,20.2,310.0,0.6645,2,8500.0,6,rural,fulltime,0,0,0,353.0
Male,55,55_plus,GroupB,20000.0,14.2,34.1,564.0,0.2027,2,21900.0,16,suburban,fulltime,0,0,0,511.0
Female,50,under_55,GroupA,29400.0,13.4,31.3,544.0,0.5046,0,16900.0,19,rural,fulltime,0,0,0,517.0
Female,39,under_55,GroupC,11400.0,15.0,20.0,300.0,0.6743,3,5000.0,12,urban,parttime,0,0,0,300.0
Female,40,under_55,GroupA,31400.0,10.4,21.4,493.0,0.7141,1,18800.0,12,suburban,parttime,0,0,0,489.0
Male,49,under_55,GroupA,18700.0,12.8,29.9,541.0,0.2846,0,6300.0,1,suburban,fulltime,0,1,1,541.0
Male,61,55_plus,GroupB,20900.0,12.1,44.2,471.0,0.2127,1,9400.0,9,urban,fulltime,0,0,0,539.0
Male,46,under_55,GroupA,29600.0,11.9,31.8,605.0,0.3566,0,15400.0,0,urban,fulltime,0,1,1,599.0
Female,52,under_55,GroupA,31600.0,11.9,33.8,508.0,0.4435,1,10400.0,12,suburban,fulltime,0,0,0,514.0
Male,45,under_55,GroupB,27500.0,10.3,35.1,429.0,0.7634,0,15000.0,4,suburban,fulltime,0,0,0,434.0
Female,51,under_55,GroupA,28900.0,12.5,31.9,645.0,0.1649,0,10000.0,1,suburban,fulltime,0,1,1,639.0
Female,36,under_55,GroupA,24200.0,16.8,11.5,634.0,0.1915,0,9800.0,0,suburban,parttime,0,1,1,627.0
Female,61,55_plus,GroupA,22400.0,14.9,37.6,526.0,0.5461,0,28800.0,16,suburban,fulltime,0,0,0,523.0
Female,34,under_55,GroupA,19800.0,10.4,21.1,344.0,0.407,3,7300.0,7,rural,fulltime,0,0,0,321.0
Female,40,under_55,GroupA,39000.0,17.1,18.5,534.0,0.5338,1,19600.0,7,suburban,parttime,0,1,1,524.0
Female,47,under_55,GroupB,29700.0,12.0,25.6,493.0,0.4757,0,14900.0,15,urban,fulltime,0,0,0,542.0
Male,66,55_plus,GroupA,42400.0,14.6,44.2,605.0,0.4022,0,47000.0,1,urban,fulltime,0,0,0,600.0
Female,30,under_55,GroupC,31200.0,16.9,14.4,584.0,0.3607,1,28300.0,1,suburban,parttime,1,0,1,576.0
Male,60,55_plus,GroupC,20300.0,11.1,40.0,492.0,0.5476,0,6200.0,2,urban,fulltime,0,0,0,524.0
Female,63,55_plus,GroupC,17200.0,9.5,45.0,338.0,0.9395,1,17000.0,17,suburban,fulltime,0,0,0,300.0
Male,29,under_55,GroupB,43300.0,10.5,8.7,560.0,0.4419,0,32800.0,1,suburban,selfemployed,0,1,1,579.0
Female,31,under_55,GroupA,32300.0,10.0,13.7,637.0,0.303,0,25900.0,8,suburban,fulltime,0,1,1,641.0
Male,39,under_55,GroupA,47700.0,14.0,27.4,669.0,0.2515,0,37900.0,0,suburban,selfemployed,0,1,1,675.0
Female,48,under_55,GroupB,25700.0,13.7,25.9,559.0,0.313,0,9200.0,11,suburban,fulltime,1,1,1,592.0
Female,53,under_55,GroupA,29800.0,11.8,36.9,547.0,0.487,0,20200.0,14,suburban,fulltime,0,0,0,528.0
Male,34,under_55,GroupB,31300.0,14.5,21.2,624.0,0.2097,0,14400.0,2,urban,parttime,0,1,1,627.0
Male,30,under_55,GroupA,32900.0,14.3,11.1,715.0,0.103,0,26000.0,1,urban,fulltime,0,1,1,713.0
Male,67,55_plus,GroupB,14600.0,14.8,45.0,559.0,0.3122,0,12700.0,3,urban,fulltime,0,0,0,511.0
Male,36,under_55,GroupC,24800.0,11.9,16.8,359.0,0.7991,1,8600.0,0,urban,fulltime,0,0,0,412.0
Male,54,under_55,GroupA,60400.0,16.5,35.7,683.0,0.3591,0,91600.0,1,suburban,selfemployed,0,1,1,672.0
Male,44,under_55,GroupA,22000.0,11.9,24.2,409.0,0.5093,2,25000.0,2,rural,fulltime,0,0,0,418.0
Male,43,under_55,GroupA,48800.0,13.8,21.5,769.0,0.0877,0,21600.0,11,rural,selfemployed,1,1,1,763.0
Male,18,under_55,GroupA,12100.0,13.3,0.0,309.0,0.5726,1,13100.0,0,suburban,fulltime,0,0,0,300.0
Female,32,under_55,GroupB,8300.0,10.3,13.3,300.0,0.5873,2,5100.0,18,rural,parttime,0,0,0,300.0
Male,47,under_55,GroupC,20700.0,9.2,29.8,595.0,0.3569,1,13100.0,0,rural,selfemployed,1,0,0,550.0
Male,67,55_plus,GroupA,34400.0,15.1,44.1,594.0,0.4062,0,31300.0,0,suburban,fulltime,1,1,1,628.0
Female,21,under_55,GroupA,18400.0,14.9,0.0,343.0,0.6604,0,11600.0,14,suburban,fulltime,1,0,0,315.0
Female,27,under_55,GroupB,28600.0,11.4,10.3,622.0,0.1759,1,22300.0,9,urban,selfemployed,0,1,1,643.0
Female,23,under_55,GroupC,39500.0,17.7,4.2,483.0,0.9377,0,31500.0,13,urban,fulltime,0,0,0,412.0
Male,44,under_55,GroupC,57400.0,15.2,24.8,643.0,0.4375,0,51100.0,3,urban,fulltime,0,1,1,621.0
Female,49,under_55,GroupB,25500.0,13.4,28.2,556.0,0.3457,1,15500.0,13,urban,fulltime,0,0,0,588.0
Female,28,under_55,GroupA,32100.0,14.8,7.3,485.0,0.5628,1,19200.0,13,suburban,selfemployed,0,1,1,496.0
Male,33,under_55,GroupB,36000.0,12.1,12.9,736.0,0.0729,0,17300.0,0,urban,selfemployed,0,0,1,721.0
Male,38,under_55,GroupA,27000.0,16.6,14.9,682.0,0.1306,0,9400.0,1,suburban,fulltime,1,1,1,671.0
Female,40,under_55,GroupC,18400.0,14.0,19.2,361.0,0.3385,2,14600.0,13,rural,fulltime,0,0,0,444.0
Male,41,under_55,GroupA,56000.0,13.4,20.8,705.0,0.2242,0,26100.0,2,suburban,fulltime,0,1,1,693.0
Male,31,under_55,GroupC,17400.0,15.9,10.2,604.0,0.2523,0,11700.0,2,rural,fulltime,1,0,0,584.0
Male,26,under_55,GroupA,44800.0,20.7,2.7,638.0,0.2006,0,12600.0,0,suburban,parttime,0,1,1,638.0
Male,53,under_55,GroupA,30500.0,16.0,29.2,435.0,0.7662,0,19800.0,1,suburban,fulltime,0,0,0,425.0
Female,47,under_55,GroupA,11800.0,8.7,25.4,447.0,0.4856,1,7000.0,11,rural,fulltime,0,0,0,402.0
Female,49,under_55,GroupA,18700.0,14.3,31.2,473.0,0.3801,1,13300.0,1,suburban,parttime,0,0,0,475.0
Female,39,under_55,GroupA,12700.0,13.3,18.9,545.0,0.3055,0,5500.0,13,urban,parttime,0,0,0,525.0
Male,18,under_55,GroupA,33700.0,13.3,0.0,442.0,0.5008,0,32900.0,1,urban,fulltime,1,0,0,474.0
Female,18,under_55,GroupA,11800.0,14.1,0.0,407.0,0.1963,1,11000.0,22,rural,parttime,0,0,0,412.0
Male,47,under_55,GroupB,17400.0,14.6,30.8,333.0,0.4411,1,6600.0,2,urban,fulltime,1,1,1,407.0
Male,37,under_55,GroupA,72400.0,17.5,11.3,662.0,0.4169,0,40000.0,1,suburban,fulltime,1,0,0,664.0
Female,67,55_plus,GroupA,27400.0,10.8,45.0,605.0,0.3015,1,35800.0,10,rural,parttime,0,0,0,580.0
Female,52,under_55,GroupA,33500.0,12.9,32.1,418.0,0.6809,1,22800.0,11,suburban,parttime,0,0,0,456.0
Male,60,55_plus,GroupC,18100.0,16.5,36.5,535.0,0.3678,1,10100.0,3,rural,selfemployed,0,1,1,483.0
Male,71,55_plus,GroupA,35000.0,15.0,45.0,571.0,0.337,1,20500.0,10,suburban,fulltime,0,0,1,567.0
Male,57,55_plus,GroupB,18500.0,13.1,34.3,401.0,0.5216,2,15800.0,19,rural,fulltime,0,0,0,394.0
Male,30,under_55,GroupB,33500.0,11.9,9.1,646.0,0.2266,0,24100.0,4,urban,fulltime,0,0,0,658.0
Male,47,under_55,GroupA,31700.0,15.7,23.7,572.0,0.2369,1,18900.0,1,suburban,fulltime,0,0,0,574.0
Female,25,under_55,GroupA,12100.0,12.5,1.4,410.0,0.3323,1,5300.0,20,suburban,fulltime,0,0,0,363.0
Male,41,under_55,GroupA,45600.0,17.6,15.8,708.0,0.1834,0,52800.0,4,rural,fulltime,1,1,1,726.0
Male,56,55_plus,GroupB,17500.0,13.2,40.4,648.0,0.1775,0,12900.0,4,urban,fulltime,0,1,1,583.0
Male,41,under_55,GroupB,33200.0,14.4,19.8,589.0,0.3112,1,23500.0,1,urban,fulltime,1,0,0,568.0
Male,18,under_55,GroupA,20900.0,14.4,0.0,350.0,0.3578,1,22000.0,0,suburban,fulltime,1,0,0,379.0
Male,28,under_55,GroupA,25100.0,15.0,6.5,537.0,0.4555,0,19300.0,1,suburban,parttime,1,1,1,516.0
Female,63,55_plus,GroupB,17600.0,12.4,42.8,434.0,0.5021,1,17100.0,10,suburban,fulltime,0,0,0,411.0
Male,18,under_55,GroupB,25900.0,12.5,0.0,369.0,0.5559,0,19300.0,0,urban,parttime,1,0,0,435.0
Female,56,55_plus,GroupB,36300.0,13.0,31.2,512.0,0.6229,1,27900.0,16,urban,fulltime,0,0,0,463.0
Male,33,under_55,GroupC,65900.0,13.1,15.6,705.0,0.3231,0,53600.0,12,rural,fulltime,0,1,1,682.0
Male,21,under_55,GroupA,40000.0,15.0,0.0,455.0,0.3652,2,24800.0,4,suburban,fulltime,1,0,0,454.0
Female,70,55_plus,GroupA,22900.0,15.2,45.0,644.0,0.2023,1,9300.0,0,urban,fulltime,0,0,1,590.0
Female,22,under_55,GroupA,19100.0,14.9,4.2,432.0,0.3316,2,27300.0,8,urban,fulltime,0,0,0,405.0
Female,40,under_55,GroupA,39700.0,14.3,19.3,562.0,0.2975,1,10300.0,10,suburban,fulltime,0,1,1,552.0
Female,29,under_55,GroupA,27400.0,14.9,14.3,706.0,0.2125,0,11300.0,16,suburban,fulltime,0,1,1,684.0
Male,47,under_55,GroupA,29400.0,13.0,28.5,554.0,0.4615,0,23500.0,1,suburban,fulltime,0,0,0,560.0
Female,50,under_55,GroupB,28500.0,11.4,28.6,605.0,0.1939,0,11400.0,19,urban,fulltime,1,1,1,663.0
Female,55,55_plus,GroupA,27300.0,11.3,36.8,520.0,0.6154,0,18700.0,1,urban,fulltime,0,0,0,535.0
Male,32,under_55,GroupB,17600.0,17.1,6.4,424.0,0.3633,1,4300.0,0,suburban,selfemployed,1,0,0,435.0
Female,30,under_55,GroupA,31900.0,13.0,7.7,619.0,0.2107,0,10000.0,2,urban,selfemployed,0,1,1,648.0
Female,36,under_55,GroupA,21000.0,10.0,19.5,557.0,0.2501,1,14200.0,2,urban,fulltime,0,0,0,525.0
Male,50,under_55,GroupA,25100.0,20.8,22.6,469.0,0.3791,2,10600.0,6,suburban,fulltime,0,0,0,475.0
Female,44,under_55,GroupB,15500.0,11.5,22.6,417.0,0.6351,1,23300.0,3,urban,selfemployed,0,0,0,382.0
Female,30,under_55,GroupC,29700.0,11.9,11.2,501.0,0.668,2,33700.0,0,urban,fulltime,0,0,0,402.0
Male,37,under_55,GroupB,20600.0,9.1,18.8,450.0,0.394,2,14600.0,3,urban,fulltime,0,0,0,471.0
Male,31,under_55,GroupA,30500.0,13.9,13.4,458.0,0.6008,0,25100.0,1,rural,fulltime,0,0,0,458.0
Male,68,55_plus,GroupA,62100.0,15.6,45.0,777.0,0.0945,0,29800.0,2,suburban,fulltime,0,1,1,767.0
Female,30,under_55,GroupA,40400.0,18.0,11.0,601.0,0.1973,1,19800.0,12,urban,parttime,0,1,1,617.0
Male,52,under_55,GroupA,22300.0,11.3,35.9,648.0,0.1262,0,19700.0,0,urban,fulltime,0,0,0,654.0
Male,37,under_55,GroupA,40800.0,13.3,12.6,575.0,0.4984,0,53700.0,0,urban,selfemployed,0,0,0,568.0
Male,42,under_55,GroupC,18300.0,14.2,20.7,467.0,0.2494,2,17200.0,8,urban,fulltime,0,0,0,490.0
Female,44,under_55,GroupA,23700.0,12.0,16.9,606.0,0.249,0,9700.0,23,suburban,fulltime,1,0,1,602.0
Male,27,under_55,GroupA,28500.0,13.1,8.7,534.0,0.3063,1,19200.0,2,rural,fulltime,1,1,1,540.0
Male,28,under_55,GroupB,29700.0,10.7,8.4,560.0,0.4539,0,14000.0,0,urban,fulltime,0,1,1,544.0
Male,39,under_55,GroupC,21600.0,12.6,21.5,300.0,0.7626,3,15100.0,1,suburban,fulltime,0,0,0,300.0
Male,26,under_55,GroupA,38900.0,15.3,5.6,605.0,0.2391,0,41200.0,1,rural,parttime,0,1,1,592.0
Male,50,under_55,GroupA,32100.0,12.2,31.8,456.0,0.5941,1,43600.0,0,suburban,fulltime,0,1,1,461.0
Male,40,under_55,GroupA,46200.0,14.1,23.7,644.0,0.2727,1,12800.0,0,rural,fulltime,0,1,1,655.0
Male,54,under_55,GroupC,20500.0,10.8,38.8,523.0,0.3033,1,9700.0,1,urban,fulltime,0,0,0,544.0
Male,52,under_55,GroupA,36400.0,17.6,30.4,655.0,0.3682,0,21800.0,1,urban,fulltime,1,1,1,640.0
Male,74,55_plus,GroupB,31200.0,14.9,45.0,466.0,0.5735,0,23000.0,4,urban,fulltime,0,0,0,512.0
Female,47,under_55,GroupC,30500.0,14.0,27.6,597.0,0.4551,0,23000.0,2,suburban,parttime,0,0,1,580.0
Female,34,under_55,GroupA,54500.0,14.2,14.0,632.0,0.4036,0,30700.0,10,suburban,parttime,0,0,1,643.0
Female,48,under_55,GroupA,22700.0,12.0,26.7,547.0,0.2893,2,18200.0,20,suburban,fulltime,1,0,0,488.0
Male,39,under_55,GroupA,26200.0,15.9,22.2,451.0,0.6538,1,32600.0,1,urban,fulltime,0,0,0,439.0
Male,57,55_plus,GroupB,10700.0,10.5,45.0,415.0,0.407,1,8000.0,1,suburban,parttime,0,0,0,419.0
Male,37,under_55,GroupA,29200.0,11.7,20.3,304.0,0.4303,4,23900.0,1,suburban,selfemployed,0,0,0,311.0
Female,35,under_55,GroupB,27500.0,13.8,10.0,404.0,0.5659,1,26200.0,11,suburban,fulltime,0,0,0,426.0
Male,38,under_55,GroupA,23000.0,14.8,20.4,634.0,0.1522,0,16700.0,3,urban,selfemployed,1,1,1,606.0
Female,20,under_55,GroupA,16700.0,17.7,0.0,541.0,0.3574,0,6200.0,9,rural,selfemployed,0,1,1,506.0
Male,32,under_55,GroupB,30400.0,14.3,6.0,596.0,0.1762,0,20800.0,2,urban,fulltime,0,1,1,603.0
Male,46,under_55,GroupA,16500.0,8.0,28.9,431.0,0.4151,1,8300.0,1,rural,parttime,1,0,0,437.0
Female,26,under_55,GroupA,29000.0,11.5,4.3,479.0,0.5202,0,15200.0,2,urban,fulltime,0,1,1,470.0
Male,46,under_55,GroupB,14500.0,9.9,24.5,492.0,0.3385,1,3800.0,0,urban,fulltime,0,0,0,449.0
Male,39,under_55,GroupB,19100.0,11.9,23.4,603.0,0.2833,0,9800.0,2,rural,fulltime,0,1,1,589.0
Female,32,under_55,GroupA,23400.0,11.8,11.7,650.0,0.1744,0,31500.0,13,suburban,fulltime,0,1,1,626.0
Male,66,55_plus,GroupA,38900.0,19.2,44.1,739.0,0.0791,0,24200.0,1,urban,fulltime,1,1,1,752.0
Female,45,under_55,GroupA,39100.0,14.6,24.6,743.0,0.1301,0,22600.0,13,urban,fulltime,0,0,1,739.0
Female,49,under_55,GroupA,22800.0,15.4,28.3,586.0,0.2959,1,13300.0,13,rural,fulltime,1,0,0,543.0
Male,49,under_55,GroupB,35200.0,11.3,30.0,523.0,0.3795,1,20200.0,1,urban,fulltime,1,1,1,557.0
Female,22,under_55,GroupB,23400.0,13.7,1.2,315.0,0.5348,0,37700.0,1,suburban,fulltime,0,0,0,404.0
Female,37,under_55,GroupB,25400.0,10.4,16.0,428.0,0.4355,2,17300.0,1,urban,fulltime,0,0,0,440.0
Female,47,under_55,GroupA,20600.0,15.0,24.3,539.0,0.3636,0,12200.0,20,suburban,fulltime,0,0,0,555.0
Female,35,under_55,GroupA,43700.0,14.5,16.9,641.0,0.3839,0,18300.0,15,rural,selfemployed,0,0,1,631.0
Male,35,under_55,GroupA,54200.0,15.0,12.0,571.0,0.6805,0,41400.0,1,suburban,selfemployed,0,0,0,573.0
Male,38,under_55,GroupA,36900.0,15.5,16.4,622.0,0.374,0,26500.0,0,rural,fulltime,0,1,1,627.0
Female,40,under_55,GroupC,13300.0,10.4,24.3,376.0,0.41,1,9200.0,11,rural,selfemployed,0,0,0,419.0
Female,34,under_55,GroupA,28500.0,14.6,18.3,432.0,0.5123,1,17700.0,10,urban,fulltime,0,0,0,494.0
Female,49,under_55,GroupB,29500.0,12.7,26.7,850.0,0.1454,0,26100.0,0,urban,fulltime,1,1,1,688.0
Male,50,under_55,GroupA,23300.0,15.4,29.2,524.0,0.5389,0,6600.0,13,urban,fulltime,0,1,1,525.0
Male,19,under_55,GroupB,15000.0,12.7,0.0,333.0,0.6164,1,8000.0,17,rural,fulltime,0,0,0,321.0
Male,38,under_55,GroupA,23600.0,13.9,18.1,551.0,0.5229,0,16700.0,4,suburban,parttime,0,1,1,551.0
Male,24,under_55,GroupA,47600.0,14.7,0.0,429.0,0.7005,0,44000.0,1,rural,selfemployed,0,0,0,430.0
Male,19,under_55,GroupC,23100.0,12.8,3.9,441.0,0.1317,1,13600.0,2,urban,fulltime,0,0,0,481.0
Female,57,55_plus,GroupB,18800.0,12.5,40.8,449.0,0.2481,2,6700.0,19,urban,parttime,0,1,1,451.0
Male,52,under_55,GroupA,27000.0,15.5,33.3,563.0,0.3229,1,13100.0,19,suburban,selfemployed,0,1,1,558.0
Male,33,under_55,GroupB,62100.0,13.5,12.5,742.0,0.2769,0,23100.0,1,urban,fulltime,0,1,1,748.0
Male,31,under_55,GroupB,38100.0,12.7,6.3,552.0,0.3635,1,13800.0,1,suburban,fulltime,0,1,1,566.0
Female,49,under_55,GroupA,25400.0,14.0,26.3,487.0,0.4825,0,18500.0,6,suburban,parttime,0,0,0,542.0
Male,64,55_plus,GroupA,32200.0,16.8,39.0,580.0,0.3233,1,18500.0,4,urban,fulltime,0,1,1,580.0
Female,39,under_55,GroupA,23000.0,11.1,21.4,361.0,0.3845,3,29700.0,9,rural,parttime,0,0,0,419.0
Male,45,under_55,GroupA,35300.0,12.2,27.9,629.0,0.3533,0,18300.0,1,suburban,fulltime,0,1,1,618.0
Female,34,under_55,GroupA,20600.0,14.3,16.0,588.0,0.1817,0,7900.0,3,suburban,selfemployed,0,0,1,625.0
Male,45,under_55,GroupB,37900.0,18.7,20.8,719.0,0.4349,0,19700.0,0,suburban,selfemployed,0,1,1,615.0
Male,50,under_55,GroupA,12700.0,10.3,36.4,520.0,0.1567,1,7600.0,0,suburban,parttime,0,1,1,514.0
Male,19,under_55,GroupA,17200.0,14.0,0.0,412.0,0.3186,0,9100.0,0,suburban,fulltime,0,0,0,383.0
Male,30,under_55,GroupA,35600.0,14.5,9.2,556.0,0.4873,0,16500.0,0,urban,fulltime,0,1,1,550.0
Male,42,under_55,GroupA,30100.0,16.1,24.8,624.0,0.3339,0,13600.0,2,suburban,fulltime,0,1,1,638.0
Male,35,under_55,GroupB,42600.0,15.8,10.3,729.0,0.2047,0,18700.0,2,rural,fulltime,0,1,1,675.0
Female,50,under_55,GroupA,33700.0,14.2,29.0,622.0,0.1844,0,5500.0,1,suburban,fulltime,0,1,1,661.0
Female,49,under_55,GroupA,18500.0,13.2,31.0,544.0,0.185,1,8900.0,15,suburban,fulltime,0,0,0,527.0
Male,53,under_55,GroupA,40200.0,12.3,35.3,665.0,0.1824,0,20500.0,0,suburban,selfemployed,0,1,1,676.0
Female,18,under_55,GroupB,19400.0,14.6,2.0,455.0,0.2873,1,16600.0,11,urban,fulltime,0,0,0,454.0
Male,32,under_55,GroupB,30100.0,11.6,13.1,589.0,0.6322,0,22800.0,2,urban,fulltime,0,1,1,539.0
Male,32,under_55,GroupA,29900.0,13.4,12.9,475.0,0.6787,1,26600.0,0,suburban,parttime,1,1,1,484.0
Male,45,under_55,GroupA,34400.0,14.2,23.3,532.0,0.6276,0,15600.0,1,rural,fulltime,0,1,1,518.0
Male,36,under_55,GroupB,21600.0,14.9,21.7,549.0,0.1684,0,28800.0,3,rural,fulltime,0,1,1,585.0
Male,31,under_55,GroupA,26500.0,16.8,5.4,496.0,0.2453,1,23700.0,1,suburban,fulltime,0,0,0,509.0
Female,55,55_plus,GroupB,47600.0,16.3,27.4,679.0,0.3678,0,15200.0,5,suburban,selfemployed,0,1,1,625.0
Female,38,under_55,GroupA,42200.0,18.1,13.7,698.0,0.2225,0,14100.0,13,urban,fulltime,1,1,1,667.0
Male,50,under_55,GroupB,25700.0,9.5,34.0,460.0,0.4847,2,13000.0,2,suburban,selfemployed,0,0,0,442.0
Male,42,under_55,GroupA,40200.0,15.9,18.2,623.0,0.4283,0,43300.0,0,urban,fulltime,0,0,0,616.0
Male,45,under_55,GroupA,26500.0,12.9,26.8,612.0,0.217,1,21200.0,1,suburban,fulltime,0,0,0,617.0
Male,32,under_55,GroupB,41600.0,12.9,11.8,653.0,0.2743,0,31000.0,0,suburban,fulltime,0,1,1,662.0
Female,41,under_55,GroupA,52300.0,14.5,14.8,560.0,0.3073,1,31700.0,11,urban,fulltime,0,0,0,599.0
Female,41,under_55,GroupB,17600.0,12.1,22.0,300.0,0.5315,3,16900.0,1,urban,parttime,0,0,0,304.0
Male,20,under_55,GroupA,17300.0,15.3,4.4,300.0,0.9055,2,8700.0,1,rural,fulltime,0,0,0,300.0
Male,18,under_55,GroupA,45200.0,18.1,0.0,656.0,0.183,0,26000.0,12,suburban,fulltime,1,1,1,638.0
Female,49,under_55,GroupA,13800.0,11.9,33.8,534.0,0.2497,0,5000.0,11,suburban,fulltime,0,0,0,544.0
Male,34,under_55,GroupB,33600.0,12.8,16.3,525.0,0.5772,0,14200.0,1,suburban,fulltime,0,0,0,516.0
Male,42,under_55,GroupA,27300.0,11.5,23.8,618.0,0.2929,0,23100.0,2,suburban,fulltime,0,1,1,600.0
Female,48,under_55,GroupB,48800.0,15.7,28.1,748.0,0.183,1,64400.0,2,urban,fulltime,0,1,1,670.0
Male,46,under_55,GroupA,53300.0,15.5,25.7,706.0,0.2695,0,18800.0,3,suburban,selfemployed,0,1,1,702.0
Male,29,under_55,GroupA,21100.0,14.0,5.0,566.0,0.1494,0,16300.0,0,rural,selfemployed,0,0,0,581.0
Female,44,under_55,GroupA,23500.0,13.4,21.7,457.0,0.6454,0,45400.0,3,suburban,parttime,0,0,0,497.0
Female,54,under_55,GroupA,16200.0,14.6,29.6,494.0,0.4616,0,6900.0,6,suburban,fulltime,0,0,0,488.0
Male,62,55_plus,GroupA,22700.0,13.9,34.5,568.0,0.3886,0,21900.0,1,suburban,parttime,0,0,0,570.0
Male,62,55_plus,GroupA,20100.0,8.9,45.0,503.0,0.5064,0,16100.0,1,suburban,fulltime,0,0,0,512.0
Male,46,under_55,GroupB,29700.0,16.2,20.8,697.0,0.3152,0,20100.0,7,suburban,fulltime,0,1,1,637.0
Female,49,under_55,GroupA,59000.0,17.7,23.7,773.0,0.1104,0,49200.0,11,urban,fulltime,0,1,1,755.0
Female,38,under_55,GroupB,21700.0,13.5,20.9,581.0,0.338,1,6300.0,11,urban,fulltime,1,0,0,521.0
Female,43,under_55,GroupA,15500.0,9.8,27.0,481.0,0.5148,0,2400.0,15,suburban,fulltime,0,1,1,489.0
Female,56,55_plus,GroupB,31000.0,14.7,31.6,667.0,0.0811,0,18200.0,10,urban,fulltime,1,1,1,696.0
Female,49,under_55,GroupB,18900.0,12.3,31.8,586.0,0.2841,0,6800.0,8,suburban,fulltime,0,1,1,597.0
Male,33,under_55,GroupC,35500.0,9.3,20.7,545.0,0.2788,0,15300.0,0,urban,fulltime,0,1,1,584.0
Male,33,under_55,GroupC,21200.0,12.8,16.9,430.0,0.5449,0,11300.0,2,urban,selfemployed,0,0,0,455.0
Female,22,under_55,GroupA,21100.0,12.3,0.0,411.0,0.5241,1,10000.0,9,suburban,fulltime,0,0,0,366.0
Male,54,under_55,GroupB,57500.0,18.1,31.9,577.0,0.4148,0,21100.0,1,suburban,fulltime,1,1,1,646.0
Female,21,under_55,GroupB,20900.0,16.4,1.2,367.0,0.1837,2,11500.0,14,urban,fulltime,0,0,0,394.0
Male,31,under_55,GroupB,26100.0,11.7,10.7,329.0,0.5591,2,27400.0,2,urban,fulltime,0,0,0,358.0
Female,43,under_55,GroupA,19500.0,14.6,26.4,442.0,0.3909,0,12400.0,14,urban,fulltime,1,0,0,464.0
Female,53,under_55,GroupB,22400.0,17.4,32.4,461.0,0.3525,1,15200.0,16,suburban,parttime,0,1,1,500.0
Male,22,under_55,GroupA,28600.0,17.1,1.5,420.0,0.3223,1,15200.0,1,rural,fulltime,0,0,0,433.0
Male,45,under_55,GroupA,54200.0,18.7,20.8,647.0,0.3373,0,48400.0,1,suburban,fulltime,1,1,1,663.0
Male,18,under_55,GroupA,25600.0,11.1,1.9,538.0,0.3151,0,17300.0,3,urban,fulltime,0,0,0,521.0
Female,35,under_55,GroupC,25900.0,11.1,17.5,686.0,0.1983,0,8000.0,3,urban,selfemployed,0,1,1,624.0
Male,49,under_55,GroupA,25100.0,16.1,28.9,676.0,0.0252,0,25300.0,2,suburban,fulltime,1,1,1,664.0
Female,66,55_plus,GroupC,22100.0,13.0,45.0,602.0,0.1686,1,9000.0,16,suburban,parttime,1,0,0,587.0
Female,32,under_55,GroupA,14900.0,13.6,9.5,413.0,0.5315,1,4500.0,12,rural,parttime,1,0,0,399.0
Male,48,under_55,GroupB,39400.0,14.0,32.0,590.0,0.7327,0,11100.0,0,rural,fulltime,0,1,1,544.0
Female,53,under_55,GroupA,34000.0,15.4,36.5,683.0,0.1713,0,35100.0,13,suburban,fulltime,1,0,1,666.0
Male,42,under_55,GroupA,31600.0,15.0,21.8,506.0,0.5328,1,27400.0,2,suburban,selfemployed,0,0,0,512.0
Male,44,under_55,GroupB,12700.0,11.6,29.7,619.0,0.0265,0,6300.0,1,urban,fulltime,0,1,1,620.0
Female,57,55_plus,GroupA,24000.0,13.3,40.0,623.0,0.0725,0,35200.0,12,suburban,fulltime,0,1,1,675.0
Female,44,under_55,GroupA,15300.0,13.3,21.1,479.0,0.235,2,5900.0,16,suburban,fulltime,0,0,0,475.0
Male,58,55_plus,GroupC,26800.0,15.1,36.1,613.0,0.071,0,42800.0,1,suburban,selfemployed,0,0,1,663.0
Male,59,55_plus,GroupB,17100.0,13.0,37.9,495.0,0.3984,1,12700.0,1,urban,parttime,1,0,0,487.0
Male,63,55_plus,GroupA,28500.0,14.1,40.1,467.0,0.4907,1,15200.0,1,suburban,fulltime,0,0,0,476.0
Male,34,under_55,GroupA,51500.0,17.3,8.2,697.0,0.2228,0,26700.0,2,rural,fulltime,0,1,1,698.0
Female,30,under_55,GroupA,15600.0,9.4,12.2,497.0,0.3478,1,16400.0,1,suburban,parttime,1,0,0,484.0
Male,37,under_55,GroupA,40200.0,13.5,15.7,575.0,0.3717,1,27500.0,0,suburban,fulltime,1,0,0,574.0
Male,49,under_55,GroupA,46400.0,17.6,26.5,651.0,0.0777,1,39200.0,0,rural,fulltime,0,1,1,669.0
Male,56,55_plus,GroupC,13100.0,13.9,38.8,549.0,0.3897,0,7300.0,3,urban,fulltime,0,0,0,516.0
Female,40,under_55,GroupC,36600.0,14.5,15.5,559.0,0.5411,0,13100.0,3,suburban,fulltime,0,0,0,596.0
Female,55,55_plus,GroupA,13200.0,10.8,43.7,352.0,0.4316,2,8000.0,11,urban,parttime,0,0,0,394.0
Male,53,under_55,GroupA,40500.0,16.6,35.2,715.0,0.1771,0,50300.0,1,suburban,fulltime,1,1,1,691.0
Female,47,under_55,GroupC,28600.0,14.2,28.7,643.0,0.2422,1,11000.0,8,rural,fulltime,0,1,1,568.0
Female,56,55_plus,GroupA,16200.0,11.5,43.3,358.0,0.7391,1,12600.0,13,rural,fulltime,0,0,0,364.0
Male,40,under_55,GroupA,49000.0,20.7,19.2,631.0,0.3883,0,37600.0,0,rural,selfemployed,0,1,1,636.0
Female,39,under_55,GroupA,19100.0,13.5,18.8,584.0,0.1729,1,18300.0,12,urban,selfemployed,0,1,1,580.0
Male,54,under_55,GroupC,33900.0,16.7,35.3,626.0,0.4216,0,22200.0,2,suburban,selfemployed,0,1,1,612.0
Female,45,under_55,GroupC,21800.0,15.1,26.6,433.0,0.4435,2,11800.0,15,urban,parttime,0,1,1,421.0
Female,54,under_55,GroupC,30200.0,14.2,32.7,575.0,0.244,0,5500.0,9,rural,fulltime,0,0,1,656.0
Male,61,55_plus,GroupA,36700.0,15.1,43.0,561.0,0.5904,0,21800.0,19,urban,fulltime,0,1,1,575.0
Male,42,under_55,GroupA,36500.0,17.6,18.8,661.0,0.1302,1,20000.0,3,suburban,fulltime,0,1,1,653.0
Male,47,under_55,GroupA,32300.0,11.7,28.7,668.0,0.0853,0,13100.0,12,urban,fulltime,0,1,1,666.0
Male,40,under_55,GroupA,17600.0,11.0,25.6,382.0,0.4662,2,19000.0,1,rural,parttime,0,0,0,380.0
Female,24,under_55,GroupB,36300.0,16.1,0.0,493.0,0.3826,1,46300.0,13,urban,fulltime,0,0,0,441.0
Female,50,under_55,GroupA,32100.0,12.3,29.8,563.0,0.367,1,22200.0,7,rural,fulltime,0,0,0,572.0
Female,50,under_55,GroupA,27500.0,14.6,38.5,642.0,0.2324,1,12100.0,12,urban,fulltime,0,1,1,618.0
Male,49,under_55,GroupC,61200.0,15.2,27.6,635.0,0.5519,0,19300.0,2,suburban,fulltime,0,1,1,589.0
Female,36,under_55,GroupA,40600.0,13.2,20.6,667.0,0.2107,0,26200.0,16,urban,fulltime,0,0,1,675.0
Female,61,55_plus,GroupA,30100.0,12.4,44.4,501.0,0.5636,0,20200.0,10,suburban,fulltime,0,0,0,524.0
Male,27,under_55,GroupA,31300.0,12.3,6.6,598.0,0.312,0,8200.0,0,rural,fulltime,1,1,1,607.0
Female,33,under_55,GroupA,61800.0,16.9,10.3,693.0,0.3025,0,36800.0,1,rural,fulltime,1,1,1,687.0
Male,60,55_plus,GroupA,42000.0,15.2,41.6,647.0,0.2236,0,21600.0,5,urban,fulltime,0,1,1,656.0
Female,40,under_55,GroupC,21200.0,13.9,21.3,453.0,0.2754,1,13100.0,10,suburban,fulltime,0,0,1,560.0
Male,41,under_55,GroupA,34200.0,10.1,22.4,573.0,0.3026,1,20500.0,3,suburban,selfemployed,0,1,1,584.0
Male,34,under_55,GroupA,29000.0,9.7,14.2,587.0,0.3076,0,11500.0,0,suburban,fulltime,0,1,1,581.0
Male,30,under_55,GroupA,46700.0,11.6,14.9,666.0,0.2836,1,17900.0,1,suburban,fulltime,1,1,1,669.0
Female,46,under_55,GroupB,15100.0,8.0,29.9,656.0,0.1995,0,8800.0,11,suburban,selfemployed,1,1,1,581.0
Female,74,55_plus,GroupA,11900.0,14.5,45.0,556.0,0.4348,0,12800.0,12,suburban,fulltime,0,0,0,487.0
Male,47,under_55,GroupB,43100.0,18.4,24.6,567.0,0.6201,0,25100.0,8,suburban,fulltime,0,0,0,523.0
Female,56,55_plus,GroupA,36300.0,17.1,35.0,590.0,0.3985,0,15000.0,18,suburban,selfemployed,0,1,1,597.0
Female,50,under_55,GroupC,20100.0,14.0,29.6,599.0,0.1626,1,9400.0,13,urban,fulltime,0,0,1,570.0
Male,36,under_55,GroupA,28300.0,13.2,14.5,556.0,0.3128,1,12300.0,4,suburban,fulltime,0,0,0,566.0
Female,48,under_55,GroupB,24100.0,13.1,29.9,616.0,0.1833,0,7300.0,0,urban,fulltime,0,0,1,612.0
Male,32,under_55,GroupA,28100.0,11.4,13.2,364.0,0.95,1,9900.0,2,urban,fulltime,1,0,0,360.0
Male,50,under_55,GroupB,34700.0,18.0,23.6,438.0,0.7878,0,27100.0,0,suburban,selfemployed,0,0,0,481.0
Female,46,under_55,GroupA,22600.0,11.8,26.1,500.0,0.3323,1,23300.0,11,rural,fulltime,0,0,0,497.0
Male,58,55_plus,GroupA,19600.0,10.7,45.0,529.0,0.1486,2,6300.0,1,urban,selfemployed,0,0,0,528.0
Male,40,under_55,GroupA,28200.0,12.5,18.3,559.0,0.1692,2,43000.0,0,urban,fulltime,0,0,0,549.0
Female,24,under_55,GroupB,32000.0,16.4,4.0,605.0,0.371,0,8300.0,3,urban,parttime,0,1,1,553.0
Female,47,under_55,GroupA,24100.0,15.2,23.3,465.0,0.3732,1,24500.0,5,urban,fulltime,1,0,0,490.0
Male,43,under_55,GroupA,27800.0,13.8,27.1,672.0,0.2248,0,9800.0,0,suburban,selfemployed,0,1,1,673.0
Female,61,55_plus,GroupB,23000.0,13.2,45.0,387.0,0.7798,1,10200.0,15,urban,fulltime,0,0,0,392.0
Female,29,under_55,GroupC,33200.0,15.9,6.9,381.0,0.8139,0,12900.0,18,urban,fulltime,0,0,0,437.0
Male,57,55_plus,GroupA,30000.0,13.7,33.1,655.0,0.174,0,22400.0,1,rural,fulltime,0,1,1,642.0
Female,40,under_55,GroupC,18200.0,16.5,16.4,613.0,0.3819,0,9500.0,1,urban,fulltime,0,0,1,545.0
Female,40,under_55,GroupB,10100.0,14.3,22.3,331.0,0.6403,2,6600.0,17,rural,parttime,1,0,0,300.0
Male,35,under_55,GroupA,50600.0,14.6,18.5,654.0,0.4605,0,22100.0,3,suburban,fulltime,0,1,1,650.0
Male,22,under_55,GroupA,20400.0,12.6,2.6,465.0,0.268,1,6500.0,1,suburban,parttime,0,0,0,444.0
Male,49,under_55,GroupA,34100.0,13.3,28.2,572.0,0.3468,1,16000.0,2,urban,fulltime,1,0,0,586.0
Male,63,55_plus,GroupC,62000.0,16.2,41.2,604.0,0.7804,0,34200.0,3,urban,fulltime,0,1,1,540.0
Female,35,under_55,GroupA,61600.0,19.2,13.4,589.0,0.4018,0,55800.0,13,urban,fulltime,0,1,1,654.0
Female,39,under_55,GroupB,48300.0,12.8,16.7,654.0,0.5347,0,28600.0,2,rural,fulltime,0,0,0,639.0
Female,31,under_55,GroupC,19600.0,15.0,10.5,529.0,0.3148,1,19100.0,9,urban,fulltime,0,0,1,516.0
Female,48,under_55,GroupA,18500.0,13.1,31.1,475.0,0.4551,2,22700.0,16,urban,selfemployed,0,0,0,464.0
Male,36,under_55,GroupA,12900.0,14.9,13.2,362.0,0.9224,0,5500.0,1,rural,selfemployed,0,0,0,372.0
Male,30,under_55,GroupB,38700.0,18.0,11.6,549.0,0.6536,0,35600.0,2,urban,fulltime,0,1,1,539.0
Female,43,under_55,GroupA,29400.0,14.5,21.7,558.0,0.4019,0,25100.0,11,suburban,parttime,0,0,0,559.0
Male,69,55_plus,GroupA,33200.0,13.3,42.7,596.0,0.4418,0,30200.0,0,suburban,selfemployed,1,0,0,620.0
Male,28,under_55,GroupA,21800.0,14.3,3.2,518.0,0.2607,0,11200.0,0,suburban,fulltime,0,1,1,516.0
Female,52,under_55,GroupA,23900.0,16.5,30.2,690.0,0.0815,0,14200.0,2,rural,parttime,0,1,1,661.0
Male,42,under_55,GroupC,33500.0,15.4,19.2,654.0,0.3519,0,51600.0,0,suburban,selfemployed,0,0,0,636.0
Female,32,under_55,GroupA,33000.0,16.8,6.9,578.0,0.2963,1,35600.0,2,suburban,fulltime,0,0,0,563.0
Female,34,under_55,GroupC,24300.0,15.4,14.3,513.0,0.4571,0,9100.0,2,urban,selfemployed,0,0,0,529.0
Female,42,under_55,GroupA,27900.0,13.6,31.1,605.0,0.2889,1,10200.0,12,suburban,fulltime,0,1,1,610.0
Male,51,under_55,GroupA,44400.0,13.4,32.5,669.0,0.2383,0,19000.0,0,urban,fulltime,0,1,1,671.0
Male,36,under_55,GroupA,32000.0,10.8,21.7,361.0,0.6463,3,13200.0,3,urban,fulltime,0,0,0,369.0
Female,44,under_55,GroupB,27500.0,12.6,29.5,573.0,0.406,0,28300.0,5,suburban,fulltime,0,0,0,593.0
Male,44,under_55,GroupA,24400.0,12.9,23.2,656.0,0.0737,0,10200.0,3,suburban,fulltime,1,1,1,647.0
Female,71,55_plus,GroupB,15900.0,11.9,45.0,560.0,0.2995,1,7500.0,14,suburban,fulltime,0,1,1,494.0
Male,33,under_55,GroupA,33100.0,13.1,15.7,489.0,0.3601,1,37100.0,0,suburban,fulltime,0,0,0,496.0
Male,39,under_55,GroupA,26100.0,14.4,19.7,363.0,0.8778,1,11500.0,2,suburban,fulltime,0,0,0,383.0
Male,23,under_55,GroupA,25600.0,16.0,6.8,503.0,0.3013,1,13300.0,1,urban,fulltime,0,1,1,496.0
Male,35,under_55,GroupA,38700.0,15.8,13.0,470.0,0.5606,1,13100.0,1,urban,fulltime,0,1,1,468.0
Female,18,under_55,GroupA,15000.0,15.7,0.0,314.0,0.6757,2,6200.0,8,rural,parttime,0,0,0,300.0
Female,36,under_55,GroupB,23000.0,15.3,14.6,560.0,0.1464,0,30200.0,11,suburban,parttime,0,1,1,618.0
Male,26,under_55,GroupA,32700.0,15.2,2.9,408.0,0.3106,3,14100.0,0,suburban,fulltime,0,0,0,414.0
Male,53,under_55,GroupB,34700.0,12.2,29.5,430.0,0.6232,2,13900.0,2,urban,fulltime,1,0,0,442.0
Male,51,under_55,GroupC,35200.0,11.4,32.2,661.0,0.0481,0,18700.0,0,urban,fulltime,0,1,1,699.0
Male,42,under_55,GroupB,20400.0,11.7,24.4,601.0,0.187,0,11800.0,2,urban,fulltime,0,1,1,616.0
Female,50,under_55,GroupA,23100.0,12.0,27.2,403.0,0.5412,1,12000.0,15,suburban,fulltime,1,0,0,440.0
Male,40,under_55,GroupA,24900.0,16.5,19.8,486.0,0.6928,0,13000.0,4,suburban,fulltime,0,1,1,476.0
Male,57,55_plus,GroupB,38100.0,14.4,38.9,748.0,0.2908,0,21400.0,9,rural,selfemployed,0,1,1,677.0
Female,45,under_55,GroupA,27100.0,17.2,24.7,523.0,0.1445,1,41500.0,4,suburban,fulltime,0,0,1,578.0
Female,60,55_plus,GroupA,13900.0,10.6,39.1,435.0,0.4253,1,10600.0,13,rural,parttime,0,0,0,439.0
Male,59,55_plus,GroupA,57000.0,15.0,36.2,659.0,0.2843,0,22100.0,0,suburban,fulltime,0,1,1,668.0
Male,50,under_55,GroupA,27100.0,15.0,28.1,639.0,0.2515,1,10000.0,2,suburban,fulltime,0,1,1,631.0
Female,37,under_55,GroupA,19800.0,13.8,15.7,584.0,0.165,0,15900.0,13,suburban,parttime,0,0,0,598.0
Female,42,under_55,GroupB,19500.0,9.9,25.3,540.0,0.2635,1,14000.0,12,suburban,selfemployed,0,1,1,538.0
Female,37,under_55,GroupB,19100.0,15.4,15.2,446.0,0.2459,1,7600.0,14,suburban,parttime,1,0,0,538.0
Male,50,under_55,GroupC,25900.0,12.1,33.8,530.0,0.1657,2,13300.0,10,suburban,fulltime,0,0,1,516.0
Male,26,under_55,GroupA,39400.0,12.8,3.1,582.0,0.2225,0,42800.0,5,urban,fulltime,0,1,1,582.0
Male,44,under_55,GroupB,20100.0,10.6,30.6,459.0,0.7459,0,4400.0,0,urban,fulltime,0,1,1,457.0
Male,21,under_55,GroupA,16200.0,11.9,7.0,438.0,0.4576,0,8800.0,2,suburban,parttime,0,0,0,445.0
Female,40,under_55,GroupB,23500.0,16.4,18.9,526.0,0.6702,0,15200.0,15,suburban,fulltime,0,0,0,506.0
Female,43,under_55,GroupA,22900.0,15.3,23.6,300.0,0.9324,3,17600.0,3,suburban,parttime,0,0,0,300.0
Female,67,55_plus,GroupB,22600.0,16.5,45.0,370.0,0.7046,1,17200.0,7,urban,parttime,0,0,0,404.0
Male,42,under_55,GroupC,26100.0,8.0,28.3,626.0,0.1688,1,22000.0,0,urban,selfemployed,1,0,1,562.0
Female,62,55_plus,GroupB,41000.0,16.5,39.8,628.0,0.3288,1,19200.0,0,urban,selfemployed,0,0,1,596.0
Female,53,under_55,GroupA,23100.0,13.4,33.8,556.0,0.3743,0,17600.0,9,suburban,parttime,1,1,1,539.0
Male,21,under_55,GroupA,21100.0,14.3,4.5,486.0,0.4024,0,20200.0,1,urban,selfemployed,0,0,0,474.0
Male,21,under_55,GroupA,26400.0,17.9,0.0,350.0,0.2978,2,10000.0,3,rural,fulltime,0,1,1,358.0
Male,44,under_55,GroupA,50100.0,18.6,24.8,765.0,0.146,0,27000.0,14,suburban,fulltime,0,1,1,764.0
Male,70,55_plus,GroupC,33800.0,13.7,45.0,448.0,0.7706,1,33400.0,0,suburban,selfemployed,1,0,0,421.0
Female,18,under_55,GroupA,26300.0,13.7,0.2,440.0,0.374,1,20100.0,11,urban,selfemployed,0,0,0,449.0
Male,18,under_55,GroupB,82500.0,16.2,0.0,491.0,0.4644,0,51300.0,1,suburban,fulltime,1,1,1,566.0
Male,54,under_55,GroupA,28400.0,8.0,44.0,405.0,0.4743,2,11800.0,1,suburban,fulltime,0,0,0,417.0
Male,36,under_55,GroupC,28300.0,17.1,19.2,554.0,0.418,1,9300.0,7,suburban,fulltime,0,0,0,481.0
Male,28,under_55,GroupA,33000.0,18.0,4.4,447.0,0.7222,0,14400.0,3,rural,fulltime,0,0,0,435.0
Female,42,under_55,GroupA,19600.0,12.2,25.2,575.0,0.2176,1,14900.0,14,suburban,parttime,0,0,0,558.0
Female,34,under_55,GroupC,17000.0,12.3,17.3,339.0,0.3823,1,4300.0,13,urban,selfemployed,0,0,0,475.0
Male,52,under_55,GroupA,32000.0,14.4,30.6,452.0,0.6576,0,20600.0,3,rural,parttime,0,0,0,455.0
Male,36,under_55,GroupB,30800.0,15.3,19.5,512.0,0.5911,0,24200.0,0,suburban,fulltime,0,1,1,534.0
Female,24,under_55,GroupB,20400.0,13.5,10.1,452.0,0.4492,0,8000.0,4,urban,selfemployed,0,1,1,531.0
Female,42,under_55,GroupA,28300.0,13.3,20.8,657.0,0.1881,0,9200.0,16,urban,selfemployed,0,0,1,663.0
Female,47,under_55,GroupB,41100.0,10.8,29.2,665.0,0.0949,1,44700.0,14,suburban,parttime,0,0,0,617.0
Male,34,under_55,GroupC,27500.0,14.4,14.2,566.0,0.2984,1,20100.0,1,urban,fulltime,0,1,1,567.0
Male,18,under_55,GroupC,23400.0,15.2,0.0,447.0,0.4811,1,12300.0,3,suburban,parttime,0,0,0,383.0
Female,34,under_55,GroupA,17200.0,12.8,17.7,388.0,0.4718,3,4700.0,0,rural,fulltime,0,1,1,356.0
Female,55,55_plus,GroupA,25300.0,14.3,32.8,535.0,0.5526,0,12200.0,14,suburban,fulltime,0,0,0,508.0
Male,48,under_55,GroupA,19600.0,13.0,28.0,527.0,0.5103,0,26100.0,0,suburban,fulltime,0,0,0,513.0
Female,44,under_55,GroupA,28000.0,18.7,19.5,387.0,0.4875,1,16200.0,14,suburban,parttime,0,0,0,463.0
Male,31,under_55,GroupA,31900.0,15.5,11.1,651.0,0.2084,0,29500.0,2,urban,fulltime,1,1,1,665.0
Male,41,under_55,GroupA,33600.0,13.3,18.9,505.0,0.7276,0,25200.0,2,suburban,fulltime,0,0,0,494.0
Female,36,under_55,GroupA,17400.0,12.9,20.4,315.0,0.3573,4,9600.0,3,suburban,fulltime,1,0,0,300.0
Female,39,under_55,GroupA,20200.0,17.5,13.8,478.0,0.2682,1,7800.0,3,rural,fulltime,0,1,1,523.0
Male,46,under_55,GroupB,33000.0,11.2,31.2,570.0,0.3532,0,13600.0,4,urban,fulltime,0,1,1,593.0
Male,43,under_55,GroupC,28800.0,15.1,22.0,699.0,0.3944,0,25300.0,1,rural,fulltime,0,0,0,597.0
Female,48,under_55,GroupA,34100.0,12.9,29.5,703.0,0.1973,0,11400.0,16,suburban,fulltime,1,1,1,701.0
Female,22,under_55,GroupA,15600.0,8.0,3.5,503.0,0.2207,0,6100.0,10,urban,selfemployed,0,0,1,510.0
Male,45,under_55,GroupA,18000.0,14.2,24.3,496.0,0.3878,1,20500.0,4,suburban,fulltime,0,0,0,500.0
Male,33,under_55,GroupB,45600.0,15.7,10.8,504.0,0.3459,2,45200.0,3,urban,fulltime,0,0,0,551.0
Female,32,under_55,GroupA,27500.0,16.5,9.1,549.0,0.179,1,19200.0,16,suburban,selfemployed,0,1,1,533.0
Female,36,under_55,GroupB,28900.0,18.5,11.7,645.0,0.4244,0,5400.0,16,urban,fulltime,0,1,1,555.0
Female,62,55_plus,GroupA,31300.0,13.5,45.0,612.0,0.3001,0,29200.0,9,suburban,selfemployed,0,0,0,605.0
Female,64,55_plus,GroupB,17000.0,10.5,45.0,460.0,0.3465,1,6700.0,10,urban,fulltime,0,0,0,472.0
Male,39,under_55,GroupA,30100.0,15.5,16.8,366.0,0.5858,2,9500.0,1,urban,fulltime,0,0,0,382.0
Female,34,under_55,GroupC,44000.0,14.1,8.0,640.0,0.3596,0,31300.0,15,urban,fulltime,1,1,1,645.0
Male,26,under_55,GroupB,29400.0,12.3,10.0,387.0,0.8015,1,18900.0,1,urban,fulltime,0,0,0,391.0
Male,38,under_55,GroupA,22600.0,16.3,16.0,510.0,0.4548,1,19900.0,0,urban,fulltime,0,1,1,507.0
Male,68,55_plus,GroupA,27000.0,15.8,42.3,549.0,0.2057,1,16500.0,1,suburban,selfemployed,0,1,1,562.0
Male,50,under_55,GroupC,32300.0,13.2,29.6,385.0,0.6921,2,54500.0,2,suburban,fulltime,1,0,0,376.0
Female,39,under_55,GroupB,16900.0,11.6,19.3,720.0,0.1696,0,10200.0,0,urban,selfemployed,0,0,1,642.0
Female,52,under_55,GroupB,27600.0,13.4,29.9,450.0,0.6137,1,8900.0,13,suburban,parttime,0,0,0,455.0
Male,24,under_55,GroupA,27400.0,15.1,3.3,449.0,0.4724,0,14300.0,1,suburban,fulltime,1,0,0,460.0
Female,47,under_55,GroupA,16700.0,16.3,28.2,571.0,0.1795,1,18400.0,13,suburban,selfemployed,1,0,0,539.0
Male,46,under_55,GroupC,30100.0,12.2,28.2,678.0,0.1348,0,54200.0,0,rural,fulltime,0,1,1,634.0
Male,37,under_55,GroupA,22300.0,16.5,16.0,603.0,0.3173,0,14200.0,4,suburban,fulltime,1,1,1,589.0
Male,48,under_55,GroupA,51900.0,15.4,18.1,479.0,0.8385,0,36700.0,0,suburban,fulltime,1,1,1,491.0
Male,53,under_55,GroupB,21500.0,14.7,30.6,536.0,0.2914,1,17600.0,0,suburban,fulltime,0,1,1,514.0
Male,36,under_55,GroupB,21800.0,18.2,15.7,507.0,0.3846,1,5700.0,1,urban,fulltime,0,1,1,480.0
Female,36,under_55,GroupA,38200.0,15.0,17.1,785.0,0.0582,0,23000.0,16,suburban,fulltime,1,1,1,735.0
Female,51,under_55,GroupB,23100.0,13.3,34.1,300.0,0.7012,2,5200.0,26,rural,parttime,0,0,0,375.0
Female,52,under_55,GroupA,18600.0,10.3,34.6,362.0,0.6538,2,8600.0,3,suburban,fulltime,0,0,0,348.0
Female,25,under_55,GroupA,24200.0,17.3,0.0,388.0,0.3643,2,11100.0,7,suburban,fulltime,0,0,0,373.0
Male,23,under_55,GroupA,22100.0,11.7,6.1,420.0,0.3403,2,23900.0,4,suburban,selfemployed,0,0,0,452.0
Male,47,under_55,GroupA,34100.0,12.2,24.8,725.0,0.1061,0,24100.0,0,urban,fulltime,0,1,1,715.0
Male,43,under_55,GroupA,56800.0,17.5,18.7,651.0,0.3538,1,71600.0,2,suburban,fulltime,0,1,1,631.0
Male,36,under_55,GroupB,22200.0,12.8,18.8,439.0,0.3343,2,10000.0,1,urban,fulltime,0,0,0,495.0
Female,19,under_55,GroupA,23600.0,16.8,0.0,493.0,0.4841,0,19000.0,19,suburban,fulltime,0,0,0,430.0
Female,47,under_55,GroupC,15500.0,8.0,35.0,443.0,0.6052,0,2900.0,11,rural,fulltime,0,1,1,472.0
Male,52,under_55,GroupB,45200.0,10.9,29.5,737.0,0.1168,0,23300.0,5,urban,fulltime,0,1,1,705.0
Female,58,55_plus,GroupA,12500.0,11.5,40.0,481.0,0.5664,0,9700.0,1,urban,fulltime,0,0,0,465.0
Male,26,under_55,GroupB,22800.0,16.6,5.4,553.0,0.2968,0,8600.0,2,urban,fulltime,0,0,0,525.0
Male,22,under_55,GroupB,30200.0,10.8,3.9,431.0,0.6107,0,13700.0,2,suburban,fulltime,0,0,0,413.0
Female,43,under_55,GroupB,23200.0,13.9,24.1,570.0,0.3978,1,13400.0,0,suburban,parttime,0,1,1,497.0
Female,56,55_plus,GroupB,29100.0,14.1,36.7,635.0,0.2063,1,13300.0,1,suburban,fulltime,0,1,1,569.0
Female,48,under_55,GroupA,44500.0,13.7,34.9,696.0,0.2526,1,30100.0,17,rural,fulltime,0,0,0,634.0
Male,50,under_55,GroupA,57800.0,16.1,30.1,617.0,0.4063,1,26800.0,0,suburban,fulltime,0,0,0,606.0
Male,40,under_55,GroupA,68700.0,18.5,16.1,656.0,0.5418,0,49700.0,1,suburban,fulltime,0,1,1,658.0
Male,52,under_55,GroupB,26000.0,14.6,30.4,381.0,0.5014,1,11800.0,14,suburban,fulltime,0,0,0,477.0
Male,29,under_55,GroupA,14600.0,16.3,2.8,300.0,0.95,3,11400.0,3,urban,selfemployed,1,0,0,300.0
Male,39,under_55,GroupA,29200.0,14.1,21.8,531.0,0.1844,2,25200.0,0,urban,fulltime,0,1,1,542.0
Female,37,under_55,GroupA,50100.0,17.5,14.5,675.0,0.2038,0,22600.0,14,suburban,selfemployed,0,1,1,690.0
Male,49,under_55,GroupA,46800.0,14.1,28.1,492.0,0.7899,0,16000.0,2,suburban,fulltime,0,0,0,486.0
Female,54,under_55,GroupA,11500.0,10.3,42.0,332.0,0.3059,4,11800.0,1,suburban,parttime,1,0,0,300.0
Female,25,under_55,GroupA,26900.0,13.2,0.4,570.0,0.2751,0,12000.0,14,urban,fulltime,0,0,0,558.0
Female,51,under_55,GroupC,24600.0,11.6,35.0,600.0,0.2887,0,9600.0,3,urban,fulltime,0,0,1,601.0
Male,56,55_plus,GroupA,50700.0,16.6,37.6,751.0,0.0992,0,11200.0,1,suburban,fulltime,1,1,1,763.0
Male,38,under_55,GroupB,32600.0,13.3,19.0,649.0,0.1824,1,17400.0,2,urban,fulltime,0,1,1,657.0
Female,31,under_55,GroupA,38600.0,12.3,12.9,608.0,0.2011,1,29000.0,9,suburban,fulltime,0,0,0,621.0
Male,61,55_plus,GroupB,19800.0,17.5,35.6,461.0,0.2918,1,20200.0,13,urban,fulltime,0,1,1,485.0
Female,30,under_55,GroupB,23900.0,19.3,4.2,465.0,0.3205,0,8200.0,8,suburban,fulltime,0,0,1,522.0
Male,39,under_55,GroupA,36900.0,15.3,11.7,606.0,0.3709,0,33600.0,11,suburban,fulltime,0,1,1,618.0
Male,22,under_55,GroupA,39500.0,12.0,1.9,430.0,0.4204,2,29600.0,3,suburban,selfemployed,0,1,1,445.0
Female,48,under_55,GroupB,20100.0,11.5,31.2,516.0,0.2427,2,19400.0,9,suburban,fulltime,0,0,0,480.0
Female,41,under_55,GroupB,22400.0,14.2,19.9,572.0,0.2935,0,19900.0,16,urban,fulltime,0,0,1,590.0
Female,49,under_55,GroupA,38400.0,15.5,29.0,432.0,0.7113,1,21300.0,16,suburban,fulltime,0,0,0,440.0
Male,53,under_55,GroupA,31600.0,16.4,32.2,691.0,0.2166,0,10700.0,10,urban,selfemployed,0,1,1,687.0
Female,18,under_55,GroupA,16500.0,13.8,0.0,380.0,0.3551,1,9900.0,3,suburban,fulltime,0,0,0,358.0
Female,53,under_55,GroupA,18600.0,16.2,31.5,479.0,0.3594,0,7300.0,11,suburban,fulltime,0,1,1,508.0
Male,51,under_55,GroupA,17100.0,10.4,33.8,317.0,0.6619,3,9900.0,3,rural,fulltime,0,0,0,300.0
Female,64,55_plus,GroupA,14700.0,14.2,45.0,366.0,0.5652,2,8800.0,16,urban,parttime,1,0,0,349.0
Male,42,under_55,GroupC,23500.0,8.0,20.7,603.0,0.3146,0,9600.0,2,urban,selfemployed,1,1,1,607.0
Male,39,under_55,GroupA,39200.0,12.5,20.2,606.0,0.5889,0,22500.0,0,urban,selfemployed,0,1,1,611.0
Male,30,under_55,GroupA,27300.0,16.2,6.4,420.0,0.6063,1,16300.0,1,rural,fulltime,1,0,0,405.0
Female,25,under_55,GroupC,7100.0,12.6,2.4,300.0,0.5306,1,8800.0,15,urban,fulltime,0,0,0,300.0
Female,37,under_55,GroupA,27300.0,14.6,15.0,713.0,0.0964,0,14200.0,12,urban,fulltime,1,1,1,679.0
Male,40,under_55,GroupA,38200.0,15.0,17.9,581.0,0.3882,1,14400.0,0,rural,fulltime,0,1,1,593.0
Female,27,under_55,GroupA,12100.0,14.5,5.7,445.0,0.1814,1,3500.0,7,suburban,fulltime,0,0,0,452.0
Male,40,under_55,GroupB,34800.0,17.2,18.1,383.0,0.8405,2,9400.0,3,urban,fulltime,0,0,0,343.0
Male,35,under_55,GroupB,38900.0,11.0,18.7,551.0,0.2727,1,39300.0,1,suburban,fulltime,0,0,0,606.0
Male,39,under_55,GroupC,13600.0,13.6,20.5,542.0,0.3351,0,9900.0,1,urban,fulltime,1,0,0,509.0
Male,41,under_55,GroupA,60700.0,13.1,18.5,772.0,0.02,0,45900.0,3,rural,selfemployed,0,1,1,792.0
Male,62,55_plus,GroupA,31600.0,15.6,42.5,433.0,0.7389,1,22700.0,2,rural,fulltime,1,0,0,414.0
Male,23,under_55,GroupC,18200.0,8.6,12.4,509.0,0.4136,0,10200.0,1,urban,fulltime,0,0,0,535.0
Male,51,under_55,GroupA,47100.0,14.0,34.0,523.0,0.6707,1,24400.0,0,urban,fulltime,0,1,1,519.0
Male,32,under_55,GroupA,23500.0,10.8,11.0,303.0,0.8019,3,11400.0,1,urban,fulltime,0,0,0,300.0
Male,59,55_plus,GroupB,31200.0,11.8,45.0,523.0,0.421,0,18500.0,8,suburban,fulltime,0,0,0,555.0
Male,44,under_55,GroupA,59300.0,17.8,17.5,567.0,0.3999,1,37000.0,1,suburban,fulltime,0,1,1,566.0
Female,26,under_55,GroupB,16900.0,18.3,0.0,339.0,0.1977,1,12400.0,3,rural,fulltime,0,0,0,411.0
Male,53,under_55,GroupA,17500.0,10.6,36.9,521.0,0.2494,1,8300.0,3,suburban,fulltime,0,0,0,493.0
Male,44,under_55,GroupA,30000.0,13.9,21.8,537.0,0.2127,2,10200.0,0,rural,selfemployed,1,1,1,532.0
Male,48,under_55,GroupA,31200.0,16.5,21.8,577.0,0.3157,1,27800.0,3,suburban,selfemployed,0,0,0,575.0
Male,36,under_55,GroupA,49800.0,15.7,12.4,612.0,0.2296,1,14300.0,0,suburban,fulltime,1,1,1,631.0
Male,45,under_55,GroupA,48700.0,12.1,22.8,644.0,0.3963,0,7800.0,1,suburban,selfemployed,0,1,1,639.0
Male,42,under_55,GroupA,25300.0,15.1,22.5,419.0,0.6333,1,7100.0,1,suburban,parttime,0,1,1,446.0
Male,66,55_plus,GroupA,23500.0,8.9,45.0,603.0,0.3942,0,21500.0,1,rural,fulltime,0,0,0,595.0
Male,44,under_55,GroupB,26600.0,12.7,27.6,666.0,0.1304,0,10900.0,2,urban,fulltime,0,1,1,645.0
Male,32,under_55,GroupA,76200.0,14.2,11.5,794.0,0.1434,0,48500.0,1,urban,fulltime,1,1,1,790.0
Female,31,under_55,GroupA,23600.0,13.5,16.5,600.0,0.2746,0,15500.0,15,rural,fulltime,0,1,1,622.0
Female,40,under_55,GroupB,17700.0,12.9,23.7,570.0,0.2691,0,8500.0,15,suburban,fulltime,0,0,1,530.0
Female,56,55_plus,GroupA,19600.0,12.4,42.1,439.0,0.6022,0,10800.0,1,suburban,parttime,1,0,0,483.0
Female,38,under_55,GroupC,18700.0,12.6,16.0,462.0,0.3267,0,7600.0,7,urban,fulltime,0,1,1,529.0
Male,56,55_plus,GroupB,15300.0,10.5,37.7,524.0,0.3997,0,7200.0,2,urban,fulltime,1,0,0,540.0
Male,46,under_55,GroupB,62700.0,11.1,18.6,737.0,0.3727,0,68800.0,1,suburban,fulltime,0,1,1,731.0
Female,44,under_55,GroupB,31600.0,11.6,27.4,702.0,0.2491,0,11400.0,8,suburban,parttime,0,0,1,645.0
Male,39,under_55,GroupA,41500.0,10.5,26.4,577.0,0.3827,1,15800.0,2,suburban,fulltime,0,1,1,562.0
Male,43,under_55,GroupB,13500.0,12.7,24.2,439.0,0.2783,2,17300.0,3,urban,parttime,0,0,0,443.0
Male,47,under_55,GroupB,35700.0,16.0,26.4,722.0,0.0655,0,19300.0,4,urban,fulltime,0,1,1,740.0
Male,51,under_55,GroupB,20700.0,12.2,30.5,455.0,0.729,0,4000.0,3,rural,fulltime,0,0,0,468.0
Male,38,under_55,GroupA,58700.0,19.2,12.1,694.0,0.3507,0,17400.0,1,suburban,fulltime,0,1,1,701.0
Female,41,under_55,GroupA,23900.0,14.9,16.5,577.0,0.3297,0,17400.0,12,suburban,fulltime,0,0,0,607.0
Male,65,55_plus,GroupA,12000.0,12.4,45.0,557.0,0.4513,0,6400.0,1,rural,selfemployed,1,0,0,532.0
Male,53,under_55,GroupC,17200.0,14.0,34.3,496.0,0.4817,1,8700.0,4,urban,fulltime,0,0,0,470.0
Male,53,under_55,GroupA,64100.0,13.6,32.4,579.0,0.559,1,51400.0,1,urban,selfemployed,0,1,1,580.0
Female,43,under_55,GroupA,37500.0,14.4,23.8,688.0,0.2596,0,11000.0,14,suburban,parttime,0,0,1,670.0
Female,55,55_plus,GroupA,24500.0,13.3,35.9,380.0,0.719,1,11600.0,12,suburban,fulltime,0,0,0,402.0
Female,51,under_55,GroupA,23400.0,14.1,29.6,551.0,0.2958,0,21900.0,9,suburban,fulltime,1,0,0,550.0
Female,60,55_plus,GroupC,31200.0,16.7,36.6,636.0,0.1694,0,41000.0,2,suburban,parttime,1,0,1,685.0
Female,45,under_55,GroupA,29400.0,11.9,29.4,677.0,0.1452,0,13100.0,16,suburban,parttime,0,1,1,654.0
Male,52,under_55,GroupA,31200.0,13.5,32.9,444.0,0.6943,0,23600.0,3,suburban,fulltime,0,0,0,455.0
Male,36,under_55,GroupA,28300.0,13.4,15.5,637.0,0.3516,0,20300.0,11,suburban,fulltime,1,0,0,611.0
Female,36,under_55,GroupB,24500.0,13.4,8.7,588.0,0.3521,0,15000.0,2,urban,fulltime,0,0,1,607.0
Female,27,under_55,GroupA,21200.0,18.0,1.8,336.0,0.4872,1,7800.0,15,rural,fulltime,0,0,0,353.0
Female,67,55_plus,GroupB,15200.0,13.0,45.0,637.0,0.2444,0,21300.0,2,urban,fulltime,1,0,0,563.0
Male,50,under_55,GroupA,18100.0,14.1,26.1,565.0,0.2468,0,11700.0,2,urban,fulltime,0,1,1,573.0
Female,62,55_plus,GroupA,19300.0,8.0,45.0,391.0,0.2359,2,12100.0,17,suburban,fulltime,0,0,0,453.0
Female,27,under_55,GroupA,26200.0,19.0,0.0,524.0,0.3131,0,20600.0,12,urban,fulltime,1,0,0,512.0
Male,34,under_55,GroupA,28200.0,14.8,11.0,420.0,0.7675,1,34100.0,0,rural,fulltime,0,0,0,423.0
Male,39,under_55,GroupA,26000.0,12.9,21.9,444.0,0.4011,2,24800.0,3,suburban,fulltime,0,1,1,442.0
Male,56,55_plus,GroupB,23000.0,10.8,41.4,586.0,0.2264,1,8200.0,0,rural,parttime,0,1,1,585.0
Female,19,under_55,GroupA,42900.0,14.7,0.0,487.0,0.3878,0,19600.0,6,suburban,selfemployed,0,1,1,519.0
Male,60,55_plus,GroupA,45300.0,18.3,37.0,693.0,0.1729,0,32000.0,9,urban,selfemployed,1,1,1,706.0
Male,50,under_55,GroupB,37900.0,17.5,25.2,583.0,0.4012,0,27100.0,1,suburban,fulltime,0,0,0,572.0
Female,45,under_55,GroupB,17200.0,14.3,24.0,516.0,0.3823,2,6700.0,0,suburban,fulltime,0,0,0,454.0
Female,43,under_55,GroupA,29800.0,11.8,24.9,546.0,0.5386,1,22100.0,0,suburban,selfemployed,0,0,0,527.0
Female,39,under_55,GroupC,27000.0,19.2,18.0,552.0,0.4209,0,14600.0,17,rural,fulltime,0,1,1,572.0
Female,22,under_55,GroupB,21600.0,9.2,1.3,586.0,0.3266,0,5300.0,13,suburban,fulltime,0,0,0,529.0
Female,37,under_55,GroupA,21100.0,20.2,10.2,488.0,0.5186,1,9700.0,0,rural,fulltime,0,0,0,483.0
Female,37,under_55,GroupA,23100.0,12.0,28.6,344.0,0.6848,2,7400.0,18,rural,fulltime,1,0,0,387.0
Male,38,under_55,GroupA,23200.0,11.6,19.6,632.0,0.3309,0,14800.0,0,rural,fulltime,0,1,1,611.0
Female,52,under_55,GroupB,20700.0,12.0,33.8,457.0,0.6158,2,24600.0,20,urban,fulltime,0,0,0,415.0
Male,21,under_55,GroupC,23800.0,13.5,2.9,416.0,0.5899,1,11500.0,2,suburban,fulltime,0,0,0,383.0
Male,51,under_55,GroupA,44600.0,13.5,27.3,613.0,0.336,1,17400.0,2,suburban,selfemployed,1,0,0,613.0
Male,53,under_55,GroupB,22200.0,12.0,37.0,584.0,0.2059,1,12000.0,2,urban,fulltime,0,0,0,579.0
Female,43,under_55,GroupB,17100.0,13.1,25.4,707.0,0.2139,0,7300.0,18,urban,fulltime,1,1,1,594.0
Male,66,55_plus,GroupA,19200.0,8.7,45.0,359.0,0.622,2,8900.0,1,suburban,fulltime,0,0,0,352.0
Female,56,55_plus,GroupA,29700.0,17.8,32.1,571.0,0.2851,0,17800.0,11,rural,fulltime,0,1,1,586.0
Male,28,under_55,GroupA,25700.0,11.2,11.1,375.0,0.5179,2,6000.0,1,suburban,fulltime,0,0,0,377.0
Male,39,under_55,GroupB,67900.0,10.6,18.4,709.0,0.3014,0,38800.0,0,urban,fulltime,0,1,1,725.0
Male,36,under_55,GroupB,40000.0,16.0,12.6,735.0,0.1156,1,18400.0,1,suburban,fulltime,0,1,1,710.0
Male,42,under_55,GroupA,55400.0,13.9,24.3,726.0,0.3369,0,33300.0,1,rural,fulltime,0,1,1,726.0
Female,50,under_55,GroupA,37100.0,16.0,26.0,445.0,0.6787,1,34600.0,1,rural,parttime,0,0,0,483.0
Female,31,under_55,GroupA,25300.0,15.5,6.9,390.0,0.95,1,16800.0,0,suburban,parttime,1,0,0,348.0
Male,51,under_55,GroupA,16900.0,14.1,23.3,567.0,0.2953,0,14400.0,1,suburban,parttime,0,1,1,561.0
Male,35,under_55,GroupC,23700.0,12.9,17.1,503.0,0.554,0,16300.0,2,suburban,selfemployed,0,1,1,527.0
Female,23,under_55,GroupC,29600.0,14.2,1.5,361.0,0.3613,2,20300.0,18,rural,fulltime,0,0,0,392.0
Male,34,under_55,GroupB,25600.0,14.6,15.1,550.0,0.3194,1,18000.0,5,urban,selfemployed,0,0,0,528.0
Male,54,under_55,GroupB,41100.0,17.6,29.7,735.0,0.1134,0,38800.0,11,urban,fulltime,0,1,1,696.0
Female,31,under_55,GroupB,23300.0,16.3,11.4,464.0,0.2395,1,10100.0,7,urban,parttime,0,0,0,534.0
Female,55,55_plus,GroupA,26200.0,17.7,33.9,602.0,0.3711,0,20300.0,1,suburban,fulltime,0,0,0,592.0
Male,50,under_55,GroupA,32700.0,10.1,33.6,455.0,0.5134,2,25800.0,0,suburban,fulltime,1,0,0,458.0
Male,33,under_55,GroupA,78500.0,18.7,6.3,683.0,0.3399,0,31200.0,1,suburban,selfemployed,0,1,1,696.0
Female,21,under_55,GroupB,15500.0,12.1,6.4,345.0,0.3342,1,5600.0,11,urban,parttime,0,0,0,417.0
Female,26,under_55,GroupA,18800.0,17.2,4.4,344.0,0.5439,1,5700.0,7,rural,parttime,0,0,0,329.0
Female,53,under_55,GroupA,24500.0,15.0,28.9,603.0,0.1262,1,17700.0,9,suburban,parttime,0,1,1,601.0
Female,29,under_55,GroupA,32800.0,17.9,6.0,575.0,0.3527,0,14200.0,1,rural,fulltime,1,0,0,551.0
Male,32,under_55,GroupC,40300.0,16.1,10.8,534.0,0.1752,1,21200.0,1,suburban,selfemployed,1,1,1,607.0
Male,22,under_55,GroupA,47200.0,13.0,4.3,583.0,0.2197,1,13600.0,2,urban,fulltime,0,0,0,576.0
Female,50,under_55,GroupA,28300.0,17.1,27.0,458.0,0.513,0,10700.0,18,suburban,parttime,1,1,1,517.0
Male,48,under_55,GroupA,48000.0,19.3,21.4,682.0,0.318,0,29700.0,2,suburban,fulltime,0,1,1,684.0
Female,49,under_55,GroupA,46600.0,19.8,19.9,574.0,0.5398,1,18000.0,15,suburban,selfemployed,0,1,1,586.0
Female,70,55_plus,GroupA,24000.0,17.4,45.0,571.0,0.2023,1,19400.0,3,rural,fulltime,0,0,0,547.0
Female,56,55_plus,GroupB,20100.0,16.6,38.4,630.0,0.3769,0,5700.0,11,suburban,parttime,0,1,1,565.0
Male,71,55_plus,GroupA,22000.0,11.8,45.0,460.0,0.6776,0,6100.0,0,suburban,fulltime,1,0,0,485.0
Female,32,under_55,GroupB,20300.0,11.0,10.0,507.0,0.3907,1,7600.0,0,suburban,fulltime,0,1,1,501.0
Female,36,under_55,GroupB,14400.0,14.0,18.7,494.0,0.2854,3,10900.0,0,suburban,fulltime,0,0,0,390.0
Female,37,under_55,GroupA,37200.0,17.6,14.8,574.0,0.5053,0,13600.0,4,urban,fulltime,1,1,1,559.0
Female,58,55_plus,GroupA,25900.0,13.3,37.9,523.0,0.546,0,16500.0,1,urban,fulltime,0,0,0,541.0
Female,54,under_55,GroupB,14800.0,14.7,33.8,482.0,0.2939,0,5800.0,11,urban,fulltime,0,1,1,552.0
Male,35,under_55,GroupC,44200.0,11.1,17.3,589.0,0.5628,0,13900.0,1,suburban,fulltime,0,0,0,626.0
Male,48,under_55,GroupA,39900.0,13.9,27.2,648.0,0.0961,1,13800.0,1,suburban,selfemployed,1,1,1,639.0
Female,54,under_55,GroupB,16900.0,13.4,34.9,459.0,0.4951,1,11800.0,10,urban,parttime,0,0,0,429.0
Male,33,under_55,GroupB,15600.0,14.0,15.9,300.0,0.7455,2,17600.0,4,suburban,parttime,0,0,0,300.0
Female,40,under_55,GroupA,30700.0,13.7,20.3,641.0,0.3675,0,28200.0,13,urban,fulltime,0,1,1,636.0
Female,51,under_55,GroupB,27600.0,9.2,32.0,666.0,0.1963,0,17900.0,13,suburban,fulltime,0,1,1,620.0
Female,36,under_55,GroupA,26200.0,14.0,14.2,551.0,0.3418,2,21300.0,6,urban,parttime,0,0,0,512.0
Male,56,55_plus,GroupB,30100.0,13.0,37.5,662.0,0.2927,0,21300.0,0,rural,selfemployed,1,0,0,632.0
Female,56,55_plus,GroupA,19100.0,14.1,35.3,521.0,0.2103,1,7100.0,11,suburban,parttime,0,0,1,537.0
Male,37,under_55,GroupC,32500.0,17.2,10.4,574.0,0.3034,0,22400.0,0,urban,fulltime,1,1,1,596.0
Male,42,under_55,GroupA,45200.0,11.9,21.9,636.0,0.2481,0,19000.0,1,suburban,fulltime,0,1,1,647.0
Male,61,55_plus,GroupA,38600.0,18.1,29.8,535.0,0.4605,0,44500.0,2,suburban,fulltime,0,0,1,552.0
Male,63,55_plus,GroupA,27200.0,11.7,45.0,611.0,0.3069,0,23400.0,3,urban,fulltime,1,0,0,609.0
Male,59,55_plus,GroupA,27100.0,12.4,42.7,688.0,0.045,0,16800.0,0,urban,fulltime,0,1,1,695.0
Male,29,under_55,GroupA,29200.0,13.0,11.6,692.0,0.1829,0,15800.0,2,suburban,fulltime,1,1,1,698.0
Male,30,under_55,GroupB,39000.0,16.0,12.2,679.0,0.2586,0,17700.0,2,suburban,fulltime,0,1,1,665.0
Male,18,under_55,GroupA,23400.0,17.0,0.0,457.0,0.1949,1,8600.0,1,urban,parttime,0,0,0,457.0
Male,29,under_55,GroupA,36400.0,16.7,0.0,506.0,0.3818,0,9500.0,0,rural,fulltime,0,1,1,523.0
Male,41,under_55,GroupA,34700.0,16.9,16.1,625.0,0.2763,0,26700.0,2,suburban,fulltime,0,1,1,619.0
Female,35,under_55,GroupA,22100.0,11.9,16.0,452.0,0.5964,1,7700.0,0,rural,fulltime,0,0,0,423.0
Male,67,55_plus,GroupA,34800.0,11.8,44.8,468.0,0.4609,2,20000.0,18,suburban,selfemployed,1,0,0,468.0
Male,41,under_55,GroupB,48800.0,13.4,19.8,605.0,0.1794,1,23700.0,2,suburban,fulltime,0,1,1,661.0
Male,44,under_55,GroupA,25200.0,15.1,26.2,541.0,0.4569,1,13500.0,2,suburban,fulltime,1,0,0,540.0
Male,20,under_55,GroupA,25100.0,17.2,0.0,502.0,0.1463,1,14800.0,3,suburban,parttime,0,0,0,519.0
Female,34,under_55,GroupA,13400.0,16.6,13.2,512.0,0.2231,0,5800.0,4,urban,parttime,0,0,0,549.0
Male,50,under_55,GroupA,15800.0,13.1,30.6,439.0,0.4296,0,15300.0,1,rural,fulltime,0,1,1,459.0
Female,36,under_55,GroupA,24800.0,12.7,18.1,596.0,0.4553,0,20200.0,11,rural,selfemployed,0,1,1,603.0
Male,60,55_plus,GroupA,25900.0,12.7,38.9,583.0,0.4233,0,11800.0,2,rural,fulltime,0,0,0,571.0
Female,54,under_55,GroupC,20600.0,13.9,33.8,460.0,0.2871,2,16300.0,18,urban,parttime,0,0,0,491.0
Male,57,55_plus,GroupB,12600.0,10.1,40.2,420.0,0.8788,0,10100.0,2,rural,fulltime,0,0,0,355.0
Male,39,under_55,GroupC,18000.0,12.8,24.6,412.0,0.4156,2,3300.0,0,urban,selfemployed,0,1,1,446.0
Male,51,under_55,GroupA,66700.0,13.1,31.9,739.0,0.1906,0,96200.0,0,suburban,fulltime,0,1,1,710.0
Male,35,under_55,GroupA,39600.0,14.2,16.9,679.0,0.1846,0,29100.0,2,urban,fulltime,0,1,1,681.0
Male,44,under_55,GroupA,23500.0,12.8,23.2,587.0,0.2228,1,14400.0,1,suburban,parttime,1,0,0,579.0
Female,26,under_55,GroupB,26000.0,18.1,8.3,690.0,0.107,0,6600.0,0,suburban,parttime,0,1,1,628.0
Female,57,55_plus,GroupA,19000.0,13.9,34.6,384.0,0.6341,1,6300.0,15,suburban,selfemployed,0,0,0,384.0
Male,29,under_55,GroupB,47300.0,21.7,4.0,616.0,0.1003,1,47800.0,2,suburban,fulltime,1,1,1,587.0
Female,32,under_55,GroupB,18500.0,13.2,15.3,581.0,0.4435,0,8900.0,3,urban,selfemployed,0,0,1,551.0
Female,31,under_55,GroupA,65400.0,11.9,13.9,779.0,0.0922,0,30600.0,2,suburban,selfemployed,0,1,1,782.0
Male,26,under_55,GroupB,30000.0,10.4,13.2,603.0,0.3969,0,9500.0,4,suburban,fulltime,1,0,0,584.0
Male,40,under_55,GroupA,19200.0,14.0,19.1,514.0,0.3544,1,15600.0,1,urban,fulltime,1,0,0,504.0
Male,48,under_55,GroupA,35100.0,14.7,25.6,387.0,0.7103,1,25600.0,2,urban,fulltime,0,0,0,398.0
Male,78,55_plus,GroupA,39500.0,16.3,45.0,717.0,0.1558,0,18400.0,2,suburban,fulltime,0,1,1,721.0
Male,40,under_55,GroupA,24300.0,17.0,20.5,379.0,0.663,2,8700.0,4,suburban,fulltime,0,0,0,370.0
Male,38,under_55,GroupB,23900.0,13.4,20.5,453.0,0.3067,1,17200.0,0,rural,fulltime,0,1,1,518.0
Male,45,under_55,GroupB,31700.0,12.0,30.0,527.0,0.4331,0,28000.0,1,rural,fulltime,1,1,1,587.0
Female,22,under_55,GroupB,25500.0,14.4,3.6,353.0,0.3635,2,8900.0,1,suburban,fulltime,0,0,0,435.0
Male,47,under_55,GroupC,27100.0,10.0,34.6,449.0,0.273,2,19700.0,2,urban,fulltime,1,0,0,508.0
Male,36,under_55,GroupB,39800.0,13.0,13.1,539.0,0.3257,2,27700.0,1,urban,selfemployed,0,0,0,545.0
Female,69,55_plus,GroupA,30400.0,12.1,45.0,502.0,0.5938,1,32200.0,12,suburban,fulltime,0,0,1,463.0
Female,40,under_55,GroupC,34100.0,15.9,17.8,594.0,0.2512,1,11800.0,7,rural,parttime,0,1,1,579.0
Female,55,55_plus,GroupA,48400.0,16.3,33.0,756.0,0.0234,0,19500.0,11,suburban,parttime,0,0,1,758.0
Male,53,under_55,GroupA,29500.0,15.7,36.6,706.0,0.1159,0,11600.0,1,urban,fulltime,0,1,1,699.0
Male,37,under_55,GroupB,23800.0,13.0,17.3,549.0,0.1227,1,21500.0,5,rural,fulltime,0,1,1,588.0
Male,31,under_55,GroupA,22700.0,14.0,8.8,634.0,0.1386,0,14600.0,13,suburban,fulltime,1,1,1,629.0
Male,52,under_55,GroupC,26800.0,16.7,31.0,613.0,0.2549,0,27900.0,0,suburban,fulltime,0,1,1,630.0
Male,36,under_55,GroupA,34600.0,15.3,9.6,494.0,0.6032,1,27600.0,1,suburban,fulltime,0,0,0,489.0
Female,36,under_55,GroupA,29000.0,14.4,13.2,595.0,0.4253,0,10000.0,1,suburban,fulltime,1,1,1,560.0
Female,18,under_55,GroupC,13100.0,10.6,0.0,351.0,0.2078,1,6100.0,7,rural,fulltime,1,0,0,382.0
Female,51,under_55,GroupB,24400.0,18.7,24.4,585.0,0.3706,1,9000.0,2,rural,fulltime,0,0,1,555.0
Male,56,55_plus,GroupC,23900.0,15.7,30.1,515.0,0.3019,0,11900.0,14,urban,parttime,0,0,0,605.0
Male,43,under_55,GroupA,50400.0,13.0,24.6,602.0,0.4315,1,25600.0,0,urban,fulltime,0,1,1,583.0
Male,59,55_plus,GroupA,20200.0,12.5,43.6,513.0,0.5181,0,15200.0,1,rural,fulltime,1,0,0,489.0
Female,53,under_55,GroupB,21400.0,17.9,34.9,300.0,0.9448,1,9100.0,2,urban,fulltime,0,0,0,300.0
Male,27,under_55,GroupC,32400.0,14.2,4.3,647.0,0.3393,0,25900.0,1,suburban,fulltime,0,0,0,586.0
Female,25,under_55,GroupC,16300.0,12.0,10.1,394.0,0.5805,2,18600.0,11,rural,parttime,0,0,0,379.0
Male,43,under_55,GroupA,40000.0,15.0,22.4,634.0,0.2683,1,30500.0,0,suburban,fulltime,1,1,1,623.0
Female,50,under_55,GroupB,20900.0,12.6,33.9,396.0,0.4067,0,7700.0,12,rural,parttime,0,0,0,522.0
Male,27,under_55,GroupB,25400.0,12.2,8.8,577.0,0.3192,1,19200.0,2,urban,fulltime,0,1,1,529.0
Female,42,under_55,GroupA,18200.0,15.2,21.4,403.0,0.7321,1,26900.0,7,rural,fulltime,0,0,0,362.0
Female,18,under_55,GroupB,19500.0,8.0,3.6,399.0,0.3373,0,19500.0,15,rural,fulltime,0,0,0,507.0
Male,46,under_55,GroupB,33200.0,14.5,29.2,675.0,0.0889,0,10100.0,0,suburban,fulltime,0,1,1,682.0
Male,60,55_plus,GroupA,25900.0,13.9,45.0,533.0,0.5322,0,5600.0,1,urban,parttime,0,1,1,541.0
Female,23,under_55,GroupA,17100.0,15.7,1.2,460.0,0.1936,1,14400.0,10,urban,parttime,0,0,0,453.0
Female,46,under_55,GroupA,12600.0,15.6,27.0,520.0,0.3933,0,4100.0,19,suburban,parttime,0,1,1,505.0
Male,44,under_55,GroupB,20900.0,10.3,26.0,438.0,0.7478,1,14200.0,1,urban,fulltime,1,0,0,413.0
Female,43,under_55,GroupA,21600.0,13.5,23.6,444.0,0.2029,1,25100.0,15,urban,selfemployed,0,0,1,520.0
Male,45,under_55,GroupA,28900.0,15.3,23.5,540.0,0.4019,0,11000.0,2,suburban,fulltime,0,1,1,571.0
Male,62,55_plus,GroupA,26300.0,13.9,45.0,470.0,0.4298,2,20000.0,1,suburban,fulltime,1,0,0,460.0
Male,62,55_plus,GroupA,55300.0,14.1,37.0,728.0,0.1824,0,64500.0,1,rural,fulltime,0,0,1,718.0
Female,35,under_55,GroupB,74300.0,11.3,20.3,533.0,0.5524,0,49400.0,9,suburban,fulltime,0,1,1,620.0
Male,54,under_55,GroupA,39300.0,15.2,29.9,637.0,0.3636,0,20600.0,12,urban,fulltime,0,1,1,636.0
Female,35,under_55,GroupA,12200.0,15.3,13.3,300.0,0.95,0,8500.0,9,suburban,fulltime,0,0,0,303.0
Female,31,under_55,GroupA,32200.0,16.5,6.2,527.0,0.4644,0,10300.0,13,urban,parttime,0,1,1,532.0
Female,46,under_55,GroupB,32000.0,17.5,23.3,599.0,0.3172,1,28900.0,0,urban,selfemployed,0,0,1,576.0
Female,35,under_55,GroupA,25000.0,19.5,12.1,549.0,0.4512,1,13900.0,10,suburban,selfemployed,1,0,0,497.0
Female,30,under_55,GroupB,26100.0,11.4,13.0,589.0,0.432,0,25100.0,13,rural,fulltime,0,0,0,601.0
Male,48,under_55,GroupC,19000.0,10.6,33.8,476.0,0.4726,0,12500.0,2,urban,fulltime,0,0,0,500.0
Male,34,under_55,GroupA,24300.0,12.2,10.2,576.0,0.3032,0,13100.0,0,urban,fulltime,0,1,1,581.0
Male,35,under_55,GroupA,46000.0,15.0,12.6,621.0,0.2853,0,20900.0,0,suburban,selfemployed,1,1,1,618.0
Female,39,under_55,GroupA,56000.0,17.3,13.4,617.0,0.4282,0,24700.0,9,suburban,fulltime,0,1,1,654.0
Male,34,under_55,GroupA,69000.0,13.7,12.3,713.0,0.3686,0,31200.0,2,urban,fulltime,0,1,1,734.0
Female,65,55_plus,GroupA,26200.0,15.9,44.8,538.0,0.2264,2,26000.0,6,suburban,selfemployed,0,0,0,516.0
Male,23,under_55,GroupB,18500.0,12.6,1.9,422.0,0.3935,0,24400.0,2,suburban,fulltime,0,0,0,460.0
Female,36,under_55,GroupB,31500.0,10.5,23.3,475.0,0.7244,1,22700.0,13,suburban,fulltime,0,0,0,424.0
Male,25,under_55,GroupA,31500.0,14.6,7.5,522.0,0.505,0,19500.0,2,suburban,fulltime,1,1,1,525.0
Male,24,under_55,GroupB,26700.0,9.9,6.7,560.0,0.3703,0,8400.0,11,rural,selfemployed,0,0,0,562.0
Female,35,under_55,GroupA,9100.0,10.7,14.2,465.0,0.283,0,3400.0,5,urban,parttime,0,0,0,494.0
Male,31,under_55,GroupB,24800.0,12.8,8.9,642.0,0.2352,0,13200.0,2,urban,fulltime,1,1,1,639.0
Male,42,under_55,GroupA,38100.0,13.0,21.9,676.0,0.3779,0,39900.0,2,suburban,fulltime,0,1,1,691.0
Male,23,under_55,GroupB,26000.0,15.9,1.8,321.0,0.9496,2,6600.0,1,suburban,fulltime,0,0,0,300.0
Female,43,under_55,GroupC,33400.0,15.9,24.6,630.0,0.5268,1,23900.0,12,urban,fulltime,0,0,0,518.0
Male,50,under_55,GroupA,35600.0,13.4,30.4,697.0,0.0934,0,13900.0,2,suburban,selfemployed,0,0,0,683.0
Female,49,under_55,GroupA,27900.0,14.7,28.1,693.0,0.0528,0,17400.0,12,suburban,fulltime,0,1,1,695.0
Female,50,under_55,GroupA,16000.0,16.8,26.8,339.0,0.657,1,13600.0,13,urban,parttime,0,0,0,356.0
Female,42,under_55,GroupA,23900.0,13.1,26.1,423.0,0.4853,1,8900.0,8,suburban,fulltime,1,0,0,472.0
Female,54,under_55,GroupA,29500.0,13.8,34.3,525.0,0.7268,0,10200.0,8,suburban,fulltime,0,0,0,497.0
Male,39,under_55,GroupC,27300.0,11.7,14.7,593.0,0.3277,0,22100.0,4,urban,fulltime,0,1,1,596.0
Female,48,under_55,GroupA,25000.0,16.0,26.9,443.0,0.5458,0,11800.0,18,urban,selfemployed,0,0,1,502.0
Male,35,under_55,GroupB,23300.0,10.7,19.1,508.0,0.1903,1,7300.0,1,rural,fulltime,1,1,1,579.0
Male,61,55_plus,GroupA,43900.0,14.1,39.4,600.0,0.5429,0,8800.0,14,suburban,fulltime,1,1,1,605.0
Female,45,under_55,GroupB,23900.0,14.4,29.5,499.0,0.2559,1,20900.0,13,urban,fulltime,0,0,0,511.0
Male,18,under_55,GroupA,40100.0,15.5,0.6,464.0,0.5385,0,36700.0,1,suburban,fulltime,0,0,0,460.0
Male,26,under_55,GroupA,22100.0,14.6,3.4,472.0,0.1861,1,9300.0,1,suburban,parttime,0,0,0,484.0
Male,73,55_plus,GroupB,21300.0,11.6,45.0,523.0,0.0952,1,14000.0,0,suburban,fulltime,0,0,0,586.0
Male,27,under_55,GroupB,28200.0,15.9,6.4,467.0,0.3956,1,14900.0,0,urban,parttime,1,1,1,495.0
Male,54,under_55,GroupC,38400.0,17.9,29.7,469.0,0.5113,1,13100.0,2,suburban,fulltime,0,0,0,509.0
Male,22,under_55,GroupB,55600.0,14.9,2.6,585.0,0.6169,0,55100.0,1,urban,fulltime,0,0,0,531.0
Male,67,55_plus,GroupC,34100.0,9.3,45.0,541.0,0.4509,0,34700.0,1,rural,fulltime,0,0,1,563.0
Female,19,under_55,GroupA,39000.0,12.4,0.6,429.0,0.4011,1,57500.0,9,suburban,parttime,1,0,0,483.0
Male,29,under_55,GroupA,21700.0,15.7,12.1,604.0,0.2781,0,7000.0,0,suburban,fulltime,1,1,1,594.0
Female,27,under_55,GroupB,20100.0,13.2,8.7,392.0,0.6459,1,9600.0,16,urban,fulltime,0,0,0,404.0
Female,59,55_plus,GroupC,21400.0,10.8,40.0,586.0,0.2152,0,10800.0,8,urban,fulltime,0,0,0,607.0
Female,61,55_plus,GroupA,46100.0,12.7,45.0,613.0,0.3933,1,15100.0,1,rural,fulltime,0,0,1,612.0
Male,48,under_55,GroupA,26300.0,11.9,31.0,558.0,0.4119,0,35600.0,0,suburban,fulltime,0,1,1,538.0
Male,32,under_55,GroupA,43500.0,14.4,11.5,544.0,0.547,0,15500.0,2,urban,selfemployed,0,1,1,562.0
Male,53,under_55,GroupA,29700.0,16.6,32.2,644.0,0.3992,0,28200.0,10,urban,fulltime,0,0,0,638.0
Male,26,under_55,GroupA,36500.0,13.4,9.6,602.0,0.4806,0,25400.0,2,suburban,selfemployed,0,1,1,615.0
Male,43,under_55,GroupC,35500.0,18.5,18.3,618.0,0.349,0,16000.0,1,urban,fulltime,0,1,1,640.0
Female,54,under_55,GroupA,22800.0,17.8,34.3,582.0,0.2685,0,20800.0,9,rural,fulltime,0,1,1,609.0
Female,39,under_55,GroupA,30100.0,15.5,15.2,557.0,0.3878,1,6800.0,13,suburban,fulltime,0,1,1,541.0
Male,34,under_55,GroupC,16100.0,14.7,10.2,447.0,0.3038,1,20500.0,12,urban,fulltime,0,0,0,516.0
Female,40,under_55,GroupA,22600.0,14.7,20.8,581.0,0.1911,1,26900.0,17,suburban,fulltime,1,1,1,558.0
Female,69,55_plus,GroupB,13300.0,12.9,45.0,556.0,0.2696,0,2700.0,14,rural,fulltime,0,1,1,577.0
Female,68,55_plus,GroupA,29100.0,13.1,45.0,493.0,0.2606,2,9200.0,2,suburban,fulltime,0,1,1,525.0
Female,47,under_55,GroupB,26500.0,13.8,28.7,390.0,0.6971,2,13400.0,13,urban,fulltime,1,0,0,392.0
Female,56,55_plus,GroupB,18800.0,14.6,38.7,518.0,0.3563,1,9400.0,0,urban,fulltime,1,0,0,491.0
Male,26,under_55,GroupB,64800.0,19.6,3.1,653.0,0.228,0,31300.0,1,urban,fulltime,0,1,1,630.0
Male,48,under_55,GroupA,27700.0,13.2,27.0,537.0,0.4614,0,9600.0,1,suburban,fulltime,0,0,0,552.0
Female,40,under_55,GroupC,10800.0,11.8,16.9,300.0,0.4524,5,5000.0,12,urban,selfemployed,0,0,0,300.0
Female,26,under_55,GroupB,13800.0,12.3,14.9,390.0,0.4527,2,4900.0,1,suburban,parttime,0,0,0,388.0
Male,42,under_55,GroupB,33000.0,14.4,18.7,587.0,0.3526,1,22300.0,2,suburban,fulltime,0,1,1,567.0
Male,36,under_55,GroupC,32300.0,15.2,11.3,572.0,0.3028,1,8800.0,1,rural,selfemployed,0,0,0,550.0
Male,46,under_55,GroupB,57500.0,16.6,23.0,668.0,0.1963,1,21200.0,3,suburban,fulltime,0,0,0,680.0
Male,27,under_55,GroupA,31900.0,14.2,11.1,540.0,0.5775,0,13600.0,2,suburban,fulltime,0,0,0,549.0
Female,27,under_55,GroupA,37900.0,13.5,3.3,615.0,0.3983,0,11200.0,17,urban,fulltime,0,1,1,558.0
Female,55,55_plus,GroupA,32200.0,13.9,34.8,613.0,0.2489,1,13600.0,12,urban,fulltime,1,0,1,600.0
Male,48,under_55,GroupB,26100.0,13.4,28.1,645.0,0.1395,0,23500.0,3,rural,fulltime,0,1,1,659.0
Male,36,under_55,GroupA,19400.0,11.1,16.2,501.0,0.563,0,15800.0,1,suburban,fulltime,0,0,0,515.0
Male,59,55_plus,GroupA,21100.0,11.8,37.9,614.0,0.2191,1,19100.0,1,urban,fulltime,1,1,1,614.0
Male,68,55_plus,GroupB,19000.0,13.2,45.0,371.0,0.5577,4,10300.0,3,urban,fulltime,0,0,0,300.0
Female,57,55_plus,GroupA,19700.0,9.9,36.4,493.0,0.4045,0,10700.0,0,rural,fulltime,0,0,0,529.0
Female,43,under_55,GroupA,34100.0,14.4,22.0,627.0,0.4008,0,13500.0,17,urban,fulltime,0,1,1,618.0
Male,37,under_55,GroupC,23000.0,10.6,24.8,410.0,0.6055,2,8200.0,3,urban,selfemployed,1,0,0,375.0
Female,47,under_55,GroupA,33000.0,16.6,25.0,627.0,0.334,0,12600.0,2,rural,fulltime,0,0,1,633.0
Male,30,under_55,GroupB,45000.0,12.5,9.8,688.0,0.0303,0,12000.0,0,rural,selfemployed,0,1,1,738.0
Male,41,under_55,GroupA,44200.0,16.4,22.5,547.0,0.4271,1,20500.0,2,urban,fulltime,0,1,1,556.0
Female,23,under_55,GroupB,12800.0,10.4,7.2,541.0,0.1616,0,3500.0,14,urban,fulltime,0,0,0,538.0
Male,41,under_55,GroupC,24800.0,11.0,21.7,433.0,0.5502,0,30600.0,1,urban,selfemployed,0,0,0,463.0
Male,39,under_55,GroupA,44500.0,18.3,12.2,660.0,0.3084,0,12900.0,0,suburban,fulltime,0,1,1,659.0
Female,48,under_55,GroupA,16900.0,12.8,31.9,426.0,0.7008,0,8900.0,19,urban,parttime,0,0,0,438.0
Female,62,55_plus,GroupC,24000.0,10.8,42.7,506.0,0.4864,0,23400.0,14,suburban,parttime,0,0,0,529.0
Male,48,under_55,GroupC,16400.0,10.1,26.4,300.0,0.8387,1,4800.0,3,urban,selfemployed,0,0,0,313.0
Male,35,under_55,GroupA,45200.0,17.4,3.5,670.0,0.1283,0,25900.0,2,urban,fulltime,0,0,0,689.0
Female,32,under_55,GroupA,35600.0,13.9,14.9,704.0,0.1763,0,10000.0,6,suburban,fulltime,0,1,1,668.0
Female,29,under_55,GroupC,13800.0,13.8,7.1,300.0,0.277,4,6400.0,0,rural,selfemployed,0,0,0,300.0
Male,39,under_55,GroupA,35100.0,15.7,18.9,459.0,0.4275,2,32800.0,0,suburban,fulltime,0,0,0,479.0
Female,56,55_plus,GroupA,12800.0,12.5,41.3,335.0,0.6959,1,10200.0,13,rural,fulltime,0,0,0,347.0
Female,54,under_55,GroupA,30400.0,17.3,25.3,620.0,0.3203,0,17200.0,19,urban,fulltime,0,1,1,647.0
Male,31,under_55,GroupC,33800.0,10.8,19.6,525.0,0.4762,1,18000.0,1,suburban,fulltime,0,1,1,526.0
Male,28,under_55,GroupA,56700.0,17.9,0.5,465.0,0.6343,0,38000.0,2,suburban,parttime,0,0,0,497.0
Female,54,under_55,GroupA,44500.0,14.5,31.0,561.0,0.4605,1,41800.0,10,suburban,fulltime,0,0,1,580.0
Male,49,under_55,GroupA,35600.0,20.6,18.7,459.0,0.5856,2,13400.0,4,suburban,fulltime,0,0,0,465.0
Female,57,55_plus,GroupA,16900.0,14.1,35.8,498.0,0.4903,1,10600.0,2,urban,selfemployed,0,0,0,464.0
Female,31,under_55,GroupB,24100.0,14.8,15.3,556.0,0.3852,0,3500.0,7,urban,parttime,0,0,1,619.0
Female,57,55_plus,GroupA,19800.0,13.3,38.1,400.0,0.5204,1,20900.0,19,rural,selfemployed,0,0,0,441.0
Female,45,under_55,GroupA,25800.0,16.0,19.6,526.0,0.536,0,8000.0,7,suburban,parttime,1,1,1,533.0
Male,41,under_55,GroupA,15800.0,8.8,24.8,414.0,0.4933,1,13500.0,4,suburban,fulltime,0,0,0,410.0
Male,18,under_55,GroupB,25900.0,15.7,0.0,432.0,0.2413,1,11800.0,3,urban,parttime,0,0,0,467.0
Female,59,55_plus,GroupC,27700.0,13.1,41.2,574.0,0.3773,0,27800.0,10,urban,fulltime,1,0,0,585.0
Male,29,under_55,GroupA,55000.0,14.2,6.8,664.0,0.3815,0,63500.0,0,suburban,fulltime,0,1,1,648.0
Male,74,55_plus,GroupB,13700.0,11.6,45.0,504.0,0.3466,1,7500.0,3,urban,selfemployed,0,0,0,515.0
Male,44,under_55,GroupA,47800.0,15.1,22.4,621.0,0.3612,0,29800.0,1,suburban,fulltime,1,1,1,621.0
Male,35,under_55,GroupA,52200.0,19.1,8.3,725.0,0.2392,0,40700.0,2,urban,fulltime,0,1,1,705.0
Male,50,under_55,GroupB,82900.0,17.6,26.6,711.0,0.4732,0,43600.0,1,suburban,fulltime,0,1,1,674.0
Male,18,under_55,GroupC,30300.0,13.4,4.0,596.0,0.2195,0,25200.0,2,urban,fulltime,1,1,1,584.0
Female,25,under_55,GroupB,9700.0,10.6,7.0,312.0,0.9211,3,8500.0,0,urban,selfemployed,0,0,0,300.0
Male,53,under_55,GroupA,75600.0,17.6,28.6,733.0,0.2689,0,46400.0,1,suburban,fulltime,0,1,1,727.0
Female,41,under_55,GroupB,41600.0,14.6,24.6,494.0,0.563,0,11700.0,4,suburban,fulltime,1,1,1,558.0
Male,42,under_55,GroupB,15200.0,13.3,20.8,527.0,0.2507,1,16600.0,1,urban,fulltime,1,0,0,507.0
Male,52,under_55,GroupC,17600.0,11.4,28.7,446.0,0.6325,1,11400.0,1,urban,fulltime,0,0,0,435.0
Male,42,under_55,GroupC,14600.0,13.2,22.7,541.0,0.3136,0,5800.0,6,urban,fulltime,1,0,1,512.0
Male,30,under_55,GroupA,17700.0,8.4,18.7,470.0,0.4518,0,6500.0,1,rural,fulltime,0,0,0,494.0
Female,56,55_plus,GroupA,27400.0,11.3,39.4,513.0,0.3833,1,15700.0,7,urban,selfemployed,0,0,0,531.0
Male,41,under_55,GroupA,31900.0,13.4,18.5,538.0,0.4495,1,26100.0,0,suburban,selfemployed,1,1,1,543.0
Male,42,under_55,GroupB,44200.0,16.4,19.6,605.0,0.1922,1,50600.0,4,urban,fulltime,0,0,1,643.0
Female,33,under_55,GroupA,35700.0,16.4,3.7,392.0,0.4761,1,20900.0,12,urban,fulltime,0,0,0,426.0
Male,27,under_55,GroupA,39700.0,17.0,6.2,688.0,0.1572,0,16100.0,2,rural,fulltime,0,1,1,692.0
Male,31,under_55,GroupA,33100.0,13.8,9.5,582.0,0.4224,0,10300.0,2,rural,selfemployed,1,1,1,589.0
Male,52,under_55,GroupA,25200.0,18.6,29.5,490.0,0.3239,1,8100.0,4,rural,fulltime,1,1,1,502.0
Male,57,55_plus,GroupB,26000.0,14.2,34.1,595.0,0.1389,1,19300.0,1,rural,fulltime,0,0,0,625.0
Female,25,under_55,GroupA,17800.0,13.1,6.0,541.0,0.1268,1,23300.0,1,suburban,fulltime,1,0,0,515.0
Female,32,under_55,GroupA,23000.0,15.0,11.3,611.0,0.1145,1,12200.0,1,suburban,parttime,1,0,0,608.0
Male,55,55_plus,GroupB,33600.0,13.5,32.4,413.0,0.5876,2,16400.0,1,suburban,parttime,0,1,1,458.0
Male,40,under_55,GroupA,37300.0,18.1,21.6,538.0,0.6412,0,31100.0,2,suburban,fulltime,0,0,0,528.0
Female,35,under_55,GroupB,24900.0,13.6,7.9,590.0,0.3612,1,11300.0,11,suburban,fulltime,0,0,0,533.0
Male,50,under_55,GroupA,33200.0,15.4,26.3,579.0,0.265,1,15100.0,1,urban,fulltime,0,0,0,586.0
Male,65,55_plus,GroupA,18400.0,15.7,38.8,513.0,0.3885,1,11700.0,12,urban,selfemployed,0,0,0,501.0
Male,50,under_55,GroupA,24100.0,14.9,29.1,300.0,0.7046,3,10600.0,1,suburban,selfemployed,0,0,0,300.0
Female,35,under_55,GroupB,27000.0,14.3,16.8,561.0,0.1811,1,14600.0,13,suburban,selfemployed,0,1,1,593.0
Male,63,55_plus,GroupA,31800.0,12.6,45.0,660.0,0.2417,0,42600.0,4,suburban,fulltime,0,1,1,662.0
Female,71,55_plus,GroupB,15000.0,13.0,45.0,416.0,0.1171,0,11900.0,15,urban,fulltime,0,0,0,558.0
Female,52,under_55,GroupA,22600.0,13.9,32.3,690.0,0.0998,1,17000.0,17,rural,parttime,0,0,0,657.0
Female,59,55_plus,GroupA,31700.0,16.3,36.9,467.0,0.6279,1,15400.0,7,suburban,selfemployed,1,0,0,445.0
Male,18,under_55,GroupB,35200.0,16.6,0.0,501.0,0.3153,0,21400.0,4,rural,fulltime,0,1,1,511.0
Female,31,under_55,GroupA,13100.0,13.4,9.6,457.0,0.3538,0,7700.0,12,rural,parttime,0,0,0,503.0
Male,51,under_55,GroupA,26600.0,12.7,32.9,426.0,0.8449,0,15100.0,12,rural,fulltime,0,0,0,425.0
Female,41,under_55,GroupB,35500.0,15.6,16.2,545.0,0.5414,1,24700.0,8,urban,fulltime,1,0,0,487.0
Female,55,55_plus,GroupA,19700.0,12.2,35.2,592.0,0.1059,1,10200.0,17,urban,selfemployed,0,0,0,603.0
Male,54,under_55,GroupA,22300.0,17.4,31.2,473.0,0.3162,3,7900.0,15,urban,parttime,0,0,0,464.0
Female,35,under_55,GroupC,27300.0,11.0,17.2,580.0,0.4346,0,15200.0,11,urban,fulltime,0,1,1,556.0
Female,32,under_55,GroupB,21700.0,12.7,13.3,538.0,0.4877,0,5700.0,11,urban,selfemployed,0,1,1,518.0
Female,57,55_plus,GroupC,24500.0,14.2,37.9,463.0,0.276,1,15700.0,17,urban,fulltime,0,0,0,538.0
Female,38,under_55,GroupB,28600.0,16.1,17.0,705.0,0.1088,0,17200.0,8,suburban,selfemployed,0,0,1,669.0
Male,49,under_55,GroupB,15800.0,13.4,27.0,300.0,0.7816,3,9400.0,1,urban,fulltime,0,0,0,300.0
Female,37,under_55,GroupA,31800.0,15.4,16.0,682.0,0.2316,0,95400.0,11,rural,fulltime,0,1,1,680.0
Female,29,under_55,GroupA,25600.0,12.2,8.9,469.0,0.5463,0,21700.0,17,rural,fulltime,0,0,0,507.0
Male,55,55_plus,GroupB,18800.0,15.1,29.2,604.0,0.1806,0,12400.0,1,urban,fulltime,1,0,1,647.0
Female,61,55_plus,GroupA,40600.0,15.0,41.6,483.0,0.6909,0,32000.0,1,suburban,parttime,1,0,1,495.0
Female,49,under_55,GroupA,21400.0,12.5,26.0,553.0,0.2455,1,20400.0,11,suburban,parttime,1,0,1,542.0
Female,31,under_55,GroupC,28800.0,10.0,17.2,475.0,0.4114,0,36000.0,9,suburban,fulltime,0,0,0,567.0
Female,60,55_plus,GroupA,20400.0,13.1,42.6,709.0,0.1184,0,12300.0,13,suburban,parttime,1,1,1,675.0
Male,30,under_55,GroupA,39100.0,12.4,11.3,588.0,0.3848,0,51500.0,0,urban,fulltime,0,0,0,603.0
Male,50,under_55,GroupC,19500.0,14.7,26.4,567.0,0.4924,0,27100.0,0,urban,fulltime,0,0,0,524.0
Female,33,under_55,GroupB,58900.0,14.6,15.2,661.0,0.5413,0,32000.0,1,suburban,selfemployed,1,1,1,614.0
Male,21,under_55,GroupA,17700.0,13.9,0.0,421.0,0.3459,1,11100.0,0,rural,fulltime,1,0,0,417.0
Male,28,under_55,GroupA,26300.0,16.8,7.4,491.0,0.3691,1,18100.0,1,urban,parttime,0,0,0,483.0
Male,50,under_55,GroupB,17200.0,9.3,32.2,567.0,0.2755,1,16900.0,13,rural,fulltime,0,0,0,497.0
Female,40,under_55,GroupA,14400.0,13.9,22.0,479.0,0.3883,1,6000.0,16,suburban,parttime,0,0,0,416.0
Male,39,under_55,GroupA,57400.0,12.0,24.6,752.0,0.2303,0,39900.0,0,rural,fulltime,0,1,1,749.0
Male,23,under_55,GroupA,19800.0,13.9,0.0,389.0,0.3745,1,15000.0,2,suburban,fulltime,0,0,0,403.0
Female,44,under_55,GroupA,18300.0,13.8,23.3,489.0,0.3291,0,22200.0,17,rural,fulltime,0,0,0,562.0
Female,62,55_plus,GroupA,26000.0,10.9,45.0,462.0,0.4117,1,19600.0,16,suburban,parttime,0,0,0,481.0
Male,42,under_55,GroupA,24200.0,10.2,27.1,531.0,0.3439,2,17900.0,0,rural,fulltime,0,0,0,531.0
Male,55,55_plus,GroupA,43300.0,16.7,23.9,565.0,0.6068,0,5700.0,15,suburban,selfemployed,0,1,1,540.0
Female,61,55_plus,GroupA,30800.0,13.8,38.1,547.0,0.411,1,22100.0,3,suburban,fulltime,0,1,1,560.0
Male,54,under_55,GroupB,36600.0,12.6,38.0,697.0,0.2817,0,41200.0,8,urban,fulltime,0,1,1,674.0
Male,23,under_55,GroupA,33700.0,12.7,11.0,458.0,0.658,1,17200.0,0,suburban,fulltime,0,0,0,470.0
Male,33,under_55,GroupA,43700.0,12.9,16.5,677.0,0.2302,0,30500.0,0,urban,fulltime,0,1,1,681.0
Female,45,under_55,GroupA,26900.0,13.6,24.9,668.0,0.1805,0,13100.0,0,suburban,parttime,0,0,1,649.0
Male,55,55_plus,GroupB,36200.0,11.1,34.9,481.0,0.3861,2,10000.0,1,urban,fulltime,0,1,1,503.0
Female,58,55_plus,GroupA,15200.0,16.9,40.7,425.0,0.251,2,10100.0,10,rural,parttime,0,0,0,470.0
Female,33,under_55,GroupB,12700.0,14.1,12.3,454.0,0.3514,1,5700.0,15,urban,fulltime,0,0,0,393.0
Female,40,under_55,GroupA,18300.0,11.1,18.8,425.0,0.557,1,8800.0,22,urban,fulltime,1,0,0,418.0
Male,24,under_55,GroupA,22600.0,11.9,2.2,608.0,0.1485,0,12900.0,0,suburban,fulltime,0,0,0,610.0
Male,27,under_55,GroupB,27000.0,9.0,8.5,613.0,0.1248,0,18000.0,2,urban,fulltime,0,0,1,635.0
Female,39,under_55,GroupA,27800.0,15.1,11.1,568.0,0.3413,0,25200.0,8,suburban,fulltime,1,0,0,550.0
Female,32,under_55,GroupA,24400.0,14.9,12.0,444.0,0.287,1,21200.0,18,urban,parttime,0,0,0,504.0
Male,43,under_55,GroupA,81300.0,15.8,17.3,612.0,0.5374,0,68400.0,2,suburban,fulltime,1,1,1,636.0
Male,49,under_55,GroupA,30000.0,15.6,30.2,623.0,0.384,0,44600.0,1,suburban,fulltime,0,0,0,626.0
Male,68,55_plus,GroupA,28000.0,17.2,45.0,598.0,0.2844,1,14800.0,16,suburban,fulltime,1,0,0,575.0
Female,35,under_55,GroupA,22900.0,16.3,16.6,598.0,0.1724,1,15000.0,14,suburban,fulltime,0,0,1,580.0
Male,29,under_55,GroupB,24800.0,15.1,9.2,416.0,0.3824,1,7100.0,2,urban,fulltime,0,1,1,491.0
Female,38,under_55,GroupC,19900.0,15.6,19.0,364.0,0.4708,2,7000.0,13,suburban,selfemployed,1,0,0,374.0
Male,18,under_55,GroupB,14800.0,14.6,0.0,494.0,0.12,0,12500.0,3,rural,selfemployed,0,0,0,487.0
Male,20,under_55,GroupA,33200.0,17.5,0.0,484.0,0.1347,0,15900.0,0,suburban,fulltime,0,0,0,522.0
Male,37,under_55,GroupA,46000.0,12.1,15.5,556.0,0.4227,0,14600.0,2,suburban,fulltime,1,0,0,565.0
Male,50,under_55,GroupB,31000.0,11.9,32.2,512.0,0.3196,2,15400.0,3,rural,fulltime,0,1,1,508.0
Female,32,under_55,GroupC,26700.0,15.0,14.4,475.0,0.5863,0,27300.0,10,urban,fulltime,0,0,0,479.0
Male,48,under_55,GroupA,34300.0,15.6,29.2,610.0,0.2419,1,7100.0,0,suburban,selfemployed,0,0,0,609.0
Male,56,55_plus,GroupA,17800.0,14.8,31.4,381.0,0.6929,0,8700.0,0,suburban,fulltime,1,0,0,380.0
Male,29,under_55,GroupA,26100.0,17.6,4.3,589.0,0.0395,0,23800.0,0,suburban,fulltime,0,0,0,593.0
Male,43,under_55,GroupA,45600.0,12.2,20.9,580.0,0.4638,1,19300.0,0,rural,parttime,0,0,0,586.0
Female,40,under_55,GroupB,43000.0,12.2,22.8,580.0,0.3319,0,16900.0,9,urban,selfemployed,0,1,1,636.0
Female,46,under_55,GroupC,27000.0,13.3,26.6,419.0,0.5704,0,20300.0,11,urban,selfemployed,0,0,0,480.0
Female,34,under_55,GroupB,33300.0,15.9,14.4,617.0,0.2369,0,9900.0,8,suburban,fulltime,0,0,1,644.0
Female,42,under_55,GroupA,27500.0,11.9,31.1,530.0,0.6507,0,8000.0,9,suburban,parttime,1,0,0,518.0
Male,49,under_55,GroupA,20900.0,11.9,33.8,439.0,0.4842,1,8900.0,3,suburban,parttime,0,0,0,448.0
Male,44,under_55,GroupA,43500.0,15.8,23.9,623.0,0.2483,0,79000.0,3,suburban,fulltime,1,1,1,631.0
Male,28,under_55,GroupA,41700.0,14.9,10.7,592.0,0.3677,0,9000.0,2,suburban,fulltime,0,1,1,587.0
Female,40,under_55,GroupA,21400.0,13.3,13.3,469.0,0.5441,1,18200.0,15,rural,parttime,1,0,0,473.0
Male,37,under_55,GroupB,71800.0,13.1,13.7,826.0,0.0878,0,36600.0,5,urban,selfemployed,0,1,1,788.0
Male,31,under_55,GroupB,42300.0,15.1,12.5,814.0,0.0472,0,30600.0,0,suburban,parttime,1,0,1,767.0
Male,57,55_plus,GroupB,34700.0,15.4,30.6,641.0,0.3794,0,24800.0,2,suburban,fulltime,0,1,1,608.0
Male,28,under_55,GroupC,45600.0,14.6,12.8,491.0,0.6372,0,17100.0,1,urban,fulltime,0,1,1,539.0
Female,29,under_55,GroupA,17900.0,17.3,3.4,460.0,0.4597,1,5400.0,0,urban,selfemployed,1,0,0,401.0
Male,56,55_plus,GroupB,36900.0,18.0,32.4,521.0,0.5024,1,30700.0,2,urban,selfemployed,0,0,1,523.0
Female,42,under_55,GroupA,66800.0,17.1,17.8,546.0,0.5199,0,46200.0,12,suburban,fulltime,0,1,1,586.0
Female,38,under_55,GroupA,23900.0,12.4,22.6,444.0,0.3674,2,20900.0,0,rural,parttime,0,0,0,450.0
Male,18,under_55,GroupB,13900.0,12.9,0.0,300.0,0.3948,3,3600.0,1,urban,fulltime,0,0,0,300.0
Female,29,under_55,GroupB,32800.0,15.9,4.8,608.0,0.1047,0,16900.0,15,urban,fulltime,0,0,0,624.0
Male,34,under_55,GroupA,44900.0,15.5,5.3,603.0,0.2444,1,24200.0,1,suburban,fulltime,0,1,1,605.0
Male,50,under_55,GroupA,54500.0,17.8,29.1,645.0,0.3781,0,28600.0,0,urban,fulltime,0,1,1,648.0
Male,47,under_55,GroupA,32300.0,20.3,24.9,594.0,0.1924,0,12500.0,2,suburban,fulltime,0,1,1,597.0
Male,58,55_plus,GroupA,36500.0,14.7,39.3,640.0,0.3848,0,22900.0,3,rural,fulltime,0,1,1,650.0
Male,48,under_55,GroupB,22900.0,8.1,35.4,579.0,0.2399,1,7500.0,2,suburban,selfemployed,0,0,0,559.0
Female,50,under_55,GroupA,30800.0,16.8,35.1,543.0,0.2785,1,25800.0,8,suburban,selfemployed,1,1,1,575.0
Female,18,under_55,GroupB,12300.0,12.8,0.0,414.0,0.4246,0,9100.0,16,urban,parttime,0,0,0,403.0
Female,56,55_plus,GroupA,17500.0,13.2,36.5,627.0,0.1593,0,9400.0,2,suburban,parttime,0,1,1,631.0
Male,64,55_plus,GroupA,48700.0,17.8,42.2,685.0,0.3107,0,11200.0,1,suburban,fulltime,0,1,1,683.0
Male,26,under_55,GroupA,34700.0,13.9,6.4,606.0,0.1215,1,21700.0,3,urban,fulltime,1,1,1,608.0
Female,50,under_55,GroupB,9600.0,9.0,35.2,539.0,0.234,0,9800.0,20,urban,parttime,1,0,0,486.0
Female,36,under_55,GroupA,28500.0,11.1,18.8,497.0,0.2936,2,5000.0,4,suburban,selfemployed,0,0,0,496.0
Male,55,55_plus,GroupA,41500.0,17.7,31.8,512.0,0.3529,2,11800.0,2,suburban,fulltime,1,1,1,504.0
Female,54,under_55,GroupA,31400.0,16.4,28.2,771.0,0.1032,0,12900.0,4,suburban,parttime,0,1,1,711.0
Female,51,under_55,GroupA,33200.0,13.7,29.0,583.0,0.1563,1,10600.0,2,rural,selfemployed,1,1,1,591.0
Female,38,under_55,GroupB,19200.0,12.2,21.0,619.0,0.3183,0,14400.0,17,suburban,fulltime,0,0,0,563.0
Female,43,under_55,GroupA,23200.0,12.2,28.2,544.0,0.2883,2,14200.0,16,suburban,parttime,1,0,0,519.0
Male,46,under_55,GroupB,53300.0,13.8,29.5,625.0,0.5276,0,68300.0,0,urban,fulltime,0,0,0,624.0
Male,41,under_55,GroupC,21000.0,16.3,16.1,556.0,0.3925,0,13700.0,14,suburban,fulltime,0,0,0,561.0
Male,70,55_plus,GroupA,15600.0,12.5,45.0,495.0,0.294,1,5100.0,0,urban,selfemployed,0,0,0,488.0
Male,18,under_55,GroupA,20300.0,14.2,0.0,500.0,0.1918,0,20500.0,1,suburban,fulltime,1,0,0,499.0
Female,51,under_55,GroupA,13400.0,14.5,29.7,359.0,0.7444,0,9900.0,16,suburban,fulltime,0,0,0,348.0
Female,46,under_55,GroupA,16900.0,14.5,18.9,519.0,0.191,1,8800.0,17,suburban,selfemployed,0,0,0,534.0
Male,36,under_55,GroupA,45000.0,14.2,14.8,544.0,0.6025,0,11800.0,2,urban,fulltime,1,0,0,564.0
Male,28,under_55,GroupA,33900.0,12.4,6.7,455.0,0.6186,0,14600.0,11,suburban,fulltime,0,1,1,447.0
Female,42,under_55,GroupB,29900.0,12.1,22.4,471.0,0.4078,1,21300.0,9,urban,fulltime,0,0,1,528.0
Male,40,under_55,GroupC,31000.0,13.1,15.3,691.0,0.1941,0,17000.0,1,urban,fulltime,0,0,1,663.0
Female,36,under_55,GroupB,17900.0,13.8,14.1,436.0,0.5546,1,15800.0,10,suburban,fulltime,1,0,0,425.0
Male,44,under_55,GroupA,28300.0,15.3,21.2,597.0,0.2836,0,13800.0,1,suburban,fulltime,1,0,0,600.0
Female,27,under_55,GroupC,20000.0,10.9,5.6,483.0,0.5214,0,12400.0,1,rural,parttime,0,0,0,486.0
Female,23,under_55,GroupC,23600.0,12.0,10.7,326.0,0.5815,2,7600.0,13,rural,selfemployed,0,0,0,372.0
Female,53,under_55,GroupB,18400.0,11.7,34.1,469.0,0.3599,1,36600.0,10,urban,parttime,0,0,0,472.0
Female,33,under_55,GroupA,11100.0,15.7,12.7,314.0,0.6255,1,3800.0,12,rural,parttime,0,0,0,347.0
Male,47,under_55,GroupA,56600.0,17.7,29.9,591.0,0.5503,0,16100.0,0,suburban,fulltime,0,1,1,593.0
Male,27,under_55,GroupA,34000.0,12.4,12.4,563.0,0.1652,1,22200.0,8,suburban,fulltime,0,1,1,574.0
Male,39,under_55,GroupA,21100.0,12.5,23.3,364.0,0.6274,1,17800.0,2,rural,fulltime,0,0,0,391.0
Male,46,under_55,GroupA,27500.0,10.1,28.5,519.0,0.4795,1,9200.0,0,suburban,fulltime,1,0,0,519.0
Male,42,under_55,GroupA,30900.0,16.2,16.6,595.0,0.3398,0,7500.0,2,suburban,fulltime,0,1,1,609.0
Male,42,under_55,GroupA,32400.0,16.8,18.1,660.0,0.2038,0,29600.0,1,suburban,fulltime,0,1,1,648.0
Male,46,under_55,GroupA,55200.0,15.9,17.9,650.0,0.3855,0,16900.0,1,suburban,fulltime,1,1,1,646.0
Male,54,under_55,GroupA,22700.0,19.1,36.3,532.0,0.5398,0,17700.0,0,suburban,fulltime,0,0,0,528.0
Male,45,under_55,GroupB,60500.0,19.9,19.1,750.0,0.2996,0,113600.0,2,urban,fulltime,0,1,1,747.0
Male,34,under_55,GroupA,26400.0,13.8,16.4,670.0,0.2752,0,14400.0,0,rural,parttime,0,1,1,670.0
Male,26,under_55,GroupB,24800.0,15.7,4.3,543.0,0.1636,1,34400.0,1,suburban,fulltime,1,1,1,536.0
Male,28,under_55,GroupA,20300.0,14.3,4.9,589.0,0.0594,0,10300.0,2,urban,fulltime,0,1,1,598.0
Male,50,under_55,GroupA,27900.0,14.0,32.2,591.0,0.3595,1,25200.0,1,suburban,selfemployed,1,0,0,578.0
Male,32,under_55,GroupC,18500.0,11.6,11.7,496.0,0.2317,1,5500.0,2,rural,fulltime,0,0,1,499.0
Female,51,under_55,GroupB,21700.0,11.6,32.0,611.0,0.4133,0,26400.0,17,suburban,selfemployed,0,0,0,534.0
Female,43,under_55,GroupB,31100.0,11.7,23.6,621.0,0.1759,1,18500.0,14,urban,parttime,1,1,1,597.0
Female,65,55_plus,GroupA,26000.0,15.2,43.9,684.0,0.208,0,10900.0,10,suburban,parttime,1,0,1,679.0
Female,18,under_55,GroupC,16500.0,13.8,0.1,414.0,0.1905,2,9600.0,9,urban,fulltime,1,0,0,398.0
Male,43,under_55,GroupA,17900.0,13.1,21.7,556.0,0.1841,0,8800.0,1,suburban,fulltime,0,1,1,549.0
Female,27,under_55,GroupA,27300.0,14.5,7.0,589.0,0.2991,0,12000.0,1,rural,selfemployed,1,1,1,577.0
Female,48,under_55,GroupA,28600.0,13.9,28.4,680.0,0.2345,0,23600.0,2,urban,fulltime,1,1,1,665.0
Male,40,under_55,GroupC,21600.0,14.5,15.3,531.0,0.4471,0,20900.0,2,urban,selfemployed,0,1,1,574.0
Female,40,under_55,GroupB,21000.0,17.2,19.2,308.0,0.5125,2,10100.0,0,urban,selfemployed,0,0,0,386.0
Female,37,under_55,GroupA,47900.0,20.6,9.5,579.0,0.4885,1,15300.0,12,urban,parttime,0,1,1,574.0
Female,68,55_plus,GroupA,22900.0,13.1,45.0,545.0,0.3555,1,25600.0,2,suburban,selfemployed,0,0,0,533.0
Female,66,55_plus,GroupA,26900.0,13.7,43.0,592.0,0.1989,0,20800.0,10,suburban,selfemployed,0,0,0,630.0
Male,51,under_55,GroupA,31500.0,12.1,39.7,602.0,0.274,0,19100.0,1,suburban,selfemployed,0,1,1,605.0
Male,26,under_55,GroupB,25900.0,8.0,21.3,499.0,0.4876,0,14000.0,2,urban,fulltime,0,0,0,531.0
Male,42,under_55,GroupA,28100.0,16.4,13.5,666.0,0.2666,0,17400.0,1,suburban,fulltime,0,1,1,662.0
Male,27,under_55,GroupA,43300.0,14.4,10.1,565.0,0.4529,1,14800.0,4,suburban,selfemployed,0,1,1,556.0
Male,34,under_55,GroupA,57300.0,15.1,10.8,642.0,0.554,0,20100.0,2,suburban,fulltime,0,1,1,643.0
Male,65,55_plus,GroupA,26500.0,14.2,45.0,552.0,0.3861,1,17200.0,1,rural,fulltime,0,1,1,547.0
Male,43,under_55,GroupA,53700.0,16.5,19.9,583.0,0.6614,0,25000.0,3,urban,fulltime,1,1,1,582.0
Male,51,under_55,GroupB,10800.0,11.1,34.9,535.0,0.1356,0,6100.0,2,rural,fulltime,0,0,0,566.0
Male,19,under_55,GroupC,17200.0,13.0,0.0,527.0,0.17,0,16100.0,0,urban,fulltime,0,0,0,549.0
Male,49,under_55,GroupB,16200.0,13.8,28.1,542.0,0.3294,0,7500.0,1,urban,fulltime,0,1,1,544.0
Male,41,under_55,GroupB,28500.0,13.5,20.7,553.0,0.2195,1,35300.0,13,suburban,selfemployed,0,1,1,595.0
Male,35,under_55,GroupB,28300.0,13.4,19.2,498.0,0.5955,0,10700.0,0,urban,selfemployed,1,0,0,493.0
Female,48,under_55,GroupB,18400.0,13.1,28.3,324.0,0.742,1,11500.0,12,suburban,fulltime,0,0,0,348.0
Male,77,55_plus,GroupB,26700.0,18.3,45.0,588.0,0.3114,0,17600.0,0,urban,fulltime,0,1,1,566.0
Female,49,under_55,GroupA,27400.0,17.2,30.1,679.0,0.2823,0,15500.0,10,rural,fulltime,0,1,1,658.0
Male,45,under_55,GroupA,20000.0,18.8,20.0,543.0,0.2908,0,8600.0,2,suburban,fulltime,1,1,1,557.0
Male,49,under_55,GroupA,14100.0,8.0,33.8,304.0,0.3784,3,5800.0,1,rural,fulltime,1,0,0,312.0
Female,39,under_55,GroupA,25100.0,15.4,14.1,541.0,0.2264,1,9900.0,13,suburban,fulltime,0,0,0,522.0
Male,40,under_55,GroupA,50900.0,18.6,16.5,700.0,0.2625,0,17100.0,2,suburban,parttime,0,1,1,712.0
Female,57,55_plus,GroupA,17500.0,15.9,40.8,300.0,0.7517,2,12800.0,9,rural,parttime,0,0,0,300.0
Male,31,under_55,GroupA,35700.0,14.0,8.6,538.0,0.25,1,11400.0,2,suburban,fulltime,0,1,1,541.0
Female,58,55_plus,GroupA,50600.0,18.0,36.4,745.0,0.1483,0,43300.0,16,suburban,fulltime,0,1,1,738.0
Male,31,under_55,GroupA,34900.0,17.9,6.7,679.0,0.1218,0,14000.0,0,rural,fulltime,1,1,1,693.0
Male,29,under_55,GroupA,42100.0,17.2,4.7,536.0,0.4962,0,28400.0,0,suburban,fulltime,0,0,0,547.0
Female,42,under_55,GroupA,80900.0,16.7,22.1,800.0,0.3098,0,52400.0,14,rural,fulltime,1,1,1,790.0
Female,20,under_55,GroupA,34700.0,14.3,1.4,534.0,0.3105,0,10100.0,11,urban,fulltime,0,1,1,556.0
Female,47,under_55,GroupC,17600.0,12.1,26.8,730.0,0.0778,0,12000.0,1,rural,fulltime,1,1,1,646.0
Male,48,under_55,GroupB,30300.0,16.9,28.7,525.0,0.3511,1,10200.0,2,rural,fulltime,0,0,0,570.0
Male,41,under_55,GroupA,29800.0,19.7,12.0,617.0,0.128,1,25800.0,16,suburban,parttime,1,1,1,614.0
Male,26,under_55,GroupA,23800.0,12.7,13.5,585.0,0.3406,0,26400.0,2,suburban,fulltime,0,0,0,562.0
Female,42,under_55,GroupB,30500.0,16.1,19.2,569.0,0.3224,0,18600.0,1,suburban,parttime,1,1,1,636.0
Female,35,under_55,GroupA,42300.0,15.0,9.4,733.0,0.216,0,28000.0,14,suburban,fulltime,0,0,1,711.0
Male,34,under_55,GroupA,15300.0,14.7,16.5,300.0,0.7679,1,6300.0,0,rural,fulltime,1,0,0,320.0
Female,57,55_plus,GroupA,22300.0,14.0,36.1,430.0,0.6216,1,12100.0,2,suburban,parttime,1,0,0,414.0
Male,20,under_55,GroupA,49800.0,15.1,0.0,479.0,0.3333,1,14000.0,0,urban,fulltime,0,1,1,508.0
Male,36,under_55,GroupA,53500.0,13.0,17.0,659.0,0.2729,1,22700.0,0,suburban,parttime,0,0,0,653.0
Male,39,under_55,GroupB,41700.0,10.2,24.3,811.0,0.2375,0,21100.0,1,urban,fulltime,0,1,1,729.0
Male,29,under_55,GroupA,37700.0,14.2,7.2,594.0,0.137,1,10300.0,0,suburban,fulltime,1,1,1,599.0
Male,45,under_55,GroupA,45600.0,17.0,26.0,687.0,0.2412,0,29300.0,3,suburban,selfemployed,0,1,1,683.0
Female,69,55_plus,GroupA,19500.0,11.3,45.0,526.0,0.4795,0,11400.0,3,suburban,fulltime,1,1,1,551.0
Female,51,under_55,GroupC,29200.0,14.1,30.3,766.0,0.3838,0,27600.0,2,urban,parttime,0,1,1,625.0
Female,49,under_55,GroupB,9800.0,10.7,30.9,418.0,0.5794,1,6100.0,1,urban,parttime,0,0,0,358.0
Male,59,55_plus,GroupA,26600.0,16.5,36.0,670.0,0.0761,0,15100.0,2,suburban,fulltime,0,1,1,661.0
Female,23,under_55,GroupA,19700.0,17.1,2.1,429.0,0.2191,1,9900.0,1,urban,fulltime,0,0,0,475.0
Male,44,under_55,GroupB,21100.0,9.1,28.5,681.0,0.1668,0,15100.0,0,urban,fulltime,0,0,0,635.0
Male,18,under_55,GroupA,19000.0,11.1,0.4,464.0,0.2159,1,11300.0,1,suburban,fulltime,1,0,0,467.0
Female,38,under_55,GroupB,25200.0,13.4,20.5,403.0,0.4887,1,20000.0,2,rural,selfemployed,0,0,0,462.0
Male,42,under_55,GroupB,10300.0,8.3,29.2,543.0,0.0442,0,4200.0,3,urban,selfemployed,0,0,0,584.0
Male,60,55_plus,GroupA,85800.0,16.1,40.9,676.0,0.6855,0,97200.0,2,suburban,fulltime,1,1,1,663.0
Male,60,55_plus,GroupA,42000.0,16.6,37.1,628.0,0.1436,1,27600.0,1,urban,fulltime,0,1,1,619.0
Female,63,55_plus,GroupB,20400.0,10.0,45.0,585.0,0.13,0,8300.0,10,suburban,fulltime,0,0,1,595.0
Male,28,under_55,GroupA,34400.0,14.2,12.9,542.0,0.5865,0,30500.0,0,suburban,fulltime,0,1,1,554.0
Male,57,55_plus,GroupA,49400.0,14.9,30.8,624.0,0.3117,0,30800.0,3,suburban,fulltime,0,0,1,657.0
Female,35,under_55,GroupA,17800.0,11.8,17.6,424.0,0.5551,0,7800.0,17,suburban,parttime,0,0,0,455.0
Male,54,under_55,GroupB,25200.0,12.4,33.7,712.0,0.1026,0,11700.0,3,urban,fulltime,1,1,1,685.0
Male,45,under_55,GroupB,47700.0,12.2,23.7,667.0,0.1664,1,26400.0,1,urban,fulltime,0,1,1,677.0
Male,44,under_55,GroupB,22400.0,10.2,24.3,494.0,0.592,0,10500.0,1,suburban,parttime,0,1,1,517.0
Male,78,55_plus,GroupA,20700.0,16.1,45.0,570.0,0.1947,0,18400.0,2,suburban,selfemployed,0,0,0,588.0
Female,32,under_55,GroupB,21000.0,12.9,13.8,551.0,0.5409,1,6200.0,1,rural,fulltime,1,0,0,456.0
Female,29,under_55,GroupA,39200.0,13.3,9.2,618.0,0.3261,0,15300.0,14,urban,selfemployed,1,0,1,637.0
Female,64,55_plus,GroupC,19900.0,9.4,45.0,579.0,0.3552,1,11100.0,3,urban,fulltime,0,0,0,474.0
Male,61,55_plus,GroupC,28500.0,12.5,45.0,507.0,0.3681,1,25400.0,19,urban,fulltime,1,0,1,534.0
Male,18,under_55,GroupB,23800.0,14.9,0.0,591.0,0.1416,0,9300.0,0,rural,fulltime,0,1,1,554.0
Male,26,under_55,GroupA,18500.0,10.3,8.1,572.0,0.2094,0,14600.0,2,suburban,fulltime,1,1,1,574.0
Male,57,55_plus,GroupB,14600.0,10.5,39.6,322.0,0.95,1,10100.0,0,urban,fulltime,0,0,0,300.0
Female,47,under_55,GroupC,26800.0,13.9,25.9,414.0,0.3813,1,13100.0,19,suburban,parttime,0,1,1,511.0
Male,47,under_55,GroupA,51000.0,18.1,19.4,623.0,0.3639,0,21900.0,2,suburban,selfemployed,0,1,1,632.0
Male,56,55_plus,GroupA,36000.0,19.1,35.1,645.0,0.1782,0,23600.0,2,rural,fulltime,1,1,1,635.0
Male,38,under_55,GroupC,22700.0,12.6,22.4,462.0,0.5505,1,13100.0,2,urban,fulltime,0,1,1,469.0
Male,42,under_55,GroupA,28500.0,17.9,14.0,562.0,0.5573,0,16900.0,2,rural,fulltime,0,1,1,538.0
Female,47,under_55,GroupB,31300.0,11.8,26.3,536.0,0.4374,1,16000.0,16,rural,selfemployed,0,0,1,558.0
Female,41,under_55,GroupB,25500.0,15.0,25.3,601.0,0.2154,0,23600.0,12,suburban,fulltime,0,1,1,613.0
Male,45,under_55,GroupC,39700.0,9.6,29.5,436.0,0.5689,1,21900.0,2,rural,fulltime,0,0,0,523.0
Female,43,under_55,GroupB,22700.0,14.4,19.1,590.0,0.3311,1,16100.0,13,rural,fulltime,0,0,0,549.0
Female,30,under_55,GroupA,30600.0,11.1,12.2,491.0,0.6835,0,32500.0,6,suburban,selfemployed,1,1,1,456.0
Male,39,under_55,GroupC,33600.0,9.7,25.1,557.0,0.3399,1,23200.0,3,suburban,fulltime,0,1,1,564.0
Male,36,under_55,GroupB,29400.0,14.5,12.3,448.0,0.3788,3,16700.0,14,suburban,fulltime,1,0,0,408.0
Female,42,under_55,GroupA,18500.0,15.4,23.4,302.0,0.6022,3,19600.0,12,rural,parttime,0,0,0,300.0
Male,28,under_55,GroupA,30400.0,14.8,6.4,645.0,0.216,0,28500.0,1,suburban,fulltime,0,1,1,651.0
Male,56,55_plus,GroupA,22100.0,13.8,36.0,583.0,0.3151,0,14100.0,1,suburban,fulltime,0,0,1,583.0
Female,38,under_55,GroupA,34300.0,16.2,15.1,601.0,0.1761,1,55000.0,13,urban,fulltime,0,1,1,625.0
Female,69,55_plus,GroupC,16000.0,8.0,45.0,522.0,0.3394,2,7600.0,10,urban,parttime,0,0,0,423.0
Female,55,55_plus,GroupA,17300.0,10.5,40.2,520.0,0.3642,0,8200.0,3,suburban,parttime,1,0,0,513.0
Male,24,under_55,GroupB,20800.0,10.9,7.2,509.0,0.1769,1,11400.0,0,suburban,selfemployed,0,0,0,515.0
Male,44,under_55,GroupA,52600.0,10.4,30.9,473.0,0.5264,2,31100.0,3,urban,fulltime,0,1,1,482.0
Female,31,under_55,GroupA,47100.0,17.3,11.7,755.0,0.1558,0,52500.0,2,rural,parttime,0,1,1,714.0
Female,42,under_55,GroupA,25100.0,16.0,19.2,572.0,0.2453,1,24500.0,13,suburban,selfemployed,0,1,1,590.0
Male,34,under_55,GroupB,39100.0,16.3,8.8,696.0,0.1404,0,13800.0,2,rural,fulltime,0,1,1,740.0
Female,41,under_55,GroupA,20600.0,13.4,19.9,514.0,0.3003,1,36200.0,11,suburban,selfemployed,0,0,0,531.0
Male,39,under_55,GroupA,33800.0,15.9,18.3,612.0,0.3683,1,25000.0,2,rural,fulltime,1,1,1,599.0
Male,45,under_55,GroupA,27800.0,13.3,24.1,623.0,0.2233,0,15900.0,0,suburban,fulltime,0,1,1,612.0
Male,26,under_55,GroupC,38000.0,13.3,4.0,635.0,0.347,0,29800.0,3,urban,fulltime,0,0,0,596.0
Female,53,under_55,GroupA,24100.0,12.8,34.6,519.0,0.585,1,6800.0,12,rural,parttime,0,0,0,448.0
Male,55,55_plus,GroupA,53300.0,13.3,31.0,725.0,0.1832,0,35600.0,3,suburban,fulltime,0,1,1,744.0
Male,29,under_55,GroupA,39000.0,9.3,10.1,581.0,0.1686,1,21800.0,3,urban,fulltime,0,1,1,592.0
Male,62,55_plus,GroupA,22500.0,10.8,42.9,601.0,0.268,0,14900.0,2,suburban,selfemployed,1,0,0,601.0
Female,18,under_55,GroupB,17500.0,12.3,0.0,494.0,0.358,0,7400.0,11,suburban,fulltime,0,0,0,456.0
Male,38,under_55,GroupA,49100.0,16.9,12.7,658.0,0.2309,0,37200.0,1,suburban,fulltime,0,1,1,654.0
Male,41,under_55,GroupA,26700.0,16.5,21.0,511.0,0.3402,1,12900.0,3,urban,fulltime,0,0,0,493.0
Male,41,under_55,GroupA,21600.0,11.1,24.7,451.0,0.3957,2,17800.0,1,rural,fulltime,1,0,0,465.0
Female,54,under_55,GroupB,24100.0,10.7,33.2,601.0,0.1797,2,16700.0,0,urban,fulltime,1,0,0,567.0
Male,54,under_55,GroupA,27000.0,16.1,32.1,562.0,0.4971,0,12800.0,2,urban,parttime,1,1,1,548.0
Male,32,under_55,GroupB,60900.0,21.9,9.0,654.0,0.5001,0,43100.0,10,urban,fulltime,0,0,1,654.0
Male,35,under_55,GroupA,75900.0,18.0,14.2,700.0,0.1608,0,179600.0,0,suburban,fulltime,0,1,1,738.0
Male,25,under_55,GroupA,21100.0,13.9,6.3,526.0,0.4927,0,23800.0,0,suburban,fulltime,0,0,0,501.0
Male,25,under_55,GroupA,32300.0,15.1,3.9,535.0,0.3058,0,26600.0,0,rural,fulltime,1,1,1,556.0
Female,61,55_plus,GroupA,25300.0,16.8,42.9,566.0,0.4504,0,12900.0,10,suburban,parttime,0,0,0,548.0
Male,37,under_55,GroupA,34700.0,13.3,23.2,443.0,0.5882,2,21500.0,1,rural,fulltime,1,0,0,446.0
Female,39,under_55,GroupA,12700.0,10.9,19.1,492.0,0.3384,0,12000.0,2,suburban,selfemployed,0,0,0,529.0
Male,24,under_55,GroupB,40300.0,14.4,4.4,639.0,0.0928,1,18500.0,0,urban,fulltime,0,1,1,613.0
Female,47,under_55,GroupA,42000.0,14.4,21.9,593.0,0.2705,1,10000.0,3,rural,fulltime,0,1,1,598.0
Female,37,under_55,GroupB,23600.0,14.2,13.5,616.0,0.2501,1,11900.0,18,urban,fulltime,0,0,0,558.0
Male,52,under_55,GroupB,26200.0,13.1,35.5,482.0,0.2347,1,24400.0,12,urban,fulltime,0,0,1,548.0
Female,54,under_55,GroupB,30000.0,16.1,32.3,661.0,0.133,0,16700.0,12,urban,parttime,0,1,1,633.0
Male,59,55_plus,GroupB,21900.0,17.1,33.3,366.0,0.8161,0,9100.0,1,urban,fulltime,0,0,0,402.0
Female,75,55_plus,GroupA,19000.0,11.8,45.0,441.0,0.5012,2,10400.0,0,rural,parttime,0,0,0,416.0
Female,64,55_plus,GroupC,22400.0,14.9,41.6,455.0,0.4251,1,7900.0,9,urban,fulltime,1,0,0,486.0
Male,35,under_55,GroupC,12600.0,13.3,14.1,381.0,0.4512,1,4400.0,1,suburban,fulltime,1,0,0,388.0
Female,46,under_55,GroupA,23400.0,15.7,20.3,549.0,0.4309,0,13600.0,11,rural,fulltime,1,1,1,556.0
Female,25,under_55,GroupA,24700.0,17.1,0.0,523.0,0.4239,0,15100.0,10,suburban,fulltime,1,0,0,470.0
Male,46,under_55,GroupA,28000.0,15.4,25.6,525.0,0.2765,2,22300.0,2,rural,fulltime,0,0,0,515.0
Female,59,55_plus,GroupA,30000.0,16.9,36.7,457.0,0.5895,2,30700.0,18,urban,parttime,0,0,0,439.0
Female,35,under_55,GroupA,18500.0,12.8,16.6,594.0,0.1492,0,12300.0,3,suburban,fulltime,0,0,1,614.0
Male,53,under_55,GroupA,21400.0,14.7,33.8,517.0,0.5093,0,3700.0,1,suburban,selfemployed,0,1,1,519.0
Female,43,under_55,GroupB,34500.0,13.0,24.9,554.0,0.2214,0,21000.0,9,urban,parttime,0,1,1,642.0
Male,50,under_55,GroupA,60200.0,14.0,29.1,591.0,0.6799,0,52200.0,2,rural,fulltime,0,0,0,581.0
Male,30,under_55,GroupB,44300.0,13.4,7.7,611.0,0.391,0,17900.0,1,urban,fulltime,1,0,0,624.0
Male,31,under_55,GroupB,47200.0,17.4,4.8,559.0,0.4339,0,30200.0,2,urban,parttime,0,1,1,590.0
Female,20,under_55,GroupA,34000.0,18.3,0.0,509.0,0.2308,1,7600.0,0,suburban,fulltime,1,1,1,512.0
Male,40,under_55,GroupA,32700.0,17.8,10.8,626.0,0.3822,0,11300.0,4,urban,fulltime,0,1,1,642.0
Female,38,under_55,GroupA,21800.0,10.1,23.4,597.0,0.1876,1,8100.0,14,urban,parttime,0,0,0,588.0
Male,44,under_55,GroupA,52700.0,16.5,23.2,635.0,0.506,0,42600.0,1,suburban,parttime,0,0,0,636.0
Male,77,55_plus,GroupA,22900.0,12.4,45.0,508.0,0.3142,1,7700.0,1,rural,fulltime,1,1,1,495.0
Female,42,under_55,GroupA,25600.0,11.4,26.2,578.0,0.4514,0,13100.0,12,suburban,fulltime,1,1,1,567.0
Male,31,under_55,GroupA,56500.0,19.7,5.1,652.0,0.3459,0,36000.0,2,suburban,selfemployed,1,1,1,640.0
Male,26,under_55,GroupB,36300.0,14.5,7.7,546.0,0.1417,1,28700.0,1,urban,fulltime,0,1,1,585.0
Female,40,under_55,GroupA,15200.0,14.6,20.6,510.0,0.6232,0,7800.0,13,rural,parttime,0,0,0,500.0
Male,29,under_55,GroupA,37300.0,13.3,8.7,595.0,0.4008,0,13000.0,2,suburban,parttime,0,1,1,589.0
Male,25,under_55,GroupA,25400.0,14.0,5.7,532.0,0.4045,0,12800.0,1,suburban,fulltime,0,1,1,514.0
Female,41,under_55,GroupA,26200.0,13.5,22.3,531.0,0.3421,2,18100.0,17,urban,fulltime,0,0,0,445.0
Male,25,under_55,GroupB,18500.0,8.0,8.3,476.0,0.3111,1,19800.0,2,suburban,fulltime,0,1,1,494.0
Male,34,under_55,GroupA,49200.0,15.1,12.4,599.0,0.4022,0,27300.0,1,rural,fulltime,0,1,1,599.0
Male,60,55_plus,GroupC,28600.0,14.5,41.7,538.0,0.3035,1,10200.0,0,urban,fulltime,0,0,1,562.0
Female,57,55_plus,GroupB,22900.0,9.6,45.0,607.0,0.3165,0,16200.0,11,suburban,fulltime,1,0,1,547.0
Male,37,under_55,GroupB,44100.0,17.6,11.2,630.0,0.2899,0,11700.0,2,suburban,fulltime,0,1,1,682.0
Male,49,under_55,GroupC,42700.0,16.7,30.5,590.0,0.3157,1,51300.0,1,rural,fulltime,0,1,1,620.0
Female,40,under_55,GroupA,19100.0,13.5,13.9,449.0,0.5519,1,12000.0,13,rural,fulltime,0,0,0,436.0
Female,53,under_55,GroupA,56500.0,18.0,23.2,634.0,0.5245,0,35500.0,15,rural,fulltime,0,0,0,592.0
Male,38,under_55,GroupB,16300.0,12.1,17.4,379.0,0.3295,2,9300.0,2,suburban,parttime,0,0,0,380.0
Male,25,under_55,GroupB,23200.0,13.5,5.4,451.0,0.5126,1,13800.0,9,suburban,fulltime,0,0,0,426.0
Male,24,under_55,GroupA,29200.0,11.1,7.9,456.0,0.5094,1,13100.0,2,rural,fulltime,0,0,0,457.0
Male,53,under_55,GroupB,31100.0,14.1,29.0,502.0,0.3166,2,22700.0,17,urban,fulltime,0,1,1,507.0
Male,76,55_plus,GroupA,53800.0,16.6,45.0,630.0,0.1264,1,40000.0,2,suburban,fulltime,0,1,1,629.0
Male,37,under_55,GroupA,40300.0,12.8,10.8,673.0,0.1078,1,22300.0,1,urban,fulltime,0,1,1,677.0
Male,50,under_55,GroupC,38400.0,12.2,28.6,498.0,0.5803,1,20200.0,3,suburban,fulltime,0,0,0,548.0
Female,31,under_55,GroupC,24800.0,10.7,19.8,674.0,0.1894,1,17700.0,9,urban,parttime,0,0,0,602.0
Male,52,under_55,GroupA,49100.0,9.6,37.6,643.0,0.2371,0,32300.0,0,urban,fulltime,0,1,1,651.0
Male,33,under_55,GroupA,25000.0,16.4,10.2,606.0,0.3386,0,13200.0,0,urban,fulltime,0,0,0,622.0
Female,18,under_55,GroupA,20100.0,16.4,0.0,447.0,0.2409,0,14500.0,2,suburban,selfemployed,0,0,0,458.0
Male,27,under_55,GroupC,43500.0,14.9,11.9,702.0,0.2325,0,17200.0,12,suburban,fulltime,0,1,1,678.0
Male,33,under_55,GroupA,23300.0,15.6,7.3,507.0,0.3531,1,20700.0,3,urban,selfemployed,0,1,1,507.0
Female,29,under_55,GroupB,27500.0,16.0,9.8,520.0,0.3752,0,34800.0,11,suburban,parttime,0,1,1,571.0
Male,18,under_55,GroupA,31000.0,15.2,0.0,419.0,0.3421,2,9400.0,3,urban,fulltime,0,0,0,419.0
Female,44,under_55,GroupC,24600.0,14.9,25.8,490.0,0.1882,1,31500.0,2,rural,parttime,1,0,0,532.0
Female,61,55_plus,GroupB,27800.0,10.8,45.0,435.0,0.5968,1,17400.0,18,urban,fulltime,0,0,0,445.0
Female,37,under_55,GroupA,26700.0,14.0,16.4,508.0,0.4113,1,19900.0,9,rural,parttime,0,0,0,493.0
Female,46,under_55,GroupC,33500.0,15.2,28.1,526.0,0.6847,0,7700.0,3,suburban,selfemployed,0,0,0,499.0
Female,60,55_plus,GroupC,20600.0,10.5,41.5,451.0,0.3689,0,10200.0,8,urban,fulltime,1,0,0,547.0
Male,54,under_55,GroupC,47000.0,15.6,28.5,649.0,0.3651,0,16400.0,1,rural,selfemployed,0,1,1,668.0
Male,42,under_55,GroupC,31000.0,14.8,22.4,394.0,0.5631,2,12500.0,4,urban,fulltime,0,0,0,427.0
Female,55,55_plus,GroupC,20300.0,11.6,38.4,601.0,0.3399,0,15900.0,16,urban,selfemployed,1,0,0,575.0
Female,45,under_55,GroupC,24200.0,11.9,25.3,444.0,0.6299,1,5700.0,3,urban,fulltime,0,0,0,404.0
Male,40,under_55,GroupA,26100.0,12.9,26.7,543.0,0.2102,2,15700.0,4,urban,selfemployed,0,0,0,535.0
Male,45,under_55,GroupA,17500.0,16.6,24.1,590.0,0.2338,0,22800.0,10,urban,parttime,0,1,1,576.0
Female,34,under_55,GroupB,18300.0,11.4,21.0,300.0,0.3852,4,6800.0,12,urban,fulltime,1,0,0,331.0
Male,56,55_plus,GroupA,29100.0,13.0,39.1,515.0,0.4435,1,26300.0,13,rural,selfemployed,0,0,0,541.0
Male,40,under_55,GroupA,34800.0,10.1,18.6,663.0,0.1332,0,6500.0,0,urban,fulltime,0,1,1,677.0
Male,52,under_55,GroupA,54900.0,15.8,27.4,566.0,0.4683,1,53200.0,0,urban,fulltime,0,0,0,580.0
Male,70,55_plus,GroupC,46600.0,15.1,45.0,650.0,0.3287,0,39900.0,5,urban,fulltime,0,0,1,665.0
Male,43,under_55,GroupA,42500.0,14.3,20.4,585.0,0.4884,1,19700.0,1,suburban,fulltime,0,0,0,587.0
Female,32,under_55,GroupB,19900.0,12.2,8.9,351.0,0.5141,3,9700.0,14,urban,fulltime,0,0,0,314.0
Female,39,under_55,GroupA,26500.0,15.8,17.1,525.0,0.3816,0,21500.0,1,rural,fulltime,0,0,0,538.0
Male,64,55_plus,GroupA,47600.0,18.2,40.4,640.0,0.2979,0,35600.0,3,urban,selfemployed,1,1,1,642.0
Female,52,under_55,GroupA,18800.0,12.2,32.3,702.0,0.185,0,16400.0,12,urban,selfemployed,0,1,1,645.0
Male,46,under_55,GroupA,41300.0,15.5,24.8,362.0,0.7625,2,22900.0,0,suburban,fulltime,0,0,0,350.0
Male,43,under_55,GroupA,58200.0,17.4,12.9,681.0,0.3089,0,27700.0,1,suburban,fulltime,0,1,1,671.0
Male,52,under_55,GroupA,37400.0,15.5,35.2,599.0,0.3772,0,25000.0,3,suburban,selfemployed,1,1,1,580.0
Male,49,under_55,GroupA,47900.0,16.3,24.2,614.0,0.4148,0,33700.0,3,suburban,fulltime,0,1,1,619.0
Female,33,under_55,GroupA,22600.0,17.9,12.0,516.0,0.511,0,16100.0,16,suburban,fulltime,0,0,0,544.0
Female,19,under_55,GroupA,14200.0,13.1,2.3,300.0,0.2884,4,6100.0,12,rural,parttime,0,0,0,300.0
Male,18,under_55,GroupA,30900.0,16.6,0.0,495.0,0.3875,0,25100.0,1,suburban,fulltime,0,0,0,503.0
Male,47,under_55,GroupA,28800.0,17.7,24.2,521.0,0.5263,0,14700.0,1,suburban,fulltime,1,1,1,536.0
Female,57,55_plus,GroupB,19200.0,14.0,33.5,673.0,0.2613,1,9700.0,13,suburban,fulltime,1,0,1,547.0
Male,51,under_55,GroupA,89800.0,15.2,35.1,728.0,0.2221,0,59400.0,11,suburban,fulltime,1,0,0,746.0
Female,56,55_plus,GroupB,9400.0,14.6,33.4,374.0,0.2271,2,11000.0,4,rural,parttime,1,0,0,356.0
Male,39,under_55,GroupC,36900.0,8.0,24.7,635.0,0.2561,0,45000.0,3,suburban,selfemployed,0,0,0,683.0
Male,55,55_plus,GroupA,25600.0,11.2,40.2,352.0,0.8262,2,19100.0,0,suburban,fulltime,0,0,0,369.0
Male,34,under_55,GroupA,51600.0,13.1,19.4,615.0,0.452,0,24200.0,1,suburban,fulltime,0,0,0,614.0
Male,27,under_55,GroupB,30200.0,9.7,6.6,617.0,0.3152,0,11800.0,1,urban,fulltime,1,1,1,587.0
Female,43,under_55,GroupB,21300.0,12.3,27.0,493.0,0.3914,1,4700.0,14,urban,fulltime,1,1,1,476.0
Female,41,under_55,GroupB,33400.0,12.8,29.3,478.0,0.4721,1,15100.0,17,urban,fulltime,0,0,0,511.0
Female,59,55_plus,GroupC,30200.0,14.7,39.8,691.0,0.2319,0,11200.0,1,suburban,fulltime,0,1,1,686.0
Male,37,under_55,GroupA,39800.0,10.5,18.5,483.0,0.3674,2,55900.0,2,suburban,fulltime,0,0,0,498.0
Female,39,under_55,GroupA,24000.0,12.1,20.1,484.0,0.2963,1,13700.0,1,suburban,selfemployed,0,0,0,539.0
Male,57,55_plus,GroupC,21400.0,14.2,35.7,445.0,0.3755,1,22100.0,17,urban,fulltime,0,0,0,456.0
Female,50,under_55,GroupA,28600.0,15.6,25.3,719.0,0.0494,0,7600.0,2,suburban,fulltime,0,1,1,694.0
Female,38,under_55,GroupA,54000.0,16.3,11.8,617.0,0.3948,0,22000.0,13,rural,selfemployed,0,1,1,654.0
Female,56,55_plus,GroupA,27200.0,17.1,36.8,643.0,0.0278,0,7800.0,3,suburban,parttime,0,0,0,660.0
Male,36,under_55,GroupA,43500.0,11.4,18.1,667.0,0.2741,0,12000.0,1,suburban,fulltime,0,1,1,662.0
Male,33,under_55,GroupC,26100.0,14.4,10.8,393.0,0.5359,2,17400.0,0,urban,fulltime,0,0,0,428.0
Male,42,under_55,GroupA,25200.0,14.3,23.4,594.0,0.1409,1,12100.0,3,suburban,fulltime,0,1,1,606.0
Female,23,under_55,GroupA,23500.0,10.7,7.5,586.0,0.112,0,16000.0,18,rural,parttime,1,1,1,619.0
Male,25,under_55,GroupC,21500.0,11.1,7.6,397.0,0.7676,1,18100.0,2,suburban,selfemployed,0,0,0,398.0
Female,40,under_55,GroupA,22400.0,13.0,21.1,457.0,0.2985,2,10500.0,8,urban,parttime,0,0,0,398.0
Female,34,under_55,GroupA,25300.0,12.0,14.8,559.0,0.2691,1,27500.0,12,suburban,fulltime,0,1,1,566.0
Male,36,under_55,GroupA,24700.0,11.2,16.2,578.0,0.2232,1,7800.0,0,urban,fulltime,1,0,0,570.0
Male,41,under_55,GroupB,39700.0,16.7,17.2,533.0,0.3396,1,19400.0,0,urban,fulltime,0,1,1,572.0
Male,54,under_55,GroupA,41800.0,11.5,41.4,656.0,0.3072,0,41200.0,2,rural,fulltime,0,1,1,656.0
Female,37,under_55,GroupA,20000.0,15.7,12.9,546.0,0.3136,0,21500.0,17,suburban,parttime,0,0,0,605.0
Female,43,under_55,GroupC,27800.0,15.0,19.7,462.0,0.325,2,15200.0,0,urban,fulltime,1,0,0,438.0
Male,47,under_55,GroupC,9600.0,9.3,32.7,469.0,0.1202,1,5900.0,6,rural,fulltime,0,0,0,469.0
Female,59,55_plus,GroupA,27300.0,14.1,41.0,664.0,0.2616,0,9800.0,1,urban,fulltime,0,1,1,603.0
Male,58,55_plus,GroupA,17200.0,14.6,35.0,395.0,0.5721,2,14700.0,2,suburban,parttime,0,0,0,400.0
Female,18,under_55,GroupA,20700.0,14.7,0.0,616.0,0.0608,1,14300.0,11,suburban,selfemployed,0,0,0,526.0
Male,36,under_55,GroupC,27900.0,14.7,13.6,402.0,0.5221,1,13800.0,1,urban,fulltime,0,0,0,467.0
Male,47,under_55,GroupA,42100.0,15.5,26.3,613.0,0.2028,1,42300.0,11,urban,fulltime,0,1,1,628.0
Male,40,under_55,GroupB,11000.0,10.7,27.0,368.0,0.6969,5,6800.0,1,urban,parttime,1,0,0,300.0
Female,70,55_plus,GroupA,33700.0,11.9,45.0,511.0,0.585,1,17500.0,16,urban,fulltime,0,0,0,485.0
Male,34,under_55,GroupA,23900.0,14.1,22.9,519.0,0.5503,0,26700.0,4,suburban,parttime,0,0,0,514.0
Female,69,55_plus,GroupA,13700.0,16.6,45.0,462.0,0.2781,2,17200.0,11,suburban,selfemployed,0,0,0,420.0
Male,56,55_plus,GroupA,21300.0,15.9,32.6,480.0,0.5379,1,11300.0,2,urban,fulltime,0,1,1,471.0
Male,45,under_55,GroupB,13700.0,13.8,24.5,483.0,0.3604,1,6300.0,11,urban,fulltime,0,1,1,468.0
Female,35,under_55,GroupA,76700.0,15.5,17.3,670.0,0.4145,0,51000.0,15,suburban,parttime,0,1,1,658.0
Female,39,under_55,GroupA,23100.0,12.2,20.6,442.0,0.3815,2,22400.0,17,suburban,parttime,0,0,0,435.0
Male,39,under_55,GroupA,33900.0,15.9,15.4,682.0,0.142,0,10600.0,12,suburban,selfemployed,1,1,1,690.0
Male,18,under_55,GroupA,37800.0,15.4,0.0,452.0,0.5323,0,9200.0,2,urban,fulltime,0,0,0,455.0
Female,53,under_55,GroupA,51800.0,15.9,33.5,672.0,0.2737,0,24700.0,1,urban,selfemployed,1,0,0,714.0
Male,71,55_plus,GroupA,30400.0,14.4,45.0,570.0,0.4338,0,20400.0,2,suburban,fulltime,0,0,0,560.0
Female,55,55_plus,GroupA,18900.0,16.3,33.9,635.0,0.2323,0,8400.0,2,rural,parttime,0,0,1,627.0
Female,28,under_55,GroupA,23700.0,14.6,7.5,485.0,0.6499,0,13700.0,3,suburban,selfemployed,0,0,0,471.0
Male,33,under_55,GroupA,32300.0,16.5,8.8,497.0,0.6587,1,42900.0,1,suburban,fulltime,0,1,1,497.0
Male,55,55_plus,GroupB,37700.0,13.5,38.7,584.0,0.6374,0,26000.0,2,urban,fulltime,1,0,0,527.0
Female,53,under_55,GroupA,26100.0,14.0,36.0,496.0,0.6886,0,8600.0,11,suburban,fulltime,0,0,0,499.0
Female,54,under_55,GroupA,37000.0,16.8,28.5,475.0,0.3361,2,28300.0,4,suburban,fulltime,0,0,0,484.0
Female,69,55_plus,GroupA,17200.0,10.3,45.0,504.0,0.1567,1,7800.0,15,urban,parttime,0,0,0,517.0
Female,33,under_55,GroupA,20900.0,17.4,10.5,405.0,0.5276,2,24000.0,2,suburban,parttime,0,0,0,419.0
Male,51,under_55,GroupA,24100.0,10.4,31.3,625.0,0.2807,0,17600.0,2,suburban,fulltime,0,1,1,603.0
Female,38,under_55,GroupB,25500.0,13.6,22.0,439.0,0.95,0,13700.0,1,urban,parttime,1,0,0,384.0
Male,56,55_plus,GroupC,21500.0,9.5,42.9,462.0,0.5334,1,23200.0,0,suburban,fulltime,1,0,0,455.0
Male,27,under_55,GroupA,24600.0,17.1,8.8,369.0,0.4235,3,12300.0,10,suburban,fulltime,0,0,0,350.0
Female,40,under_55,GroupA,39800.0,14.1,15.0,667.0,0.3018,0,21200.0,2,suburban,parttime,0,1,1,586.0
Female,45,under_55,GroupA,35000.0,17.3,20.6,595.0,0.2109,0,25700.0,11,urban,fulltime,0,1,1,637.0
Male,47,under_55,GroupB,37400.0,13.3,26.8,796.0,0.1089,0,9900.0,2,urban,fulltime,0,1,1,718.0
Female,48,under_55,GroupC,37200.0,15.3,26.9,540.0,0.3839,1,22200.0,11,urban,fulltime,0,1,1,539.0
Male,48,under_55,GroupB,26100.0,12.7,26.3,588.0,0.3025,1,11800.0,1,urban,selfemployed,0,1,1,551.0
Male,18,under_55,GroupA,22200.0,13.7,0.0,335.0,0.9284,0,4400.0,1,suburban,fulltime,0,0,0,328.0
Female,32,under_55,GroupA,30600.0,14.5,13.7,384.0,0.7586,1,17200.0,4,suburban,fulltime,0,0,0,403.0
Female,48,under_55,GroupA,26700.0,15.9,25.9,518.0,0.5887,0,10300.0,11,rural,parttime,0,0,0,515.0
Female,43,under_55,GroupA,36700.0,13.3,18.6,620.0,0.224,0,16300.0,1,suburban,fulltime,1,1,1,631.0
Male,37,under_55,GroupA,14800.0,11.6,15.6,476.0,0.2916,1,9700.0,2,urban,fulltime,0,0,0,480.0
Female,41,under_55,GroupA,41000.0,13.4,21.1,617.0,0.2388,2,23700.0,3,urban,fulltime,0,1,1,547.0
Male,18,under_55,GroupB,55000.0,13.1,1.1,587.0,0.1987,1,26000.0,10,urban,selfemployed,0,1,1,567.0
Female,48,under_55,GroupA,24100.0,14.0,23.2,687.0,0.1427,0,15800.0,3,urban,selfemployed,0,1,1,657.0
Male,63,55_plus,GroupA,49900.0,17.5,37.6,546.0,0.6041,0,35600.0,1,rural,parttime,0,1,1,552.0
Male,30,under_55,GroupA,26600.0,12.0,11.1,687.0,0.1056,0,18500.0,6,suburban,selfemployed,0,1,1,677.0
Male,35,under_55,GroupA,26500.0,15.1,16.3,574.0,0.3098,1,10700.0,1,urban,fulltime,0,0,0,566.0
Male,39,under_55,GroupB,43500.0,16.7,12.2,681.0,0.2171,0,15500.0,0,urban,fulltime,0,1,1,673.0
Male,49,under_55,GroupB,44200.0,13.3,28.2,718.0,0.1941,0,14000.0,2,urban,fulltime,0,1,1,715.0
Female,39,under_55,GroupB,24500.0,11.6,25.5,386.0,0.6857,1,19200.0,16,urban,selfemployed,0,0,0,398.0
Male,48,under_55,GroupB,14600.0,11.1,29.6,509.0,0.3083,0,11800.0,3,suburban,fulltime,0,0,0,565.0
Male,59,55_plus,GroupA,30400.0,12.0,40.5,602.0,0.2936,1,32700.0,2,suburban,fulltime,0,0,0,585.0
Male,38,under_55,GroupB,45000.0,13.6,12.6,660.0,0.5,0,39500.0,3,rural,fulltime,1,1,1,634.0
Male,55,55_plus,GroupC,29400.0,10.1,38.5,488.0,0.2943,3,28800.0,3,urban,fulltime,1,0,0,438.0
Male,68,55_plus,GroupA,46000.0,16.6,43.4,602.0,0.4484,0,26900.0,1,suburban,fulltime,0,0,0,600.0
Female,34,under_55,GroupC,28400.0,11.6,13.4,648.0,0.1906,0,25300.0,7,urban,fulltime,0,1,1,632.0
Female,68,55_plus,GroupA,51500.0,16.9,43.6,716.0,0.3607,0,14500.0,9,urban,fulltime,0,1,1,703.0
Male,45,under_55,GroupC,36900.0,11.8,29.4,641.0,0.2702,0,10700.0,3,urban,fulltime,0,1,1,657.0
Male,42,under_55,GroupC,29100.0,16.5,20.5,462.0,0.5827,0,16600.0,1,rural,fulltime,0,0,0,495.0
Female,50,under_55,GroupA,30400.0,15.1,32.1,636.0,0.1817,1,17600.0,13,suburban,fulltime,1,1,1,588.0
Male,40,under_55,GroupA,45100.0,14.0,23.1,674.0,0.2483,0,39700.0,3,suburban,selfemployed,1,1,1,672.0
Male,40,under_55,GroupA,28800.0,15.7,15.9,522.0,0.6089,0,12100.0,3,urban,selfemployed,0,1,1,519.0
Female,18,under_55,GroupC,28800.0,15.2,0.0,417.0,0.4485,2,11600.0,11,suburban,fulltime,0,0,0,373.0
Male,18,under_55,GroupA,28800.0,15.0,0.0,555.0,0.337,1,14400.0,2,rural,fulltime,1,0,0,536.0
Male,37,under_55,GroupA,32000.0,13.8,18.1,518.0,0.6726,0,6800.0,4,suburban,fulltime,0,1,1,525.0
Female,46,under_55,GroupA,20500.0,13.6,25.8,595.0,0.2072,1,32800.0,10,rural,fulltime,0,1,1,596.0
Female,71,55_plus,GroupA,9100.0,13.1,45.0,445.0,0.2616,1,3800.0,11,suburban,parttime,0,0,0,425.0
Male,29,under_55,GroupA,14200.0,11.4,14.8,405.0,0.7078,0,15000.0,3,suburban,fulltime,0,0,0,400.0
Male,24,under_55,GroupA,60000.0,11.3,8.7,669.0,0.3266,0,23200.0,1,suburban,fulltime,1,1,1,671.0
Male,26,under_55,GroupC,25600.0,11.0,10.5,627.0,0.2533,0,13500.0,3,rural,fulltime,0,0,1,630.0
Male,31,under_55,GroupB,21500.0,13.5,13.7,394.0,0.4094,3,6200.0,1,rural,fulltime,1,0,0,367.0
Male,49,under_55,GroupC,49200.0,11.8,30.0,716.0,0.1958,0,43000.0,13,urban,fulltime,0,1,1,726.0
Male,57,55_plus,GroupA,32100.0,14.9,38.0,560.0,0.5243,0,17700.0,0,rural,selfemployed,0,0,0,559.0
Male,40,under_55,GroupA,45300.0,11.2,23.7,732.0,0.143,0,15100.0,2,suburban,fulltime,0,1,1,736.0
Male,62,55_plus,GroupA,59300.0,17.7,41.9,738.0,0.2378,0,30100.0,1,suburban,selfemployed,1,1,1,725.0
Male,28,under_55,GroupB,18200.0,15.6,8.8,522.0,0.2478,1,23400.0,2,suburban,selfemployed,0,0,0,537.0
Female,18,under_55,GroupB,19200.0,15.4,0.0,446.0,0.2319,1,11100.0,12,rural,selfemployed,0,0,0,451.0
Female,60,55_plus,GroupA,36600.0,12.4,42.5,565.0,0.5833,0,19900.0,13,suburban,fulltime,1,0,0,544.0
Male,46,under_55,GroupC,26300.0,13.6,30.6,610.0,0.3484,0,27900.0,3,suburban,fulltime,1,1,1,613.0
Male,49,under_55,GroupB,31400.0,16.7,26.4,639.0,0.3812,0,24100.0,3,urban,selfemployed,0,0,0,605.0
Male,64,55_plus,GroupA,37400.0,13.2,45.0,570.0,0.4438,0,26200.0,1,suburban,fulltime,1,1,1,586.0
Female,47,under_55,GroupA,17700.0,14.8,25.8,424.0,0.2671,2,4500.0,10,urban,fulltime,0,0,0,434.0
Female,36,under_55,GroupA,48900.0,14.2,15.7,666.0,0.4153,0,48500.0,9,suburban,fulltime,1,0,0,659.0
Male,55,55_plus,GroupA,13900.0,11.6,36.7,383.0,0.6081,1,9200.0,0,urban,fulltime,0,0,0,370.0
Female,50,under_55,GroupA,23700.0,12.7,33.0,564.0,0.2884,0,12600.0,2,suburban,fulltime,1,1,1,578.0
Male,50,under_55,GroupA,60500.0,14.9,30.4,617.0,0.5037,0,20500.0,1,urban,fulltime,0,0,0,603.0
Male,18,under_55,GroupC,31600.0,18.1,0.0,352.0,0.8555,0,8000.0,0,rural,fulltime,1,0,0,305.0
Male,59,55_plus,GroupA,27900.0,15.0,35.3,613.0,0.3085,0,19800.0,0,suburban,fulltime,0,0,0,605.0
Male,27,under_55,GroupA,37700.0,12.3,7.2,609.0,0.2004,1,21400.0,1,suburban,selfemployed,1,1,1,584.0
Male,57,55_plus,GroupA,20100.0,10.1,44.4,523.0,0.5908,0,16500.0,4,suburban,fulltime,0,0,0,490.0
Male,18,under_55,GroupA,33000.0,14.2,0.0,557.0,0.2043,0,19100.0,0,urban,fulltime,0,1,1,562.0
Female,34,under_55,GroupA,26400.0,13.4,16.9,582.0,0.3079,0,11700.0,20,rural,fulltime,1,1,1,586.0
Female,40,under_55,GroupA,17700.0,15.1,20.2,438.0,0.5128,1,11000.0,11,urban,parttime,1,0,0,447.0
Male,32,under_55,GroupA,39500.0,11.1,19.9,421.0,0.6435,2,17800.0,3,urban,fulltime,0,0,0,421.0
Male,41,under_55,GroupB,35700.0,17.5,21.6,601.0,0.2451,0,24800.0,4,urban,fulltime,0,0,1,604.0
Male,42,under_55,GroupC,32300.0,16.4,19.5,672.0,0.1193,0,24400.0,0,rural,fulltime,0,1,1,674.0
Male,46,under_55,GroupC,25900.0,14.7,25.3,453.0,0.5811,0,22200.0,1,urban,fulltime,0,0,0,471.0
Male,36,under_55,GroupC,7100.0,14.5,13.9,313.0,0.6533,3,2800.0,1,rural,selfemployed,0,0,0,300.0
Male,50,under_55,GroupA,37700.0,10.8,31.5,712.0,0.02,0,15600.0,0,urban,fulltime,0,1,1,726.0
Female,43,under_55,GroupB,19300.0,10.4,30.1,501.0,0.2424,1,9400.0,2,urban,selfemployed,1,0,1,545.0
Female,63,55_plus,GroupA,25700.0,14.0,40.2,557.0,0.4484,0,16500.0,9,suburban,parttime,0,0,0,549.0
Male,46,under_55,GroupA,64600.0,15.9,20.2,805.0,0.0312,0,17400.0,14,urban,fulltime,0,1,1,809.0
Male,38,under_55,GroupC,36100.0,18.9,13.1,696.0,0.2506,0,17900.0,4,rural,fulltime,0,1,1,649.0
Male,36,under_55,GroupA,49100.0,15.9,13.9,653.0,0.3491,1,25800.0,0,suburban,fulltime,0,1,1,650.0
Male,64,55_plus,GroupC,25900.0,14.9,45.0,680.0,0.169,0,5900.0,1,urban,fulltime,0,0,1,647.0
Female,56,55_plus,GroupB,31200.0,10.8,36.3,597.0,0.7365,0,23300.0,12,suburban,parttime,1,1,1,521.0
Female,57,55_plus,GroupB,27900.0,8.2,41.8,630.0,0.2856,1,24800.0,13,rural,fulltime,0,0,0,566.0
Female,41,under_55,GroupA,20600.0,14.7,16.6,580.0,0.0678,0,10000.0,10,rural,parttime,0,0,1,639.0
Male,46,under_55,GroupB,27100.0,14.5,25.6,577.0,0.4569,0,14300.0,3,urban,fulltime,0,0,0,544.0
Male,33,under_55,GroupA,29800.0,15.9,8.9,409.0,0.6675,1,18000.0,5,rural,parttime,0,0,0,440.0
Male,26,under_55,GroupB,75200.0,14.4,4.1,638.0,0.4175,0,30200.0,1,suburban,fulltime,1,0,0,651.0
Female,45,under_55,GroupA,19000.0,14.3,20.8,560.0,0.143,1,7300.0,12,rural,fulltime,0,1,1,532.0
Female,38,under_55,GroupA,20200.0,14.8,17.8,572.0,0.2878,0,18400.0,10,suburban,fulltime,0,0,0,567.0
Female,18,under_55,GroupC,25300.0,14.3,0.0,406.0,0.497,1,15100.0,8,rural,parttime,0,0,0,370.0
Male,36,under_55,GroupA,36200.0,12.8,16.2,678.0,0.2978,0,14700.0,2,suburban,fulltime,0,1,1,658.0
Female,39,under_55,GroupA,42400.0,12.3,20.5,597.0,0.429,0,17000.0,15,suburban,selfemployed,1,0,1,584.0
Female,51,under_55,GroupA,35100.0,17.9,29.9,749.0,0.0725,0,17200.0,9,urban,selfemployed,1,0,1,746.0
Male,47,under_55,GroupA,29900.0,12.7,28.7,712.0,0.0612,0,14400.0,1,urban,selfemployed,0,1,1,695.0
Female,48,under_55,GroupB,32800.0,16.4,23.4,567.0,0.1883,1,9900.0,9,urban,selfemployed,1,1,1,615.0
Female,45,under_55,GroupB,34000.0,18.8,24.2,610.0,0.1992,0,13900.0,14,urban,fulltime,0,1,1,681.0
Male,52,under_55,GroupC,40500.0,14.3,30.3,661.0,0.1217,0,39100.0,0,urban,fulltime,0,0,1,701.0
Male,66,55_plus,GroupA,45100.0,12.7,44.7,547.0,0.6168,1,23500.0,9,suburban,fulltime,0,0,0,533.0
Male,45,under_55,GroupA,44300.0,12.9,19.6,481.0,0.6227,2,19200.0,1,suburban,fulltime,0,0,0,473.0
Male,33,under_55,GroupC,48900.0,14.8,13.2,655.0,0.3683,0,23800.0,2,suburban,selfemployed,0,0,1,638.0
Female,51,under_55,GroupA,36500.0,14.3,30.5,666.0,0.1308,1,27100.0,13,rural,fulltime,1,0,1,630.0
Male,51,under_55,GroupA,45000.0,11.3,32.0,506.0,0.5912,1,19800.0,3,suburban,fulltime,0,0,0,511.0
Male,41,under_55,GroupB,23000.0,16.5,24.4,369.0,0.4678,3,14500.0,3,urban,fulltime,0,0,0,366.0
Male,45,under_55,GroupC,71200.0,14.9,23.6,733.0,0.3946,0,27400.0,1,rural,fulltime,0,0,1,707.0
Male,42,under_55,GroupA,27500.0,16.9,22.5,620.0,0.2731,0,20800.0,0,suburban,fulltime,0,1,1,607.0
Female,42,under_55,GroupB,20900.0,11.6,17.0,415.0,0.6527,1,10200.0,13,urban,selfemployed,1,0,1,411.0
Male,55,55_plus,GroupB,16200.0,10.0,33.4,418.0,0.5339,0,18400.0,2,urban,fulltime,0,0,0,483.0
Male,30,under_55,GroupC,36700.0,11.7,13.4,695.0,0.1861,0,25400.0,3,rural,fulltime,1,0,1,653.0
Male,43,under_55,GroupB,19700.0,11.7,24.7,590.0,0.1228,0,16600.0,0,rural,fulltime,0,0,0,603.0
Male,18,under_55,GroupB,67200.0,16.1,0.0,579.0,0.3507,0,22700.0,2,urban,fulltime,0,0,0,618.0
Male,19,under_55,GroupA,28800.0,15.2,0.0,570.0,0.0979,0,11800.0,2,suburban,fulltime,0,1,1,608.0
Male,30,under_55,GroupB,34300.0,12.9,11.6,487.0,0.7243,0,12500.0,4,urban,fulltime,0,0,0,503.0
Male,19,under_55,GroupA,43000.0,16.8,0.0,560.0,0.3519,0,25100.0,0,suburban,fulltime,0,1,1,552.0
Female,52,under_55,GroupA,20500.0,15.9,30.5,438.0,0.733,0,7000.0,16,rural,selfemployed,0,1,1,441.0
Male,23,under_55,GroupA,24800.0,13.8,4.8,377.0,0.5832,1,23600.0,4,rural,fulltime,0,0,0,379.0
Male,44,under_55,GroupB,18900.0,16.7,21.4,563.0,0.3577,1,4200.0,13,urban,fulltime,1,1,1,502.0
Male,48,under_55,GroupB,31000.0,17.2,27.2,702.0,0.1514,0,24700.0,2,suburban,fulltime,0,1,1,681.0
Female,72,55_plus,GroupB,24600.0,14.0,45.0,479.0,0.4522,0,8700.0,3,urban,fulltime,0,0,0,514.0
Male,56,55_plus,GroupA,50200.0,16.9,30.9,692.0,0.122,0,15100.0,2,suburban,fulltime,0,1,1,703.0
Female,58,55_plus,GroupA,32200.0,13.8,37.6,559.0,0.3757,1,9800.0,17,suburban,selfemployed,0,0,1,564.0
Male,44,under_55,GroupA,37800.0,14.4,22.4,639.0,0.2564,0,35600.0,2,suburban,fulltime,0,1,1,642.0
Male,36,under_55,GroupB,66000.0,16.2,11.7,554.0,0.3356,0,32800.0,1,rural,fulltime,0,1,1,672.0
Female,55,55_plus,GroupA,22900.0,14.1,36.6,685.0,0.2644,0,12100.0,1,rural,selfemployed,0,0,1,636.0
Male,47,under_55,GroupA,39400.0,14.4,28.2,713.0,0.098,0,12900.0,1,suburban,fulltime,0,1,1,706.0
Male,39,under_55,GroupA,61200.0,16.9,14.1,661.0,0.3886,0,38500.0,3,suburban,fulltime,0,1,1,664.0
Female,42,under_55,GroupA,42600.0,16.5,21.8,561.0,0.3315,1,42700.0,0,suburban,fulltime,0,1,1,605.0
Male,60,55_plus,GroupB,38500.0,18.3,33.3,736.0,0.2443,0,24900.0,0,suburban,fulltime,1,0,0,693.0
Female,30,under_55,GroupB,24900.0,9.7,12.8,508.0,0.3585,0,16000.0,18,urban,fulltime,0,1,1,576.0
Male,49,under_55,GroupB,22600.0,14.7,26.7,528.0,0.2487,1,12800.0,0,urban,fulltime,0,1,1,529.0
Male,21,under_55,GroupB,26500.0,14.4,2.7,527.0,0.3945,0,22300.0,1,suburban,fulltime,0,0,0,463.0
Female,34,under_55,GroupB,15900.0,14.8,12.8,718.0,0.2429,0,11600.0,5,urban,selfemployed,0,1,1,578.0
Male,18,under_55,GroupC,40100.0,12.0,4.2,523.0,0.3236,1,25100.0,0,urban,selfemployed,0,0,0,533.0
Male,45,under_55,GroupA,26500.0,13.3,31.2,516.0,0.6438,0,13000.0,2,suburban,fulltime,0,0,0,507.0
Female,18,under_55,GroupC,30300.0,14.2,0.0,615.0,0.3197,0,12000.0,18,suburban,fulltime,0,0,1,597.0
Male,33,under_55,GroupA,31000.0,18.5,9.5,518.0,0.5138,0,14000.0,1,suburban,fulltime,0,1,1,509.0
Female,33,under_55,GroupB,24300.0,14.3,12.5,440.0,0.7287,1,12500.0,3,suburban,selfemployed,0,0,0,427.0
Female,27,under_55,GroupB,27200.0,16.7,5.3,398.0,0.688,0,19600.0,2,rural,fulltime,0,1,1,382.0
Female,42,under_55,GroupC,26200.0,8.8,27.8,484.0,0.4332,1,25700.0,12,suburban,fulltime,1,0,1,520.0
Male,27,under_55,GroupA,27000.0,11.7,12.3,530.0,0.7357,0,29000.0,2,urban,fulltime,0,0,0,516.0
Female,46,under_55,GroupB,23200.0,13.9,30.5,502.0,0.5441,0,10000.0,1,urban,parttime,0,0,0,492.0
Male,33,under_55,GroupA,21100.0,12.6,18.0,484.0,0.6069,0,7600.0,1,suburban,fulltime,1,0,0,492.0
Female,37,under_55,GroupB,21800.0,20.1,13.5,467.0,0.2956,2,14100.0,16,urban,fulltime,0,0,0,491.0
Female,46,under_55,GroupB,22400.0,14.5,25.7,304.0,0.4632,2,14000.0,2,rural,parttime,1,0,0,391.0
Female,22,under_55,GroupA,40600.0,15.5,0.0,524.0,0.197,0,38300.0,3,suburban,fulltime,1,0,0,547.0
Female,34,under_55,GroupA,34500.0,11.7,14.9,636.0,0.2942,0,20400.0,14,suburban,fulltime,0,1,1,617.0
Male,63,55_plus,GroupA,18400.0,15.7,40.1,501.0,0.3072,1,4900.0,9,suburban,fulltime,0,0,0,493.0
Female,28,under_55,GroupA,29600.0,14.9,9.7,642.0,0.2618,0,18800.0,7,suburban,fulltime,0,1,1,621.0
Male,44,under_55,GroupB,29500.0,14.7,13.9,627.0,0.0832,1,12100.0,1,urban,selfemployed,1,1,1,618.0
Female,55,55_plus,GroupA,16200.0,14.4,34.0,561.0,0.2026,0,4600.0,10,rural,fulltime,0,0,0,571.0
Female,29,under_55,GroupA,16600.0,14.3,8.7,452.0,0.3294,0,7100.0,13,rural,fulltime,0,0,0,513.0
Male,18,under_55,GroupA,17800.0,17.6,0.0,455.0,0.2338,0,12900.0,2,rural,fulltime,0,0,0,458.0
Female,35,under_55,GroupC,23100.0,11.6,17.6,559.0,0.1891,0,18600.0,14,urban,parttime,0,0,1,604.0
Male,34,under_55,GroupB,33300.0,12.2,14.9,712.0,0.1561,0,18300.0,2,urban,fulltime,1,1,1,666.0
Female,44,under_55,GroupC,17000.0,11.6,28.0,541.0,0.2855,1,13800.0,4,urban,fulltime,0,0,0,508.0
Female,39,under_55,GroupB,22600.0,14.6,13.4,437.0,0.2971,1,9700.0,3,urban,selfemployed,0,0,0,512.0
Male,45,under_55,GroupA,17400.0,10.5,38.0,621.0,0.3157,0,8800.0,6,suburban,selfemployed,0,0,0,605.0
Male,43,under_55,GroupC,30200.0,12.8,27.4,573.0,0.2636,0,8000.0,2,urban,fulltime,0,1,1,613.0
Male,43,under_55,GroupA,17600.0,13.0,18.8,640.0,0.1232,0,8800.0,1,suburban,fulltime,0,1,1,649.0
Male,40,under_55,GroupA,19600.0,13.2,23.5,370.0,0.6447,1,7600.0,1,suburban,selfemployed,0,0,0,402.0
Female,48,under_55,GroupA,23000.0,16.0,26.3,480.0,0.4529,2,9300.0,9,suburban,fulltime,0,0,0,422.0
Female,53,under_55,GroupB,20500.0,16.2,28.7,644.0,0.3244,0,2300.0,8,urban,fulltime,0,1,1,609.0
Female,44,under_55,GroupC,50400.0,10.6,25.3,556.0,0.5806,0,31300.0,3,suburban,fulltime,0,1,1,595.0
Male,42,under_55,GroupA,34400.0,17.4,19.6,696.0,0.0999,0,13900.0,1,suburban,selfemployed,0,1,1,690.0
Male,60,55_plus,GroupB,34200.0,16.7,33.2,612.0,0.1465,1,13100.0,1,suburban,fulltime,0,1,1,646.0
Female,18,under_55,GroupA,19600.0,14.3,0.0,454.0,0.3295,0,10200.0,16,suburban,fulltime,0,1,1,474.0
Male,49,under_55,GroupA,23900.0,14.7,30.1,523.0,0.3185,1,6400.0,0,rural,fulltime,0,0,0,524.0
Female,37,under_55,GroupC,29800.0,18.5,14.2,628.0,0.2683,0,10700.0,14,urban,fulltime,0,1,1,641.0
Female,73,55_plus,GroupA,36200.0,15.7,45.0,688.0,0.0313,0,17500.0,8,urban,fulltime,0,1,1,683.0
Male,43,under_55,GroupA,46700.0,14.4,20.0,497.0,0.7277,0,51100.0,0,suburban,fulltime,0,0,0,499.0
Male,46,under_55,GroupA,57000.0,18.8,21.4,624.0,0.702,0,39500.0,3,suburban,parttime,1,1,1,610.0
Female,38,under_55,GroupB,35800.0,14.3,16.2,597.0,0.1911,1,36100.0,16,urban,fulltime,0,1,1,659.0
Male,58,55_plus,GroupB,19400.0,13.8,40.8,585.0,0.188,0,10600.0,1,suburban,selfemployed,0,0,0,642.0
Male,22,under_55,GroupA,36200.0,14.1,0.0,477.0,0.4883,0,13300.0,3,suburban,fulltime,0,0,0,483.0
Male,52,under_55,GroupA,45300.0,14.9,35.0,595.0,0.5287,0,27400.0,10,suburban,selfemployed,0,1,1,597.0
Male,26,under_55,GroupA,16300.0,11.8,7.6,417.0,0.2371,2,16700.0,3,suburban,parttime,1,0,0,419.0
Female,42,under_55,GroupB,22000.0,14.6,17.3,574.0,0.3579,1,12200.0,14,urban,parttime,0,0,0,490.0
Male,49,under_55,GroupB,29200.0,11.1,30.4,471.0,0.5762,1,16100.0,1,rural,fulltime,0,0,0,495.0
Male,18,under_55,GroupB,23200.0,12.9,0.0,539.0,0.1481,0,13400.0,3,suburban,selfemployed,0,0,0,544.0
Female,58,55_plus,GroupB,24800.0,11.2,38.8,536.0,0.3476,1,22100.0,15,suburban,fulltime,0,0,1,546.0
Female,37,under_55,GroupA,27500.0,14.2,17.5,649.0,0.2565,0,26300.0,10,suburban,fulltime,0,0,0,616.0
Female,69,55_plus,GroupA,27100.0,8.9,45.0,753.0,0.02,0,29900.0,8,rural,fulltime,1,1,1,706.0
Female,26,under_55,GroupB,27900.0,15.9,3.9,658.0,0.0574,0,13000.0,11,suburban,fulltime,0,0,1,656.0
Female,37,under_55,GroupA,22800.0,16.0,10.2,425.0,0.5469,2,11400.0,11,suburban,parttime,0,1,1,433.0
Male,40,under_55,GroupA,28500.0,13.1,22.9,506.0,0.2366,2,14700.0,1,suburban,fulltime,0,0,0,507.0
Female,31,under_55,GroupA,10800.0,14.4,11.6,324.0,0.7446,3,12400.0,8,suburban,parttime,0,0,0,300.0
Male,18,under_55,GroupA,18200.0,17.8,0.0,407.0,0.2234,1,8100.0,0,suburban,parttime,1,1,1,404.0
Male,20,under_55,GroupC,18600.0,13.5,0.0,466.0,0.2421,0,10600.0,0,rural,parttime,1,1,1,488.0
Female,37,under_55,GroupA,21000.0,12.9,14.0,518.0,0.3247,1,6500.0,12,suburban,parttime,0,0,1,534.0
Female,36,under_55,GroupA,29200.0,15.0,16.7,580.0,0.508,0,13600.0,16,rural,fulltime,1,0,0,568.0
Female,57,55_plus,GroupB,29700.0,15.8,34.5,682.0,0.3765,0,14200.0,4,suburban,fulltime,1,1,1,616.0
Male,18,under_55,GroupA,20200.0,12.5,0.0,469.0,0.3391,0,4900.0,0,suburban,fulltime,0,0,0,460.0
Male,20,under_55,GroupB,24600.0,14.6,0.0,474.0,0.4076,0,14000.0,1,suburban,fulltime,0,0,0,479.0
Female,26,under_55,GroupB,63800.0,18.6,3.6,636.0,0.4038,0,30100.0,15,urban,fulltime,1,1,1,641.0
Female,50,under_55,GroupA,25700.0,13.5,25.7,654.0,0.1763,0,26800.0,17,suburban,selfemployed,0,1,1,652.0
Male,40,under_55,GroupA,31500.0,13.7,18.2,592.0,0.2246,1,16400.0,2,suburban,fulltime,1,0,0,604.0
Female,30,under_55,GroupA,27900.0,17.4,1.0,619.0,0.059,0,4900.0,19,urban,fulltime,1,1,1,592.0
Female,51,under_55,GroupA,30300.0,14.8,33.9,391.0,0.9014,0,11200.0,7,urban,fulltime,0,0,0,413.0
Female,39,under_55,GroupA,20300.0,14.5,22.4,563.0,0.3172,0,12100.0,1,rural,parttime,1,1,1,581.0
Male,56,55_plus,GroupA,28600.0,13.6,33.5,657.0,0.2519,0,32900.0,18,rural,fulltime,0,0,0,636.0
Female,32,under_55,GroupA,30000.0,12.2,16.4,708.0,0.1408,0,18600.0,1,rural,parttime,0,1,1,655.0
Male,55,55_plus,GroupA,20500.0,10.9,35.3,593.0,0.2899,0,11800.0,3,urban,fulltime,0,0,0,568.0
Female,39,under_55,GroupB,28400.0,16.5,18.2,606.0,0.2217,0,14200.0,13,urban,fulltime,0,1,1,649.0
Female,24,under_55,GroupA,31100.0,17.2,3.4,509.0,0.1837,1,39500.0,2,suburban,fulltime,1,0,0,519.0
Male,42,under_55,GroupA,34300.0,12.6,26.9,607.0,0.3565,0,13400.0,0,suburban,selfemployed,0,1,1,636.0
Female,66,55_plus,GroupA,13500.0,10.7,45.0,350.0,0.4388,2,4700.0,1,urban,parttime,0,0,0,401.0
Female,56,55_plus,GroupC,17500.0,9.0,42.3,384.0,0.4626,2,11300.0,12,rural,fulltime,0,0,0,386.0
Female,36,under_55,GroupA,21300.0,13.9,14.4,328.0,0.6661,2,14000.0,15,urban,fulltime,1,0,0,343.0
Male,58,55_plus,GroupC,27900.0,11.8,39.7,581.0,0.2455,0,14600.0,3,urban,fulltime,0,1,1,627.0
Female,39,under_55,GroupA,16100.0,14.3,16.6,445.0,0.4881,2,14200.0,10,suburban,fulltime,1,0,0,378.0
Male,57,55_plus,GroupA,36700.0,16.5,37.4,722.0,0.1285,0,22500.0,3,rural,fulltime,0,0,1,718.0
Male,69,55_plus,GroupB,32500.0,11.9,45.0,678.0,0.1015,0,25300.0,2,suburban,fulltime,0,1,1,688.0
Female,68,55_plus,GroupA,21500.0,15.4,44.2,472.0,0.3813,1,14000.0,1,suburban,selfemployed,0,0,0,461.0
Female,34,under_55,GroupB,16300.0,12.7,17.2,379.0,0.1436,1,17000.0,14,suburban,fulltime,0,0,0,484.0
Male,35,under_55,GroupA,27900.0,13.5,15.9,558.0,0.3113,1,22400.0,1,rural,parttime,0,0,0,585.0
Female,43,under_55,GroupC,27300.0,15.6,23.4,630.0,0.3368,0,11000.0,13,suburban,fulltime,0,1,1,614.0
Male,46,under_55,GroupB,15000.0,14.2,30.3,468.0,0.1658,2,6300.0,15,urban,parttime,0,0,0,461.0
Male,39,under_55,GroupB,22000.0,11.8,18.3,513.0,0.5813,0,16500.0,0,urban,fulltime,0,1,1,541.0
Male,43,under_55,GroupC,51300.0,14.5,29.0,538.0,0.7399,0,30300.0,1,urban,fulltime,1,1,1,533.0
Female,37,under_55,GroupA,29200.0,14.8,16.2,441.0,0.7038,1,18400.0,1,suburban,fulltime,0,0,0,444.0
Male,38,under_55,GroupA,40100.0,20.9,12.1,501.0,0.5948,0,30900.0,1,urban,selfemployed,0,1,1,524.0
Male,63,55_plus,GroupA,26800.0,19.0,37.0,571.0,0.3457,1,13800.0,1,suburban,fulltime,0,0,0,570.0
Female,26,under_55,GroupA,27300.0,14.0,0.0,511.0,0.2212,0,13100.0,8,urban,selfemployed,0,0,0,519.0
Male,46,under_55,GroupC,16500.0,10.6,29.6,540.0,0.2261,0,6800.0,0,urban,parttime,0,0,1,598.0
Male,56,55_plus,GroupC,48800.0,14.7,35.4,635.0,0.2033,0,26600.0,0,urban,selfemployed,0,1,1,685.0
Female,34,under_55,GroupA,10700.0,10.9,15.0,378.0,0.6767,1,8300.0,7,suburban,parttime,0,0,0,344.0
Female,28,under_55,GroupA,18400.0,17.5,7.6,598.0,0.2661,0,5400.0,10,suburban,parttime,0,1,1,576.0
Male,38,under_55,GroupA,20800.0,11.2,22.5,526.0,0.3352,1,8700.0,18,suburban,fulltime,1,0,0,531.0
Male,57,55_plus,GroupB,20100.0,11.3,36.5,368.0,0.5504,2,14500.0,0,urban,selfemployed,0,0,0,400.0
Male,41,under_55,GroupC,32500.0,17.3,15.8,646.0,0.4681,0,17800.0,2,rural,parttime,0,1,1,595.0
Female,56,55_plus,GroupC,23200.0,10.2,43.1,595.0,0.3589,0,11700.0,17,suburban,selfemployed,1,0,1,634.0
Male,38,under_55,GroupA,47800.0,17.0,10.3,632.0,0.2492,0,14500.0,3,suburban,fulltime,0,1,1,627.0
Male,45,under_55,GroupB,36100.0,10.7,30.5,431.0,0.7175,1,22700.0,2,urban,fulltime,0,0,0,428.0
Male,74,55_plus,GroupA,16300.0,13.6,45.0,521.0,0.2757,0,15600.0,6,rural,fulltime,0,1,1,512.0
Female,61,55_plus,GroupA,31400.0,13.8,41.0,531.0,0.4373,0,13500.0,13,suburban,fulltime,0,1,1,560.0
Female,54,under_55,GroupC,26900.0,14.4,37.4,646.0,0.2025,1,7700.0,10,urban,fulltime,0,1,1,579.0
Female,50,under_55,GroupA,38200.0,17.7,29.7,612.0,0.4309,0,24600.0,2,urban,parttime,0,1,1,614.0
Male,55,55_plus,GroupC,13000.0,12.3,39.7,490.0,0.3086,2,2600.0,1,urban,fulltime,0,0,0,412.0
Male,33,under_55,GroupA,32700.0,13.2,16.3,664.0,0.2777,0,13700.0,1,rural,fulltime,0,1,1,648.0
Female,46,under_55,GroupA,22700.0,14.2,23.8,482.0,0.4881,1,12400.0,13,suburban,fulltime,1,0,0,461.0
Female,46,under_55,GroupB,26100.0,15.3,21.8,562.0,0.1692,1,11700.0,9,urban,fulltime,0,0,0,576.0
Male,44,under_55,GroupB,42600.0,11.1,24.5,583.0,0.2276,1,22200.0,1,urban,fulltime,1,1,1,614.0
Female,39,under_55,GroupB,14000.0,11.7,21.8,468.0,0.2719,1,8000.0,2,urban,fulltime,0,0,0,492.0
Male,33,under_55,GroupA,33800.0,11.0,19.4,571.0,0.3324,0,20000.0,2,urban,fulltime,0,1,1,574.0
Male,56,55_plus,GroupB,23500.0,14.1,40.1,493.0,0.688,0,16000.0,4,rural,fulltime,0,0,0,499.0
Male,43,under_55,GroupA,89900.0,22.0,13.4,624.0,0.581,0,44500.0,0,suburban,fulltime,1,1,1,629.0
Male,41,under_55,GroupA,32100.0,12.7,21.7,678.0,0.044,0,27900.0,2,urban,fulltime,0,1,1,696.0
Male,50,under_55,GroupC,22600.0,10.9,30.9,537.0,0.5147,0,10300.0,3,suburban,fulltime,0,0,0,541.0
Female,38,under_55,GroupA,22900.0,9.5,20.0,532.0,0.3474,0,14400.0,19,suburban,fulltime,0,0,0,556.0
Male,37,under_55,GroupA,42300.0,14.5,16.7,596.0,0.5639,0,39300.0,2,suburban,fulltime,0,1,1,611.0
Male,21,under_55,GroupA,41900.0,11.8,0.8,560.0,0.3992,0,32800.0,1,urban,fulltime,0,0,0,536.0
Male,24,under_55,GroupA,25800.0,17.0,5.0,603.0,0.0911,0,32100.0,0,urban,fulltime,0,1,1,614.0
Female,50,under_55,GroupA,25800.0,12.4,35.8,556.0,0.5112,0,20100.0,18,urban,parttime,0,0,0,524.0
Female,53,under_55,GroupB,42400.0,14.1,31.3,707.0,0.1863,0,33100.0,14,urban,fulltime,1,1,1,705.0
Male,70,55_plus,GroupB,25700.0,14.3,45.0,611.0,0.2702,0,24300.0,3,urban,selfemployed,0,1,1,646.0
Female,23,under_55,GroupA,24400.0,12.1,7.2,619.0,0.2016,0,8500.0,3,suburban,parttime,0,0,0,619.0
Male,36,under_55,GroupB,20400.0,12.8,15.5,460.0,0.4557,1,13300.0,3,urban,selfemployed,0,0,0,467.0
Female,29,under_55,GroupB,23200.0,13.5,13.3,596.0,0.2904,0,19300.0,16,rural,fulltime,0,1,1,581.0
Female,45,under_55,GroupA,22400.0,16.0,20.9,758.0,0.0847,0,24700.0,12,suburban,fulltime,0,1,1,734.0
Male,47,under_55,GroupB,41000.0,14.1,22.4,563.0,0.5291,1,39200.0,1,suburban,fulltime,0,0,0,536.0
Female,21,under_55,GroupA,19000.0,16.2,0.3,328.0,0.2719,3,11900.0,3,rural,fulltime,1,0,0,300.0
Male,65,55_plus,GroupA,37600.0,16.8,43.2,598.0,0.5597,0,9600.0,1,suburban,fulltime,1,1,1,605.0
Male,42,under_55,GroupB,33700.0,13.2,22.7,472.0,0.6545,1,18900.0,2,urban,fulltime,1,0,0,444.0
Male,32,under_55,GroupA,18400.0,12.6,14.2,513.0,0.4259,0,4900.0,1,suburban,parttime,0,1,1,521.0
Female,33,under_55,GroupB,18500.0,13.1,14.2,483.0,0.4669,0,15300.0,1,urban,fulltime,1,1,1,524.0
Male,33,under_55,GroupA,26600.0,13.9,9.1,611.0,0.2376,0,18400.0,0,suburban,fulltime,0,1,1,628.0
Male,60,55_plus,GroupC,39000.0,18.1,39.1,514.0,0.526,0,25900.0,3,urban,fulltime,0,1,1,541.0
Female,45,under_55,GroupA,17500.0,14.5,27.2,319.0,0.7525,2,23700.0,12,suburban,fulltime,0,0,0,300.0
Male,50,under_55,GroupA,26500.0,12.2,34.7,526.0,0.3065,1,17400.0,1,suburban,fulltime,0,0,0,531.0
Male,23,under_55,GroupC,28700.0,19.5,0.0,527.0,0.2633,1,13400.0,13,urban,selfemployed,0,1,1,518.0
Male,78,55_plus,GroupA,27800.0,15.2,45.0,493.0,0.2709,2,30100.0,3,suburban,fulltime,0,0,0,482.0
Male,41,under_55,GroupA,27700.0,16.0,15.7,676.0,0.1593,0,17700.0,3,suburban,fulltime,0,1,1,655.0
Male,34,under_55,GroupB,23300.0,14.6,15.1,517.0,0.4213,0,16700.0,7,urban,parttime,0,0,0,499.0
Male,25,under_55,GroupB,14500.0,16.9,2.9,460.0,0.225,0,7900.0,1,urban,fulltime,0,0,0,487.0
Male,54,under_55,GroupC,19800.0,16.5,32.0,523.0,0.2077,1,8700.0,0,urban,fulltime,0,0,0,549.0
Male,33,under_55,GroupA,19900.0,13.9,11.1,405.0,0.5456,1,9500.0,1,suburban,parttime,0,0,0,408.0
Male,46,under_55,GroupA,35200.0,11.4,28.5,557.0,0.4266,0,15800.0,4,urban,fulltime,1,1,1,565.0
Male,35,under_55,GroupA,48100.0,15.1,16.5,681.0,0.2445,0,53300.0,0,urban,selfemployed,1,1,1,685.0
Female,36,under_55,GroupA,30500.0,13.7,15.5,610.0,0.2617,0,15200.0,1,suburban,fulltime,0,0,1,629.0
Male,38,under_55,GroupA,13000.0,14.8,21.2,383.0,0.4933,1,3200.0,1,suburban,parttime,0,0,0,399.0
Female,43,under_55,GroupB,19500.0,17.2,22.2,470.0,0.6629,0,13500.0,15,suburban,fulltime,0,0,0,409.0
Female,51,under_55,GroupB,27100.0,11.9,29.6,554.0,0.5442,0,18300.0,10,urban,fulltime,0,0,1,569.0
Male,26,under_55,GroupA,61800.0,10.7,9.6,721.0,0.2436,0,27600.0,0,suburban,fulltime,0,1,1,711.0
Female,43,under_55,GroupC,22100.0,13.2,23.2,641.0,0.1958,0,15100.0,15,urban,fulltime,0,1,1,583.0
Male,18,under_55,GroupA,16600.0,13.4,0.0,489.0,0.2616,0,19600.0,2,rural,fulltime,0,0,0,488.0
Female,24,under_55,GroupA,23800.0,16.6,3.6,342.0,0.4023,3,5700.0,19,urban,fulltime,1,0,0,380.0
Female,24,under_55,GroupC,18000.0,15.5,0.9,432.0,0.2926,0,5000.0,6,rural,fulltime,0,1,1,469.0
Male,54,under_55,GroupB,27400.0,19.2,33.0,686.0,0.1666,0,23600.0,4,suburban,parttime,0,1,1,651.0
Female,38,under_55,GroupC,22100.0,13.0,17.8,343.0,0.6389,2,25200.0,0,rural,fulltime,0,0,0,354.0
Male,47,under_55,GroupB,39300.0,12.9,27.5,645.0,0.225,1,16100.0,2,urban,fulltime,0,1,1,604.0
Female,31,under_55,GroupC,25600.0,15.1,11.6,554.0,0.4395,1,23900.0,8,rural,parttime,0,1,1,467.0
Male,44,under_55,GroupA,62300.0,12.8,22.4,709.0,0.2662,0,60000.0,5,urban,fulltime,0,1,1,693.0
Female,64,55_plus,GroupA,30400.0,16.1,39.9,564.0,0.4996,1,36000.0,12,urban,fulltime,1,0,0,550.0
Male,51,under_55,GroupB,25000.0,12.3,33.2,607.0,0.3332,0,10700.0,2,urban,fulltime,0,1,1,602.0
Female,62,55_plus,GroupA,30500.0,12.5,40.7,637.0,0.2153,0,20700.0,11,suburban,fulltime,0,1,1,615.0
Male,62,55_plus,GroupC,58400.0,16.1,38.6,668.0,0.1237,0,19400.0,6,urban,selfemployed,1,1,1,733.0
Male,48,under_55,GroupA,42000.0,13.5,30.0,551.0,0.4688,0,16100.0,0,suburban,fulltime,1,1,1,566.0
Female,55,55_plus,GroupB,38900.0,15.8,30.7,451.0,0.4072,0,23300.0,8,suburban,fulltime,0,1,1,587.0
Female,43,under_55,GroupC,36000.0,18.9,14.0,544.0,0.542,1,19000.0,1,rural,parttime,0,0,0,543.0
Female,24,under_55,GroupA,31700.0,13.2,7.8,655.0,0.1719,0,19600.0,7,suburban,parttime,0,1,1,654.0
Male,52,under_55,GroupA,32100.0,12.3,34.8,663.0,0.1543,0,40700.0,6,rural,fulltime,0,0,0,670.0
Female,64,55_plus,GroupA,25600.0,15.2,44.7,386.0,0.3435,3,22800.0,10,suburban,selfemployed,0,0,0,351.0
Male,69,55_plus,GroupA,13300.0,16.2,42.2,451.0,0.3864,1,6000.0,4,urban,fulltime,1,0,0,448.0
Female,53,under_55,GroupB,29800.0,11.7,33.2,637.0,0.2531,0,44500.0,0,urban,fulltime,0,1,1,630.0
Female,41,under_55,GroupA,20500.0,11.8,20.0,598.0,0.3591,0,8300.0,15,suburban,parttime,0,0,1,577.0
Female,61,55_plus,GroupB,26100.0,16.6,36.2,486.0,0.3759,0,18500.0,0,rural,parttime,0,1,1,580.0
Male,55,55_plus,GroupC,27100.0,9.8,42.0,572.0,0.4575,0,20200.0,1,suburban,fulltime,1,0,0,563.0
Male,24,under_55,GroupA,51000.0,11.2,7.2,556.0,0.6677,0,23300.0,2,suburban,fulltime,0,1,1,559.0
Male,18,under_55,GroupA,29700.0,16.4,0.0,630.0,0.1109,0,12600.0,1,urban,fulltime,0,1,1,615.0
Male,63,55_plus,GroupA,9000.0,14.2,45.0,447.0,0.1383,2,7400.0,0,rural,parttime,0,0,0,428.0
Female,45,under_55,GroupB,20400.0,8.0,33.9,686.0,0.1506,0,14700.0,0,urban,fulltime,0,1,1,644.0
Male,47,under_55,GroupB,29000.0,13.2,24.2,635.0,0.2315,0,21500.0,1,rural,fulltime,0,1,1,651.0
Female,49,under_55,GroupA,43800.0,17.6,26.9,562.0,0.5852,0,15900.0,14,urban,parttime,0,1,1,605.0
Male,54,under_55,GroupA,21200.0,11.8,35.7,585.0,0.2341,0,10000.0,2,suburban,fulltime,0,0,0,583.0
Male,30,under_55,GroupA,32800.0,15.5,7.0,597.0,0.2577,0,18400.0,1,suburban,fulltime,0,0,0,601.0
Male,60,55_plus,GroupA,31500.0,18.0,39.2,677.0,0.2256,0,20300.0,0,rural,fulltime,0,1,1,681.0
Female,37,under_55,GroupA,33000.0,13.8,13.7,710.0,0.2634,0,34300.0,3,suburban,fulltime,0,0,0,667.0
Male,36,under_55,GroupA,63600.0,16.5,12.8,600.0,0.5222,0,22200.0,0,suburban,fulltime,0,1,1,615.0
Male,54,under_55,GroupC,36500.0,14.6,38.2,626.0,0.2591,0,15400.0,3,urban,fulltime,0,1,1,639.0
Male,38,under_55,GroupA,14300.0,15.6,19.3,443.0,0.3898,0,11000.0,1,urban,fulltime,0,0,0,453.0
Female,60,55_plus,GroupB,20200.0,11.9,37.2,406.0,0.3913,3,10700.0,17,suburban,selfemployed,0,0,0,396.0
Female,48,under_55,GroupA,32400.0,15.5,24.6,624.0,0.2126,1,23200.0,9,suburban,fulltime,0,1,1,607.0
Female,18,under_55,GroupA,16300.0,15.3,0.0,331.0,0.5807,1,4700.0,19,urban,parttime,0,0,0,300.0
Female,61,55_plus,GroupB,19500.0,14.4,39.3,526.0,0.0873,0,13800.0,3,suburban,fulltime,0,1,1,644.0
Female,60,55_plus,GroupA,20800.0,16.4,29.8,535.0,0.4424,0,13400.0,8,suburban,parttime,0,1,1,517.0
Male,39,under_55,GroupA,23100.0,13.3,17.9,609.0,0.0944,0,7900.0,1,suburban,fulltime,0,1,1,601.0
Male,44,under_55,GroupC,39000.0,16.3,21.1,516.0,0.5376,0,32300.0,2,suburban,fulltime,0,0,0,493.0
Male,27,under_55,GroupA,30600.0,20.5,0.8,570.0,0.1535,0,10000.0,2,urban,fulltime,0,1,1,573.0
Female,59,55_plus,GroupA,36900.0,15.0,38.8,524.0,0.5386,2,17400.0,7,suburban,fulltime,1,0,1,511.0
Male,49,under_55,GroupB,66000.0,13.1,27.8,710.0,0.3154,0,45000.0,1,suburban,fulltime,1,1,1,724.0
Female,33,under_55,GroupA,45500.0,14.8,14.4,550.0,0.5224,1,17800.0,11,suburban,fulltime,0,0,0,557.0
Female,47,under_55,GroupA,18900.0,10.8,32.6,341.0,0.6228,1,10900.0,14,rural,selfemployed,0,0,0,409.0
Male,36,under_55,GroupB,36400.0,9.7,18.8,398.0,0.4936,2,22600.0,2,suburban,fulltime,0,1,1,434.0
Female,56,55_plus,GroupA,46500.0,19.9,31.1,617.0,0.1434,1,32200.0,14,rural,fulltime,1,1,1,683.0
Male,32,under_55,GroupB,53400.0,15.0,11.2,691.0,0.267,0,34000.0,0,urban,selfemployed,0,1,1,702.0
Female,55,55_plus,GroupA,20100.0,16.1,32.5,507.0,0.3306,0,19400.0,9,urban,fulltime,0,1,1,565.0
Female,52,under_55,GroupB,17000.0,12.2,38.4,503.0,0.2293,1,13600.0,21,urban,selfemployed,0,0,0,539.0
Male,34,under_55,GroupB,33500.0,13.4,13.0,681.0,0.1272,0,21800.0,2,suburban,selfemployed,1,1,1,752.0
Male,61,55_plus,GroupA,33000.0,13.7,43.0,665.0,0.2173,0,44400.0,1,rural,fulltime,0,1,1,660.0
Male,29,under_55,GroupA,41800.0,15.9,6.0,714.0,0.1264,0,32500.0,1,urban,fulltime,0,1,1,698.0
Male,43,under_55,GroupB,39900.0,15.8,23.6,519.0,0.2669,1,61900.0,0,urban,fulltime,0,1,1,560.0
Female,46,under_55,GroupA,28600.0,14.6,19.4,398.0,0.7221,1,18000.0,1,suburban,parttime,0,0,0,408.0
Female,18,under_55,GroupA,33100.0,15.6,0.0,506.0,0.3787,0,15100.0,14,rural,selfemployed,1,0,0,494.0
Female,44,under_55,GroupB,28600.0,12.9,19.7,645.0,0.1858,0,14600.0,6,suburban,fulltime,0,1,1,642.0
Female,64,55_plus,GroupB,13900.0,14.2,45.0,351.0,0.6187,0,8200.0,13,suburban,fulltime,0,0,0,419.0
Male,37,under_55,GroupA,51800.0,16.6,9.9,634.0,0.4006,0,16000.0,3,suburban,fulltime,1,1,1,639.0
Male,26,under_55,GroupA,33300.0,18.5,4.4,572.0,0.3599,0,27100.0,1,suburban,fulltime,0,0,0,578.0
Female,26,under_55,GroupB,25800.0,10.1,10.9,563.0,0.5364,0,6500.0,1,suburban,selfemployed,0,0,1,536.0
Male,45,under_55,GroupB,28000.0,8.6,25.6,511.0,0.4069,0,21900.0,15,urban,fulltime,0,0,0,546.0
Male,46,under_55,GroupB,30000.0,12.1,28.9,558.0,0.1987,2,12900.0,2,urban,fulltime,0,1,1,532.0
Male,33,under_55,GroupA,46600.0,14.5,7.2,672.0,0.2195,0,14400.0,1,suburban,fulltime,0,1,1,658.0
Male,28,under_55,GroupB,29200.0,12.1,9.0,529.0,0.4184,0,21100.0,1,suburban,fulltime,0,1,1,547.0
Male,34,under_55,GroupA,56900.0,17.2,9.7,661.0,0.2859,0,34800.0,12,suburban,parttime,0,1,1,663.0
Male,34,under_55,GroupA,40100.0,18.6,12.8,659.0,0.3073,0,36200.0,0,suburban,selfemployed,0,1,1,666.0
Female,48,under_55,GroupA,19500.0,13.2,26.7,534.0,0.4003,1,29200.0,17,suburban,fulltime,0,0,0,500.0
Male,58,55_plus,GroupB,27600.0,16.8,37.1,541.0,0.3605,0,27400.0,8,urban,fulltime,0,0,1,575.0
Male,53,under_55,GroupA,20600.0,11.7,35.0,455.0,0.4698,1,7300.0,2,suburban,selfemployed,0,0,0,469.0
Female,40,under_55,GroupB,12600.0,12.3,22.3,381.0,0.284,2,10800.0,3,suburban,fulltime,0,0,0,386.0
Female,66,55_plus,GroupA,11000.0,13.1,45.0,401.0,0.3753,2,2900.0,14,rural,fulltime,0,0,0,366.0
Female,41,under_55,GroupB,25500.0,12.2,23.1,600.0,0.2175,1,11500.0,9,suburban,fulltime,0,0,0,558.0
Female,55,55_plus,GroupC,17700.0,11.0,31.2,670.0,0.2419,0,16400.0,13,rural,fulltime,1,1,1,576.0
Female,42,under_55,GroupA,38600.0,12.7,19.5,613.0,0.4706,0,20700.0,12,suburban,fulltime,0,0,0,632.0
Female,40,under_55,GroupA,23100.0,16.1,18.5,539.0,0.3119,1,21000.0,9,suburban,parttime,0,1,1,521.0
Female,22,under_55,GroupB,29700.0,13.8,1.7,584.0,0.3517,2,12400.0,8,urban,selfemployed,0,0,0,461.0
Female,32,under_55,GroupA,25500.0,14.6,8.5,498.0,0.3339,1,26700.0,1,urban,fulltime,1,0,0,512.0
Male,44,under_55,GroupA,24900.0,14.5,19.9,463.0,0.224,3,27200.0,1,rural,parttime,0,0,0,453.0
Female,34,under_55,GroupA,49000.0,13.0,15.5,599.0,0.3481,0,27900.0,0,suburban,fulltime,0,1,1,661.0
Male,56,55_plus,GroupA,24400.0,14.1,34.8,486.0,0.3905,1,23600.0,0,suburban,fulltime,0,0,0,473.0
Female,69,55_plus,GroupB,22600.0,14.0,43.0,300.0,0.7765,1,17500.0,2,suburban,fulltime,1,0,0,347.0
Male,59,55_plus,GroupA,78100.0,14.7,30.3,848.0,0.0799,0,53000.0,1,urban,fulltime,0,1,1,850.0
Male,39,under_55,GroupA,24700.0,15.7,21.2,528.0,0.3918,0,12000.0,14,rural,parttime,0,0,0,536.0
Male,45,under_55,GroupA,43300.0,13.0,21.6,735.0,0.0457,0,36200.0,1,suburban,selfemployed,0,1,1,743.0
Male,38,under_55,GroupA,29200.0,14.2,14.9,638.0,0.1837,0,12900.0,0,suburban,selfemployed,0,1,1,630.0
Female,63,55_plus,GroupA,16800.0,14.6,45.0,622.0,0.1573,0,7800.0,18,rural,parttime,0,1,1,610.0
Female,31,under_55,GroupB,32300.0,12.5,8.3,648.0,0.318,1,13000.0,14,suburban,parttime,1,0,0,555.0
Female,53,under_55,GroupA,27900.0,15.5,32.7,535.0,0.479,1,8800.0,13,suburban,selfemployed,0,0,0,536.0
Female,54,under_55,GroupA,31000.0,21.8,23.2,608.0,0.4059,0,15400.0,12,urban,fulltime,0,0,1,597.0
Female,37,under_55,GroupA,16800.0,13.8,21.0,573.0,0.0781,0,9100.0,15,suburban,fulltime,1,1,1,575.0
Female,23,under_55,GroupA,59400.0,16.5,3.6,491.0,0.3825,1,33100.0,12,suburban,fulltime,0,1,1,551.0
Female,38,under_55,GroupA,21800.0,16.0,15.0,300.0,0.553,3,9100.0,8,urban,fulltime,1,1,1,300.0
Male,53,under_55,GroupA,22200.0,14.0,30.6,596.0,0.349,0,12500.0,4,suburban,fulltime,1,1,1,593.0
Male,50,under_55,GroupA,27100.0,10.5,33.5,543.0,0.3262,1,19800.0,0,suburban,fulltime,0,1,1,532.0
Male,37,under_55,GroupA,15100.0,10.2,16.2,332.0,0.5741,2,11800.0,0,suburban,fulltime,0,0,0,323.0
Female,30,under_55,GroupA,28900.0,14.7,11.5,552.0,0.1457,2,47200.0,1,rural,parttime,1,1,1,558.0
Female,48,under_55,GroupA,31000.0,13.9,28.8,697.0,0.096,0,35300.0,16,urban,fulltime,0,1,1,706.0
Female,36,under_55,GroupA,24900.0,17.0,10.4,486.0,0.553,0,16900.0,9,rural,selfemployed,0,1,1,492.0
Female,39,under_55,GroupA,37100.0,15.0,17.7,648.0,0.309,0,8600.0,16,rural,fulltime,1,1,1,658.0
Male,54,under_55,GroupC,23300.0,8.0,40.7,548.0,0.3604,1,9600.0,2,suburban,fulltime,0,0,0,543.0
Male,36,under_55,GroupA,47600.0,12.6,20.5,738.0,0.0972,0,28600.0,3,suburban,fulltime,0,1,1,718.0
Male,48,under_55,GroupA,22400.0,13.4,31.9,432.0,0.8433,0,8000.0,1,suburban,fulltime,1,0,0,430.0
Male,48,under_55,GroupA,37500.0,13.5,27.1,583.0,0.4594,0,15300.0,1,suburban,fulltime,0,1,1,567.0
Female,49,under_55,GroupA,50000.0,14.6,27.8,762.0,0.161,0,33600.0,2,suburban,fulltime,0,0,1,702.0
Male,35,under_55,GroupC,19000.0,10.7,25.6,475.0,0.383,0,19600.0,3,urban,selfemployed,0,0,0,486.0
Male,24,under_55,GroupA,20500.0,14.5,0.0,316.0,0.879,1,7100.0,1,suburban,selfemployed,0,0,0,300.0
Male,26,under_55,GroupA,21000.0,17.3,2.5,427.0,0.3868,1,6900.0,1,suburban,fulltime,0,0,0,438.0
Female,55,55_plus,GroupA,29700.0,18.3,28.9,595.0,0.1849,0,8200.0,0,urban,fulltime,0,1,1,599.0
Male,49,under_55,GroupB,24300.0,20.1,24.3,540.0,0.3905,0,18500.0,0,urban,fulltime,1,0,0,591.0
Male,38,under_55,GroupA,37100.0,18.2,16.6,552.0,0.6309,0,11500.0,3,rural,fulltime,1,1,1,523.0
Male,44,under_55,GroupA,29800.0,12.2,27.1,427.0,0.5115,2,15000.0,1,urban,selfemployed,0,1,1,446.0
Male,41,under_55,GroupA,49500.0,16.4,21.4,700.0,0.3162,0,29300.0,4,suburban,fulltime,0,1,1,708.0
Male,54,under_55,GroupA,38800.0,11.9,32.7,633.0,0.2752,1,22400.0,1,urban,selfemployed,0,1,1,644.0
Male,44,under_55,GroupA,60900.0,16.7,22.9,739.0,0.243,0,18400.0,0,suburban,fulltime,0,1,1,747.0
Male,36,under_55,GroupA,24000.0,15.8,16.9,602.0,0.1046,1,9700.0,1,suburban,fulltime,0,1,1,596.0
Male,32,under_55,GroupA,33400.0,17.6,13.7,528.0,0.4085,2,6500.0,4,rural,fulltime,0,0,0,516.0
Female,46,under_55,GroupB,24800.0,12.6,29.3,322.0,0.4906,3,19200.0,2,rural,fulltime,0,0,0,366.0
Female,49,under_55,GroupA,19000.0,12.8,26.8,422.0,0.4411,1,19200.0,13,urban,fulltime,1,1,1,422.0
Male,41,under_55,GroupC,46800.0,12.4,20.9,630.0,0.5379,0,32300.0,3,urban,fulltime,1,1,1,599.0
Male,57,55_plus,GroupA,13500.0,15.5,32.5,398.0,0.5935,1,4600.0,1,suburban,parttime,0,0,0,397.0
Male,55,55_plus,GroupA,39900.0,14.8,33.8,672.0,0.0901,0,20500.0,0,urban,fulltime,0,1,1,679.0
Female,36,under_55,GroupA,34800.0,14.4,20.9,556.0,0.4082,1,12000.0,9,suburban,selfemployed,0,0,0,577.0
Female,33,under_55,GroupA,19000.0,15.1,11.5,612.0,0.2067,0,10400.0,8,suburban,fulltime,0,1,1,633.0
Female,45,under_55,GroupC,19900.0,14.5,26.2,443.0,0.3504,2,15000.0,15,urban,fulltime,0,0,0,471.0
Female,27,under_55,GroupA,23800.0,14.5,8.0,506.0,0.3644,1,11600.0,9,urban,selfemployed,0,0,0,505.0
Male,40,under_55,GroupC,20500.0,14.4,19.0,426.0,0.237,3,5600.0,0,suburban,fulltime,0,0,0,447.0
Female,18,under_55,GroupB,12300.0,15.8,0.0,377.0,0.2004,2,3300.0,15,urban,fulltime,1,0,0,366.0
Female,27,under_55,GroupA,42700.0,15.0,10.3,533.0,0.6022,1,39800.0,16,urban,fulltime,0,0,0,517.0
Male,37,under_55,GroupA,34500.0,12.5,19.4,587.0,0.474,0,17700.0,19,suburban,selfemployed,1,1,1,574.0
Male,47,under_55,GroupA,52600.0,11.4,34.1,732.0,0.1708,0,27600.0,1,suburban,selfemployed,1,1,1,733.0
Male,31,under_55,GroupB,20600.0,12.8,10.3,408.0,0.5196,1,11000.0,3,urban,fulltime,0,0,0,429.0
Male,47,under_55,GroupA,31900.0,15.0,26.3,469.0,0.6631,1,22800.0,1,urban,fulltime,1,0,0,463.0
Male,20,under_55,GroupB,27400.0,15.4,0.0,475.0,0.215,1,13400.0,13,urban,selfemployed,0,1,1,465.0
Male,36,under_55,GroupA,61400.0,13.9,19.5,746.0,0.2471,0,17200.0,0,suburban,fulltime,1,1,1,741.0
Female,50,under_55,GroupC,17500.0,12.1,27.9,459.0,0.469,0,14400.0,13,rural,parttime,0,0,1,489.0
Male,33,under_55,GroupA,28800.0,15.1,16.4,542.0,0.3823,1,28700.0,1,rural,fulltime,0,1,1,542.0
Female,61,55_plus,GroupA,15400.0,12.3,39.7,575.0,0.1819,0,9900.0,11,urban,parttime,0,0,0,600.0
Male,62,55_plus,GroupB,17500.0,10.0,43.3,563.0,0.2183,0,13600.0,15,urban,selfemployed,0,0,0,568.0
Female,46,under_55,GroupC,20000.0,10.1,32.9,392.0,0.5227,1,9300.0,10,urban,fulltime,0,0,0,467.0
Male,54,under_55,GroupA,30700.0,12.5,35.7,610.0,0.1816,1,14600.0,0,suburban,fulltime,1,1,1,593.0
Male,18,under_55,GroupA,14200.0,12.9,4.0,361.0,0.4129,2,10600.0,1,urban,fulltime,0,0,0,367.0
Female,50,under_55,GroupA,32800.0,10.8,38.0,541.0,0.6715,0,21300.0,2,rural,fulltime,0,0,0,527.0
Male,44,under_55,GroupA,40500.0,15.7,25.2,715.0,0.1504,0,12500.0,0,suburban,fulltime,0,1,1,729.0
Female,59,55_plus,GroupC,29800.0,16.1,38.4,521.0,0.4987,1,28000.0,12,urban,fulltime,0,0,0,474.0
Male,40,under_55,GroupB,41000.0,15.4,17.1,693.0,0.2245,0,36500.0,2,suburban,selfemployed,0,0,1,690.0
Female,21,under_55,GroupA,20900.0,16.3,0.0,511.0,0.2691,0,12700.0,6,rural,fulltime,0,0,0,475.0
Male,37,under_55,GroupB,20400.0,12.7,18.1,575.0,0.1608,1,13400.0,2,urban,fulltime,0,1,1,524.0
Male,51,under_55,GroupA,51400.0,12.9,28.3,613.0,0.3861,0,23700.0,0,suburban,fulltime,1,1,1,610.0
Male,48,under_55,GroupB,28000.0,13.8,20.8,552.0,0.4904,0,12500.0,3,suburban,fulltime,0,0,0,578.0
Female,27,under_55,GroupA,18400.0,12.6,7.4,300.0,0.6507,3,19500.0,14,urban,parttime,1,0,0,300.0
Female,61,55_plus,GroupA,24800.0,13.6,41.3,736.0,0.1457,0,15800.0,16,suburban,fulltime,1,1,1,716.0
Female,21,under_55,GroupB,20200.0,15.9,0.0,334.0,0.5517,2,21500.0,17,urban,selfemployed,0,0,0,300.0
Male,26,under_55,GroupC,25600.0,8.7,9.9,657.0,0.126,0,24300.0,0,urban,fulltime,0,0,0,698.0
Male,26,under_55,GroupA,28400.0,14.7,2.4,377.0,0.6791,0,11800.0,1,suburban,fulltime,0,0,0,379.0
Female,72,55_plus,GroupA,27300.0,15.4,45.0,613.0,0.3217,0,14000.0,19,rural,parttime,0,0,1,578.0
Male,26,under_55,GroupA,31700.0,11.4,7.7,602.0,0.3379,0,42100.0,1,urban,fulltime,1,0,0,600.0
Male,42,under_55,GroupB,25400.0,11.5,23.4,539.0,0.4383,0,8800.0,1,suburban,fulltime,0,1,1,566.0
Male,57,55_plus,GroupA,29600.0,11.2,37.8,547.0,0.4255,1,11200.0,1,suburban,fulltime,0,0,1,528.0
Female,68,55_plus,GroupA,25100.0,13.3,45.0,366.0,0.6729,1,18800.0,10,suburban,fulltime,1,0,0,436.0
Male,62,55_plus,GroupB,29600.0,16.9,43.7,676.0,0.2563,0,16600.0,2,suburban,selfemployed,0,1,1,637.0
Male,42,under_55,GroupA,35600.0,14.0,24.7,732.0,0.0677,0,15500.0,10,suburban,fulltime,0,1,1,727.0
Female,47,under_55,GroupA,23200.0,12.9,28.3,456.0,0.5637,1,13400.0,3,suburban,fulltime,0,0,0,440.0
Male,25,under_55,GroupA,31200.0,11.8,8.0,614.0,0.3963,0,10800.0,1,suburban,fulltime,0,1,1,595.0
Female,52,under_55,GroupB,17900.0,10.8,36.4,365.0,0.7501,1,9700.0,9,urban,fulltime,0,0,0,353.0
Male,61,55_plus,GroupA,28000.0,11.2,45.0,581.0,0.0944,1,16500.0,1,suburban,fulltime,0,0,0,589.0
Male,37,under_55,GroupA,40400.0,13.4,17.8,542.0,0.4527,0,23300.0,1,suburban,fulltime,1,1,1,560.0
Female,36,under_55,GroupA,15800.0,12.7,13.7,480.0,0.4252,1,6300.0,9,rural,fulltime,1,1,1,483.0
Female,34,under_55,GroupA,22400.0,13.5,13.5,300.0,0.7806,2,10500.0,20,suburban,fulltime,0,0,0,304.0
Male,47,under_55,GroupC,13800.0,11.3,33.9,528.0,0.2158,1,5900.0,17,urban,selfemployed,0,0,0,526.0
Male,30,under_55,GroupB,35100.0,17.7,6.7,513.0,0.3176,1,44500.0,2,urban,fulltime,0,1,1,513.0
Female,47,under_55,GroupA,18800.0,13.1,25.8,362.0,0.6143,3,8900.0,1,urban,parttime,0,0,0,304.0
Male,52,under_55,GroupB,41100.0,13.5,33.7,692.0,0.2545,0,31200.0,1,suburban,parttime,0,1,1,680.0
Male,37,under_55,GroupC,44900.0,16.2,12.3,675.0,0.2635,0,26100.0,1,urban,fulltime,1,1,1,662.0
Male,34,under_55,GroupA,48200.0,21.2,2.9,499.0,0.54,0,16500.0,16,suburban,parttime,0,1,1,515.0
Female,38,under_55,GroupA,24400.0,13.1,21.1,609.0,0.2746,0,11000.0,11,rural,fulltime,0,1,1,614.0
Male,50,under_55,GroupA,39200.0,10.4,31.2,652.0,0.3715,0,12900.0,2,suburban,fulltime,1,1,1,661.0
Male,66,55_plus,GroupC,33300.0,10.0,45.0,610.0,0.3764,0,6600.0,0,urban,fulltime,1,0,1,584.0
Female,35,under_55,GroupB,35800.0,17.9,13.6,300.0,0.9177,1,19600.0,2,suburban,fulltime,0,0,0,335.0
Male,42,under_55,GroupA,45000.0,15.7,18.4,662.0,0.1387,1,19000.0,3,rural,fulltime,0,1,1,654.0
Male,36,under_55,GroupA,24100.0,14.1,19.5,388.0,0.3154,3,6700.0,10,rural,fulltime,0,0,0,371.0
Female,30,under_55,GroupA,14400.0,11.4,8.4,300.0,0.419,2,20300.0,8,rural,selfemployed,0,0,0,340.0
Female,31,under_55,GroupB,20700.0,13.7,13.7,683.0,0.1735,0,18200.0,0,urban,parttime,0,0,0,637.0
Female,23,under_55,GroupB,31500.0,17.6,2.0,380.0,0.5482,0,9300.0,9,suburban,fulltime,0,0,0,488.0
Female,27,under_55,GroupA,23100.0,13.2,10.1,485.0,0.422,1,11000.0,11,urban,fulltime,0,0,0,493.0
Female,46,under_55,GroupA,31900.0,14.6,26.0,650.0,0.4143,0,14000.0,8,suburban,fulltime,1,1,1,637.0
Male,29,under_55,GroupA,51600.0,16.4,8.4,655.0,0.3077,0,25500.0,1,suburban,fulltime,1,1,1,641.0
Male,64,55_plus,GroupC,28000.0,11.8,44.7,630.0,0.1824,1,15300.0,1,urban,fulltime,1,0,1,610.0
Male,43,under_55,GroupB,36300.0,10.1,29.3,719.0,0.1441,0,36600.0,2,urban,fulltime,0,1,1,708.0
Female,40,under_55,GroupA,65500.0,11.2,23.0,718.0,0.1693,0,42600.0,16,urban,fulltime,1,1,1,719.0
Female,56,55_plus,GroupC,17500.0,12.3,39.2,396.0,0.3167,2,18400.0,11,urban,fulltime,0,0,0,486.0
Male,25,under_55,GroupC,21700.0,11.6,5.1,426.0,0.3213,1,12800.0,2,urban,selfemployed,0,0,0,461.0
Female,39,under_55,GroupA,29900.0,13.7,19.4,586.0,0.0954,1,45400.0,14,suburban,selfemployed,0,1,1,627.0
Female,34,under_55,GroupA,26600.0,17.4,8.5,516.0,0.4991,0,9700.0,7,urban,selfemployed,0,0,0,528.0
Female,54,under_55,GroupB,26200.0,14.9,34.0,535.0,0.5162,0,24800.0,4,rural,selfemployed,0,1,1,493.0
Male,48,under_55,GroupB,25600.0,13.3,24.6,384.0,0.5587,1,19400.0,0,suburban,fulltime,0,0,0,457.0
Male,39,under_55,GroupB,28400.0,12.9,22.2,514.0,0.6044,0,36500.0,1,suburban,selfemployed,1,0,0,535.0
Female,55,55_plus,GroupA,40700.0,15.7,39.8,671.0,0.0463,0,15700.0,20,rural,fulltime,0,1,1,695.0
Male,31,under_55,GroupB,33500.0,9.5,20.1,485.0,0.6051,1,8100.0,3,rural,fulltime,0,0,0,447.0
Male,41,under_55,GroupB,32800.0,12.5,20.5,661.0,0.35,0,23500.0,2,suburban,fulltime,0,1,1,620.0
Male,42,under_55,GroupA,54500.0,13.3,20.9,546.0,0.3842,2,20400.0,0,rural,fulltime,0,0,0,551.0
Male,21,under_55,GroupB,13900.0,14.5,0.7,439.0,0.3521,0,13800.0,11,rural,fulltime,1,0,0,436.0
Female,56,55_plus,GroupA,15000.0,14.6,33.5,447.0,0.544,1,12200.0,17,urban,selfemployed,0,0,0,404.0
Male,51,under_55,GroupB,13100.0,11.4,27.9,578.0,0.1989,1,6800.0,2,rural,selfemployed,1,0,0,516.0
Male,37,under_55,GroupA,24500.0,8.0,18.5,575.0,0.268,0,20400.0,13,suburban,fulltime,1,0,0,575.0
Male,52,under_55,GroupA,68700.0,14.6,32.9,655.0,0.5563,0,42700.0,3,suburban,selfemployed,0,1,1,646.0
Male,21,under_55,GroupB,32500.0,12.4,5.4,573.0,0.1459,0,27300.0,0,suburban,selfemployed,1,1,1,652.0
Female,32,under_55,GroupA,20900.0,14.8,9.6,546.0,0.3018,1,11100.0,19,urban,parttime,1,1,1,499.0
Female,41,under_55,GroupA,26000.0,10.1,27.3,556.0,0.3871,0,19300.0,21,suburban,selfemployed,0,1,1,555.0
Female,31,under_55,GroupB,31500.0,15.7,8.7,608.0,0.101,0,23600.0,18,urban,fulltime,0,1,1,645.0
Male,38,under_55,GroupA,37400.0,13.1,19.9,604.0,0.4619,0,12400.0,2,urban,parttime,0,1,1,588.0
Female,22,under_55,GroupA,12800.0,14.6,1.3,396.0,0.4061,1,10400.0,0,suburban,parttime,0,0,0,374.0
Male,35,under_55,GroupA,24100.0,12.1,20.2,432.0,0.4206,2,12000.0,1,suburban,fulltime,1,0,0,433.0
Male,39,under_55,GroupA,71900.0,14.5,19.1,738.0,0.2719,0,48400.0,1,suburban,fulltime,1,1,1,733.0
Male,47,under_55,GroupA,43700.0,14.5,23.4,717.0,0.2002,0,24400.0,1,urban,fulltime,0,1,1,727.0
Male,40,under_55,GroupB,29200.0,8.0,30.9,640.0,0.3234,0,12400.0,0,urban,fulltime,0,0,0,653.0
Female,39,under_55,GroupB,21200.0,13.0,22.0,456.0,0.6341,2,24000.0,14,suburban,parttime,0,0,0,373.0
Female,60,55_plus,GroupA,22400.0,15.2,38.2,491.0,0.3271,1,7900.0,3,urban,fulltime,0,0,0,518.0
Male,51,under_55,GroupA,57000.0,20.6,18.2,604.0,0.558,0,39400.0,5,suburban,fulltime,0,1,1,602.0
Female,26,under_55,GroupC,15700.0,17.9,6.6,397.0,0.3114,1,7200.0,10,urban,parttime,0,0,0,473.0
Male,31,under_55,GroupB,35300.0,14.3,8.6,670.0,0.1456,0,32900.0,2,urban,fulltime,1,1,1,672.0
Female,44,under_55,GroupB,19200.0,13.0,22.7,466.0,0.4023,1,11700.0,6,urban,fulltime,0,0,0,487.0
Female,37,under_55,GroupA,20100.0,11.2,20.4,608.0,0.2134,1,10300.0,11,suburban,parttime,0,0,1,571.0
Male,25,under_55,GroupA,14700.0,15.0,3.5,306.0,0.719,2,8800.0,0,suburban,selfemployed,0,0,0,300.0
Male,73,55_plus,GroupC,18900.0,11.2,45.0,516.0,0.5637,0,8800.0,1,suburban,fulltime,0,0,0,478.0
Female,40,under_55,GroupB,22800.0,14.1,22.1,632.0,0.4037,1,16400.0,13,urban,selfemployed,0,0,0,548.0
Male,39,under_55,GroupA,67500.0,14.6,18.7,753.0,0.135,0,16600.0,4,suburban,fulltime,0,1,1,763.0
Male,46,under_55,GroupA,46500.0,15.1,26.7,683.0,0.3528,0,23800.0,15,rural,parttime,1,1,1,670.0
Male,61,55_plus,GroupB,38800.0,11.4,44.3,578.0,0.5894,0,12700.0,0,rural,fulltime,0,0,0,544.0
Male,26,under_55,GroupB,19100.0,14.2,6.1,641.0,0.1651,0,12700.0,10,suburban,fulltime,0,1,1,561.0
Male,58,55_plus,GroupA,29300.0,13.8,40.2,558.0,0.456,0,20000.0,1,suburban,fulltime,0,0,0,555.0
Male,39,under_55,GroupA,41400.0,8.0,23.9,662.0,0.2184,0,9900.0,0,suburban,fulltime,0,1,1,640.0
Female,53,under_55,GroupA,9800.0,9.3,38.1,337.0,0.2975,3,2900.0,2,rural,parttime,1,0,0,330.0
Female,18,under_55,GroupA,25700.0,16.5,0.0,600.0,0.1914,0,19400.0,15,suburban,fulltime,0,0,0,574.0
Female,51,under_55,GroupA,31000.0,17.3,33.1,420.0,0.71,0,43600.0,11,rural,selfemployed,0,0,0,494.0
Male,55,55_plus,GroupB,25300.0,13.4,28.1,523.0,0.4483,0,16200.0,0,rural,fulltime,0,0,0,559.0
Female,41,under_55,GroupB,26000.0,15.7,20.7,424.0,0.6944,3,17200.0,2,urban,fulltime,0,0,0,322.0
Male,65,55_plus,GroupC,12100.0,13.2,41.1,396.0,0.3763,2,8100.0,0,urban,fulltime,1,0,0,407.0
Female,33,under_55,GroupB,23500.0,10.4,18.4,573.0,0.1982,1,8300.0,9,rural,fulltime,0,1,1,536.0
Male,33,under_55,GroupA,17600.0,12.0,13.8,529.0,0.3849,0,5200.0,1,suburban,fulltime,0,0,0,532.0
Male,36,under_55,GroupB,25500.0,15.3,13.3,701.0,0.2368,0,23600.0,1,urban,fulltime,0,1,1,648.0
Male,48,under_55,GroupA,20700.0,12.8,26.0,736.0,0.081,0,9100.0,2,urban,fulltime,0,1,1,705.0
Female,29,under_55,GroupA,23200.0,15.4,6.2,578.0,0.0254,0,15000.0,1,suburban,parttime,0,1,1,595.0
Male,32,under_55,GroupA,41200.0,10.4,18.7,592.0,0.3844,0,23000.0,1,suburban,fulltime,0,1,1,600.0
Female,43,under_55,GroupC,18700.0,14.7,21.2,378.0,0.3812,2,11800.0,16,urban,fulltime,0,0,0,458.0
Female,23,under_55,GroupB,20000.0,14.2,0.0,537.0,0.167,0,24300.0,1,rural,fulltime,1,0,0,545.0
Male,59,55_plus,GroupB,24800.0,11.9,42.7,536.0,0.3544,1,34200.0,1,urban,fulltime,1,0,0,579.0
Male,72,55_plus,GroupA,26700.0,16.6,45.0,546.0,0.4055,0,20900.0,2,urban,fulltime,1,0,0,555.0
Female,55,55_plus,GroupA,34900.0,13.1,31.4,634.0,0.2957,0,21400.0,6,suburban,selfemployed,0,0,1,687.0
Male,41,under_55,GroupB,39500.0,14.8,19.3,503.0,0.6543,0,52100.0,0,urban,fulltime,1,1,1,541.0
Female,41,under_55,GroupA,24200.0,15.7,17.7,421.0,0.5134,2,9400.0,13,rural,fulltime,0,0,0,389.0
Female,32,under_55,GroupC,24000.0,11.0,13.5,428.0,0.6907,1,10500.0,2,suburban,selfemployed,0,0,0,444.0
Female,35,under_55,GroupA,47800.0,16.9,11.5,677.0,0.3128,0,30300.0,8,suburban,fulltime,0,1,1,648.0
Female,50,under_55,GroupA,9100.0,13.2,32.1,346.0,0.95,2,3300.0,15,rural,parttime,0,0,0,300.0
Female,42,under_55,GroupB,19700.0,14.9,26.0,487.0,0.5587,1,9000.0,6,suburban,fulltime,1,0,0,435.0
Male,56,55_plus,GroupC,26900.0,14.2,38.4,640.0,0.1316,0,16200.0,4,urban,fulltime,1,1,1,639.0
Male,56,55_plus,GroupA,31400.0,16.4,34.4,323.0,0.6825,3,24300.0,1,suburban,fulltime,0,0,0,342.0
Male,23,under_55,GroupA,22500.0,19.4,0.0,446.0,0.3017,1,9100.0,6,suburban,parttime,1,0,0,435.0
Female,59,55_plus,GroupB,18200.0,10.5,43.7,588.0,0.2325,1,6000.0,17,suburban,fulltime,0,0,0,536.0
Male,71,55_plus,GroupA,55200.0,17.8,45.0,663.0,0.4064,0,50100.0,2,urban,fulltime,0,1,1,672.0
Male,42,under_55,GroupC,49200.0,16.7,16.2,614.0,0.4471,0,21300.0,0,urban,fulltime,0,0,0,619.0
Male,44,under_55,GroupB,64600.0,17.5,20.9,732.0,0.312,0,39700.0,2,suburban,fulltime,0,0,1,701.0
Female,45,under_55,GroupA,24700.0,13.7,24.6,613.0,0.1867,0,11900.0,0,rural,fulltime,1,0,1,623.0
Male,40,under_55,GroupB,23800.0,14.6,17.1,557.0,0.4014,0,7900.0,4,urban,fulltime,0,1,1,559.0
Female,35,under_55,GroupA,25900.0,9.3,18.4,487.0,0.3924,1,13800.0,3,urban,selfemployed,0,0,0,501.0
Female,42,under_55,GroupB,22600.0,16.0,19.3,655.0,0.2342,0,8800.0,16,urban,fulltime,0,0,0,589.0
Female,51,under_55,GroupA,21400.0,13.9,26.0,305.0,0.5065,3,11100.0,1,suburban,fulltime,0,0,0,349.0
Male,58,55_plus,GroupA,25300.0,17.5,35.3,376.0,0.312,3,9900.0,1,urban,fulltime,0,0,0,383.0
Male,18,under_55,GroupB,32500.0,8.8,5.3,580.0,0.2393,0,10900.0,3,suburban,fulltime,1,1,1,603.0
Female,37,under_55,GroupA,16200.0,15.0,11.2,570.0,0.1478,1,14300.0,0,rural,fulltime,0,1,1,531.0
Male,52,under_55,GroupB,33900.0,14.9,32.3,524.0,0.345,1,8700.0,2,urban,fulltime,0,1,1,567.0
Female,60,55_plus,GroupB,18200.0,10.0,45.0,551.0,0.1055,1,2800.0,7,rural,fulltime,0,1,1,590.0
Female,41,under_55,GroupA,11900.0,12.5,26.2,541.0,0.2596,1,2500.0,23,urban,parttime,0,0,0,501.0
Male,75,55_plus,GroupA,28300.0,11.7,45.0,585.0,0.2914,0,34300.0,12,rural,fulltime,0,1,1,595.0
Male,38,under_55,GroupB,27400.0,12.4,21.7,543.0,0.341,0,29900.0,2,urban,selfemployed,0,0,0,607.0
Female,45,under_55,GroupA,23000.0,12.3,20.5,417.0,0.587,1,19700.0,11,suburban,fulltime,0,0,0,423.0
Male,48,under_55,GroupB,42700.0,13.7,25.8,635.0,0.2352,0,35700.0,1,suburban,fulltime,1,1,1,658.0
Male,44,under_55,GroupA,48100.0,15.6,20.7,530.0,0.5333,1,36300.0,0,suburban,fulltime,1,0,0,531.0
Female,49,under_55,GroupA,14600.0,16.7,28.8,462.0,0.4087,1,8500.0,1,rural,fulltime,0,0,0,463.0
Female,39,under_55,GroupA,19100.0,13.9,21.5,373.0,0.5339,2,8500.0,2,rural,fulltime,0,0,0,399.0
Male,66,55_plus,GroupA,9000.0,8.5,45.0,493.0,0.1638,1,13800.0,3,rural,fulltime,0,0,0,490.0
Male,41,under_55,GroupB,38000.0,16.6,16.8,559.0,0.3535,1,53800.0,3,urban,fulltime,0,1,1,588.0
Female,43,under_55,GroupC,32100.0,12.7,25.7,606.0,0.5084,0,6400.0,1,urban,parttime,0,1,1,564.0
Female,58,55_plus,GroupB,19200.0,12.2,35.0,463.0,0.4659,1,10100.0,12,urban,fulltime,1,1,1,472.0
Female,35,under_55,GroupA,41800.0,17.0,13.2,647.0,0.3364,0,31700.0,9,rural,fulltime,0,1,1,613.0
Male,46,under_55,GroupA,38100.0,19.2,21.3,406.0,0.4897,3,12100.0,1,rural,fulltime,0,0,0,415.0
Male,27,under_55,GroupA,25200.0,18.0,0.0,503.0,0.2199,0,11200.0,1,suburban,parttime,0,1,1,489.0
Female,36,under_55,GroupA,8400.0,14.3,14.9,348.0,0.4198,2,6300.0,5,rural,parttime,0,0,0,328.0
Male,42,under_55,GroupA,21800.0,14.0,20.6,342.0,0.3396,4,7700.0,0,suburban,fulltime,1,0,0,330.0
Male,51,under_55,GroupA,32600.0,13.9,36.6,687.0,0.1825,0,17000.0,1,suburban,fulltime,0,1,1,682.0
Female,43,under_55,GroupA,24800.0,11.2,25.3,605.0,0.2375,0,18800.0,9,suburban,parttime,0,1,1,651.0
Female,42,under_55,GroupB,28000.0,14.1,20.4,521.0,0.5158,0,23700.0,12,urban,fulltime,0,1,1,575.0
Female,47,under_55,GroupA,29500.0,15.4,18.3,613.0,0.4989,0,17800.0,11,suburban,fulltime,0,1,1,559.0
Male,18,under_55,GroupB,23400.0,12.6,4.3,552.0,0.2731,0,13900.0,0,urban,fulltime,0,1,1,539.0
Female,33,under_55,GroupC,16800.0,9.1,21.2,669.0,0.089,0,9200.0,0,rural,fulltime,0,0,1,587.0
Female,52,under_55,GroupB,19000.0,11.2,33.4,529.0,0.4126,0,10100.0,10,rural,parttime,0,0,0,506.0
Female,31,under_55,GroupB,14900.0,11.8,11.7,585.0,0.1688,0,8200.0,10,urban,fulltime,1,1,1,603.0
Male,43,under_55,GroupA,30400.0,13.5,27.0,540.0,0.4394,1,24800.0,1,rural,fulltime,0,0,0,532.0
Female,39,under_55,GroupB,55200.0,16.9,12.4,707.0,0.12,0,30100.0,16,suburban,fulltime,1,1,1,739.0
Male,34,under_55,GroupC,16400.0,13.1,20.3,532.0,0.1967,1,10200.0,0,rural,fulltime,0,0,0,544.0
Female,42,under_55,GroupC,21200.0,13.2,24.9,497.0,0.2589,1,17000.0,8,urban,parttime,0,0,0,564.0
Female,68,55_plus,GroupA,24500.0,14.1,45.0,551.0,0.3694,0,12300.0,11,rural,parttime,1,1,1,557.0
Male,52,under_55,GroupA,14800.0,8.0,38.6,526.0,0.2593,1,6300.0,0,suburban,parttime,0,1,1,513.0
Male,59,55_plus,GroupA,29800.0,17.0,33.4,558.0,0.4879,0,16400.0,2,suburban,selfemployed,0,0,0,551.0
Female,27,under_55,GroupA,24300.0,14.9,9.6,520.0,0.4102,1,10700.0,7,suburban,fulltime,0,1,1,519.0
Female,57,55_plus,GroupA,28000.0,14.3,38.8,452.0,0.4975,1,53100.0,1,urban,fulltime,0,0,0,482.0
Female,57,55_plus,GroupA,40600.0,11.7,39.1,730.0,0.0584,0,26600.0,14,suburban,fulltime,1,0,1,714.0
Female,47,under_55,GroupC,43700.0,16.2,26.2,630.0,0.4884,0,14600.0,12,urban,selfemployed,0,1,1,598.0
Male,41,under_55,GroupA,50600.0,15.9,24.3,712.0,0.2489,0,20900.0,0,urban,fulltime,0,1,1,698.0
Female,46,under_55,GroupA,50300.0,17.8,24.1,719.0,0.1297,0,16400.0,3,rural,fulltime,1,1,1,711.0
Male,36,under_55,GroupA,36000.0,14.6,13.1,667.0,0.1701,0,28700.0,2,urban,fulltime,0,1,1,672.0
Male,32,under_55,GroupA,30100.0,14.9,10.5,608.0,0.3478,0,10800.0,1,suburban,fulltime,0,1,1,616.0
Female,47,under_55,GroupC,47300.0,17.2,26.0,740.0,0.2843,0,25900.0,13,urban,fulltime,0,0,1,666.0
Male,18,under_55,GroupA,28800.0,12.8,5.1,547.0,0.4921,0,12100.0,1,rural,fulltime,0,0,0,544.0
Male,59,55_plus,GroupA,40800.0,15.4,42.3,780.0,0.0755,0,37600.0,2,suburban,fulltime,0,1,1,763.0
Male,55,55_plus,GroupA,28000.0,15.2,36.2,485.0,0.5131,1,10700.0,2,suburban,fulltime,0,0,0,483.0
Female,26,under_55,GroupB,41200.0,15.9,9.3,564.0,0.4757,0,25600.0,2,urban,fulltime,0,0,0,584.0
Male,48,under_55,GroupA,27700.0,14.0,27.2,574.0,0.3494,0,9400.0,1,urban,fulltime,0,1,1,582.0
Female,43,under_55,GroupB,23000.0,14.0,24.1,658.0,0.0446,0,16500.0,12,urban,fulltime,0,1,1,687.0
Male,35,under_55,GroupB,42300.0,15.4,13.2,600.0,0.3393,0,22900.0,0,urban,fulltime,1,1,1,616.0
Female,32,under_55,GroupA,29100.0,17.2,9.0,538.0,0.2818,0,13500.0,10,rural,fulltime,1,0,1,589.0
Female,59,55_plus,GroupC,37800.0,15.0,39.7,546.0,0.4607,1,21300.0,2,urban,selfemployed,0,0,0,535.0
Male,51,under_55,GroupB,72200.0,13.3,38.8,593.0,0.7479,0,45700.0,1,urban,selfemployed,1,1,1,553.0
Male,39,under_55,GroupC,17700.0,11.0,21.3,555.0,0.3204,1,27000.0,0,urban,fulltime,1,1,1,527.0
Female,22,under_55,GroupA,19800.0,14.5,0.2,486.0,0.1353,0,4800.0,12,suburban,fulltime,0,1,1,502.0
Female,35,under_55,GroupC,19400.0,9.9,23.6,575.0,0.1275,0,16800.0,2,urban,fulltime,0,0,1,617.0
Female,45,under_55,GroupB,18200.0,12.9,29.2,466.0,0.2889,2,16800.0,3,rural,fulltime,1,0,0,446.0
Male,46,under_55,GroupA,30600.0,16.5,25.2,728.0,0.1179,0,13500.0,1,rural,fulltime,1,1,1,700.0
Female,24,under_55,GroupA,18400.0,10.6,8.3,615.0,0.1834,0,9100.0,14,rural,selfemployed,1,1,1,601.0
Male,53,under_55,GroupB,35800.0,12.1,31.5,540.0,0.3497,2,7900.0,1,urban,fulltime,0,0,0,530.0
Male,26,under_55,GroupA,29400.0,14.9,13.8,494.0,0.3045,2,16000.0,1,suburban,fulltime,1,1,1,502.0
Male,49,under_55,GroupA,38900.0,14.0,30.1,618.0,0.4168,0,29100.0,2,urban,fulltime,0,1,1,623.0
Male,30,under_55,GroupB,41800.0,11.5,9.6,627.0,0.2983,0,19700.0,2,suburban,fulltime,0,0,0,635.0
Male,21,under_55,GroupA,25000.0,12.5,0.0,311.0,0.6943,1,7300.0,0,suburban,fulltime,0,0,0,300.0
Male,68,55_plus,GroupB,14000.0,13.3,45.0,334.0,0.5696,2,4300.0,2,urban,fulltime,0,0,0,321.0
Female,41,under_55,GroupA,17800.0,11.9,22.5,323.0,0.7722,2,7700.0,7,suburban,parttime,1,0,0,326.0
Female,39,under_55,GroupA,20400.0,12.8,20.2,517.0,0.345,1,27100.0,8,suburban,selfemployed,0,0,0,476.0
Female,28,under_55,GroupA,21900.0,13.6,6.3,502.0,0.2574,2,10300.0,9,suburban,fulltime,1,0,0,482.0
Male,24,under_55,GroupB,20100.0,14.1,2.4,420.0,0.3038,2,6700.0,11,urban,fulltime,1,0,0,376.0
Male,45,under_55,GroupA,35600.0,14.0,26.6,635.0,0.1941,1,17400.0,2,suburban,parttime,0,1,1,655.0
Male,56,55_plus,GroupC,20400.0,13.5,41.8,489.0,0.4088,0,8600.0,2,urban,fulltime,1,0,0,532.0
Male,43,under_55,GroupA,47400.0,16.4,19.4,538.0,0.7183,0,13900.0,4,suburban,fulltime,0,1,1,540.0
Male,40,under_55,GroupC,43900.0,16.1,20.5,546.0,0.3916,0,29300.0,3,urban,fulltime,0,1,1,635.0
Male,48,under_55,GroupA,22700.0,11.8,33.0,678.0,0.0224,0,19700.0,4,suburban,fulltime,0,1,1,663.0
Female,31,under_55,GroupC,32000.0,14.3,10.9,675.0,0.1412,0,32100.0,12,suburban,fulltime,0,0,1,677.0
Male,51,under_55,GroupA,20800.0,13.8,27.9,451.0,0.4436,1,11000.0,0,rural,fulltime,1,1,1,443.0
Female,47,under_55,GroupA,32900.0,13.4,31.2,672.0,0.1217,0,16500.0,18,suburban,selfemployed,1,1,1,676.0
Male,64,55_plus,GroupA,52500.0,14.9,45.0,668.0,0.1701,1,31900.0,1,suburban,fulltime,1,1,1,661.0
Male,18,under_55,GroupB,32700.0,16.1,0.0,496.0,0.4663,1,31600.0,1,urban,fulltime,1,0,0,469.0
Male,45,under_55,GroupA,34700.0,14.1,20.8,705.0,0.1442,0,8600.0,2,urban,fulltime,0,1,1,710.0
Male,60,55_plus,GroupA,17600.0,8.1,45.0,580.0,0.3248,0,17000.0,0,suburban,fulltime,0,0,0,568.0
Male,60,55_plus,GroupA,36100.0,15.2,35.4,656.0,0.1986,0,24100.0,4,suburban,fulltime,0,1,1,668.0
Female,39,under_55,GroupC,17500.0,16.1,21.5,305.0,0.4194,3,11400.0,20,urban,fulltime,0,0,0,362.0
Male,51,under_55,GroupB,27100.0,14.0,33.6,634.0,0.1152,1,24600.0,2,urban,selfemployed,1,1,1,629.0
Female,58,55_plus,GroupC,15300.0,13.8,33.5,409.0,0.7561,1,17200.0,10,urban,parttime,0,0,0,329.0
Male,33,under_55,GroupC,19800.0,15.1,14.1,454.0,0.574,1,11400.0,1,suburban,fulltime,0,0,0,437.0
Female,53,under_55,GroupA,36700.0,15.3,29.5,436.0,0.7679,1,17600.0,13,urban,fulltime,0,0,0,443.0
Male,36,under_55,GroupB,26900.0,12.9,18.2,511.0,0.3604,2,14300.0,3,suburban,fulltime,0,0,0,470.0
Male,53,under_55,GroupA,19900.0,15.1,33.4,506.0,0.5284,0,9100.0,1,suburban,fulltime,0,0,0,492.0
Female,18,under_55,GroupB,32200.0,10.7,0.0,356.0,0.4512,1,25500.0,13,urban,parttime,0,0,0,385.0
Male,63,55_plus,GroupB,48300.0,17.5,38.6,599.0,0.3944,0,39300.0,1,suburban,fulltime,1,0,0,643.0
Male,21,under_55,GroupA,35500.0,19.9,0.0,366.0,0.8299,0,54100.0,0,urban,selfemployed,0,0,0,393.0
Male,37,under_55,GroupA,26200.0,14.6,14.7,525.0,0.2615,2,23900.0,15,rural,parttime,0,0,0,500.0
Male,39,under_55,GroupB,27900.0,10.6,21.0,558.0,0.4289,0,7300.0,12,suburban,fulltime,0,1,1,577.0
Female,42,under_55,GroupA,14700.0,14.2,21.2,606.0,0.0791,0,24900.0,7,rural,parttime,1,0,0,573.0
Female,46,under_55,GroupA,51400.0,13.3,22.5,759.0,0.1063,0,36300.0,5,rural,fulltime,0,1,1,738.0
Male,29,under_55,GroupB,24800.0,9.4,12.7,595.0,0.2216,0,9600.0,9,rural,fulltime,1,1,1,635.0
Male,58,55_plus,GroupA,89200.0,18.2,32.3,807.0,0.1836,0,50300.0,3,suburban,fulltime,0,1,1,815.0
Male,47,under_55,GroupA,19500.0,12.6,31.1,471.0,0.5027,0,12000.0,3,rural,fulltime,0,0,0,465.0
Male,36,under_55,GroupC,24500.0,11.7,17.8,575.0,0.4076,1,17200.0,12,urban,fulltime,1,0,0,518.0
Female,53,under_55,GroupC,30400.0,12.9,31.2,641.0,0.0834,1,17800.0,12,urban,fulltime,1,1,1,637.0
Female,40,under_55,GroupA,58200.0,14.3,17.5,674.0,0.4805,0,30900.0,1,suburban,parttime,1,1,1,684.0
Male,55,55_plus,GroupA,15600.0,13.3,36.2,459.0,0.4702,2,7200.0,1,urban,selfemployed,1,0,0,452.0
Male,71,55_plus,GroupC,24600.0,13.1,45.0,522.0,0.6745,0,14700.0,0,urban,fulltime,0,0,0,518.0
Female,30,under_55,GroupA,27300.0,10.8,18.0,605.0,0.2453,0,24300.0,1,suburban,fulltime,0,0,0,626.0
Female,50,under_55,GroupA,21000.0,20.2,25.3,497.0,0.4171,1,23300.0,9,suburban,fulltime,0,0,0,506.0
Female,69,55_plus,GroupB,30900.0,14.0,45.0,534.0,0.2961,3,19500.0,8,suburban,parttime,0,0,0,466.0
Male,33,under_55,GroupA,72300.0,14.3,12.5,782.0,0.1769,0,45700.0,4,suburban,fulltime,0,1,1,782.0
Male,42,under_55,GroupA,31000.0,16.9,18.6,484.0,0.7194,1,43200.0,14,urban,fulltime,0,0,0,482.0
Female,55,55_plus,GroupA,9200.0,10.0,38.5,511.0,0.1446,0,3000.0,1,rural,parttime,0,0,1,515.0
Female,56,55_plus,GroupA,14400.0,15.4,42.1,389.0,0.6154,1,12700.0,12,urban,parttime,0,0,0,405.0
Male,52,under_55,GroupA,74200.0,19.7,23.4,845.0,0.1369,0,28800.0,1,suburban,fulltime,0,1,1,833.0
Male,37,under_55,GroupA,25000.0,12.7,18.9,505.0,0.6901,0,12500.0,1,suburban,fulltime,0,0,0,482.0
Male,51,under_55,GroupC,38100.0,12.4,37.5,599.0,0.2569,0,14300.0,1,suburban,fulltime,0,1,1,635.0
Male,34,under_55,GroupB,15800.0,11.4,17.2,558.0,0.2708,0,14300.0,2,urban,selfemployed,1,0,0,550.0
Male,44,under_55,GroupA,25000.0,13.2,25.4,619.0,0.2112,0,10200.0,1,suburban,fulltime,0,0,0,617.0
Female,40,under_55,GroupC,17100.0,10.0,27.6,471.0,0.1461,2,13500.0,11,urban,selfemployed,1,0,0,460.0
Female,34,under_55,GroupB,38400.0,11.8,17.1,476.0,0.6286,1,31600.0,11,urban,fulltime,0,0,0,516.0
Male,51,under_55,GroupB,42100.0,15.0,28.3,693.0,0.1823,1,37000.0,10,urban,fulltime,0,0,1,655.0
Male,45,under_55,GroupA,33300.0,14.7,23.6,673.0,0.1379,0,8500.0,1,suburban,fulltime,0,1,1,693.0
Male,28,under_55,GroupA,42100.0,19.1,5.1,512.0,0.4588,1,25500.0,0,urban,fulltime,0,0,0,490.0
Female,36,under_55,GroupB,20700.0,8.0,20.7,385.0,0.3254,2,13500.0,1,urban,selfemployed,1,0,0,448.0
Female,61,55_plus,GroupA,24000.0,12.2,44.6,569.0,0.3846,1,17600.0,15,rural,fulltime,0,0,0,529.0
Female,44,under_55,GroupA,14300.0,12.6,25.3,413.0,0.4499,1,7100.0,12,urban,fulltime,0,1,1,420.0
Male,66,55_plus,GroupC,23400.0,13.3,45.0,580.0,0.1011,0,16600.0,1,suburban,parttime,1,0,0,623.0
Female,48,under_55,GroupB,30400.0,15.6,25.9,762.0,0.2066,1,7900.0,14,urban,parttime,0,1,1,610.0
Male,50,under_55,GroupA,25100.0,12.3,32.6,473.0,0.2518,2,11600.0,10,rural,selfemployed,0,1,1,481.0
Male,53,under_55,GroupA,63800.0,13.2,33.9,703.0,0.3328,0,23100.0,0,suburban,fulltime,0,1,1,699.0
Male,45,under_55,GroupA,31800.0,14.2,23.4,608.0,0.1562,1,30100.0,1,urban,parttime,0,1,1,622.0
Male,36,under_55,GroupA,43100.0,14.7,14.1,593.0,0.4809,0,41200.0,0,suburban,fulltime,1,0,0,616.0
Female,49,under_55,GroupB,22700.0,12.2,28.9,483.0,0.3417,1,9100.0,12,suburban,parttime,0,0,0,507.0
Male,20,under_55,GroupA,28600.0,11.7,3.3,547.0,0.2279,0,14900.0,19,suburban,fulltime,0,1,1,530.0
Female,30,under_55,GroupC,18300.0,14.2,10.5,610.0,0.2101,0,11600.0,2,urban,parttime,0,0,1,607.0
Male,44,under_55,GroupC,18800.0,11.8,21.9,599.0,0.1621,0,4200.0,3,suburban,fulltime,0,1,1,615.0
Male,43,under_55,GroupA,20800.0,13.0,19.5,503.0,0.4374,0,11600.0,17,suburban,fulltime,1,1,1,505.0
Female,37,under_55,GroupA,23500.0,13.6,23.5,520.0,0.2367,1,11200.0,10,urban,fulltime,1,1,1,530.0
Male,39,under_55,GroupC,32700.0,13.4,14.8,662.0,0.17,0,28400.0,2,suburban,fulltime,0,0,0,630.0
Male,41,under_55,GroupB,18900.0,16.2,17.6,438.0,0.3553,2,9500.0,1,urban,fulltime,1,0,0,436.0
Male,49,under_55,GroupA,30900.0,12.2,26.4,654.0,0.3024,0,13200.0,15,suburban,fulltime,0,1,1,644.0
Male,41,under_55,GroupA,31000.0,11.1,23.8,535.0,0.5871,1,29600.0,12,suburban,fulltime,0,0,0,523.0
Male,64,55_plus,GroupB,23000.0,13.7,42.9,698.0,0.1017,0,5100.0,2,urban,fulltime,1,1,1,646.0
Male,61,55_plus,GroupB,51300.0,15.1,39.6,690.0,0.4467,0,28900.0,3,urban,fulltime,0,1,1,662.0
Female,32,under_55,GroupA,37600.0,13.0,14.3,701.0,0.3012,0,26700.0,10,suburban,fulltime,0,0,1,687.0
Female,49,under_55,GroupA,38700.0,19.1,27.0,686.0,0.2557,0,28100.0,11,urban,fulltime,0,1,1,664.0
Female,53,under_55,GroupA,19900.0,14.5,32.6,395.0,0.7892,0,11000.0,11,urban,fulltime,0,0,0,427.0
Female,35,under_55,GroupB,14700.0,13.5,17.5,562.0,0.3449,1,9900.0,0,urban,parttime,0,1,1,486.0
Male,41,under_55,GroupB,25400.0,15.7,19.6,600.0,0.2353,0,12600.0,0,urban,fulltime,0,1,1,594.0
Female,63,55_plus,GroupA,31400.0,13.0,45.0,576.0,0.2675,1,11200.0,5,suburban,parttime,0,0,0,592.0
Female,18,under_55,GroupA,32300.0,19.3,0.0,580.0,0.1478,0,18600.0,3,rural,fulltime,1,0,0,584.0
Male,60,55_plus,GroupC,35100.0,14.2,41.6,571.0,0.4431,0,19800.0,1,suburban,fulltime,0,1,1,590.0
Male,41,under_55,GroupB,27600.0,17.7,19.2,564.0,0.5429,0,15200.0,5,urban,fulltime,0,0,0,533.0
Female,37,under_55,GroupA,30200.0,13.9,13.1,350.0,0.5376,3,21400.0,12,suburban,fulltime,0,0,0,364.0
Female,56,55_plus,GroupA,36100.0,15.3,32.1,568.0,0.4467,0,17200.0,8,urban,fulltime,1,1,1,553.0
Female,69,55_plus,GroupA,23200.0,17.3,45.0,503.0,0.4134,1,9000.0,16,suburban,fulltime,0,0,0,495.0
Female,51,under_55,GroupA,33900.0,18.7,27.2,479.0,0.5316,1,35800.0,10,suburban,parttime,0,0,0,497.0
Male,33,under_55,GroupB,28000.0,10.5,15.1,533.0,0.5141,0,32500.0,12,urban,parttime,1,0,0,539.0
Female,51,under_55,GroupC,18700.0,13.2,33.9,466.0,0.5789,0,16100.0,15,rural,fulltime,1,1,1,517.0
Male,44,under_55,GroupC,38800.0,12.8,29.0,444.0,0.7292,0,34000.0,1,urban,fulltime,0,0,0,472.0
Female,51,under_55,GroupA,24200.0,17.3,23.5,452.0,0.572,2,5900.0,11,rural,selfemployed,0,0,0,442.0
Male,40,under_55,GroupA,31800.0,12.9,19.3,602.0,0.1869,1,29800.0,3,suburban,fulltime,0,1,1,606.0
Female,54,under_55,GroupA,13600.0,13.0,35.2,304.0,0.5496,2,12800.0,3,rural,parttime,0,0,0,300.0
Male,41,under_55,GroupB,22500.0,12.1,22.5,429.0,0.4763,1,14300.0,2,urban,fulltime,0,0,0,438.0
Male,31,under_55,GroupA,17100.0,12.3,12.2,463.0,0.4268,1,7700.0,1,suburban,fulltime,0,0,0,468.0
Male,37,under_55,GroupA,51700.0,22.0,8.8,754.0,0.0857,0,27100.0,2,suburban,fulltime,0,1,1,760.0
Male,36,under_55,GroupA,18000.0,10.5,20.8,545.0,0.3528,0,13100.0,1,suburban,fulltime,0,0,0,552.0
Female,58,55_plus,GroupB,32000.0,15.1,34.5,300.0,0.8632,2,35200.0,14,urban,fulltime,1,0,0,316.0
Male,55,55_plus,GroupA,35700.0,16.3,29.7,618.0,0.51,0,24300.0,2,suburban,selfemployed,0,1,1,616.0
Female,46,under_55,GroupC,35000.0,12.5,28.3,445.0,0.6,1,17600.0,10,suburban,fulltime,0,0,0,448.0
Female,33,under_55,GroupB,16900.0,15.9,8.7,517.0,0.093,0,8400.0,2,suburban,fulltime,0,0,0,599.0
Female,36,under_55,GroupB,29100.0,11.3,14.7,656.0,0.1417,0,26500.0,1,urban,parttime,1,1,1,649.0
Female,47,under_55,GroupA,20900.0,15.0,27.0,519.0,0.4881,1,28800.0,17,suburban,parttime,0,0,0,470.0
Male,57,55_plus,GroupA,36800.0,15.4,33.8,603.0,0.2373,1,14300.0,1,suburban,fulltime,1,0,1,578.0
Male,50,under_55,GroupA,41400.0,14.4,26.7,589.0,0.2613,2,10600.0,4,rural,selfemployed,1,1,1,562.0
Male,18,under_55,GroupC,24200.0,12.2,1.4,535.0,0.3492,0,5500.0,1,urban,fulltime,0,0,0,520.0
Male,37,under_55,GroupB,49800.0,11.5,24.0,747.0,0.0999,0,76000.0,10,urban,fulltime,0,1,1,757.0
Female,54,under_55,GroupA,33100.0,13.4,32.2,530.0,0.4577,0,19100.0,16,suburban,selfemployed,0,0,0,555.0
Male,64,55_plus,GroupB,36500.0,12.5,45.0,796.0,0.2274,0,13800.0,2,urban,fulltime,1,0,1,745.0
Male,69,55_plus,GroupB,36200.0,10.7,45.0,566.0,0.5268,0,20300.0,4,suburban,fulltime,0,0,0,572.0
Female,72,55_plus,GroupA,18800.0,10.5,45.0,300.0,0.4307,4,13300.0,12,suburban,fulltime,1,0,0,300.0
Male,37,under_55,GroupA,49500.0,17.3,8.8,678.0,0.3138,0,13800.0,10,urban,fulltime,0,1,1,688.0
Male,36,under_55,GroupA,24000.0,10.5,13.2,442.0,0.5309,1,4500.0,1,suburban,fulltime,0,0,0,435.0
Female,46,under_55,GroupB,29000.0,8.0,35.4,531.0,0.1934,1,28000.0,4,urban,fulltime,0,0,0,549.0
Male,46,under_55,GroupB,29700.0,17.5,22.7,445.0,0.5791,2,22300.0,0,suburban,fulltime,0,1,1,426.0
Male,52,under_55,GroupA,23100.0,12.7,37.3,483.0,0.4863,1,19400.0,20,suburban,fulltime,0,0,0,482.0
Male,38,under_55,GroupA,29200.0,15.0,20.4,572.0,0.424,0,47800.0,3,rural,selfemployed,0,0,0,558.0
Female,36,under_55,GroupA,45800.0,17.6,11.7,671.0,0.2711,0,14600.0,18,suburban,fulltime,0,0,1,689.0
Female,44,under_55,GroupA,42400.0,16.0,27.0,641.0,0.3046,0,24400.0,2,urban,selfemployed,0,1,1,650.0
Female,46,under_55,GroupA,24000.0,8.6,34.0,501.0,0.4566,1,15500.0,3,suburban,fulltime,1,0,0,491.0
Female,65,55_plus,GroupA,11100.0,13.3,45.0,317.0,0.5614,2,3800.0,14,suburban,parttime,1,0,0,300.0
Female,51,under_55,GroupC,15800.0,14.5,32.0,588.0,0.3775,0,6700.0,31,suburban,parttime,0,1,1,546.0
Male,45,under_55,GroupB,38900.0,11.0,28.5,387.0,0.6963,2,63100.0,0,urban,fulltime,0,0,0,400.0
Female,42,under_55,GroupB,16000.0,14.3,11.5,459.0,0.4535,1,17200.0,13,urban,fulltime,0,0,0,444.0
Female,46,under_55,GroupB,73000.0,12.0,31.6,837.0,0.3569,0,19200.0,9,suburban,parttime,1,0,1,734.0
Male,28,under_55,GroupB,36400.0,13.3,5.4,475.0,0.5188,1,11200.0,3,suburban,fulltime,0,0,0,489.0
Female,37,under_55,GroupA,58500.0,15.7,11.8,728.0,0.1281,1,17500.0,0,suburban,selfemployed,0,0,1,679.0
Male,36,under_55,GroupA,46100.0,16.9,13.4,646.0,0.397,0,49600.0,1,suburban,fulltime,0,1,1,639.0
Female,52,under_55,GroupA,51600.0,16.5,26.4,653.0,0.3163,0,17800.0,1,suburban,parttime,0,1,1,634.0
Female,39,under_55,GroupA,57800.0,12.0,18.1,598.0,0.3619,0,60000.0,1,suburban,selfemployed,0,1,1,668.0
Female,43,under_55,GroupC,16700.0,8.7,30.5,576.0,0.2115,1,10000.0,0,urban,parttime,1,0,1,565.0
Female,35,under_55,GroupA,19700.0,12.9,14.9,456.0,0.5166,1,10300.0,8,urban,parttime,1,0,0,446.0
Male,47,under_55,GroupA,45700.0,11.0,24.3,716.0,0.1109,0,16900.0,1,suburban,selfemployed,0,1,1,735.0
Female,56,55_plus,GroupA,22600.0,13.2,34.0,536.0,0.3855,1,29800.0,3,suburban,parttime,1,0,0,540.0
Female,48,under_55,GroupA,29800.0,14.9,25.9,490.0,0.2837,2,16300.0,10,suburban,fulltime,1,0,0,492.0
Female,30,under_55,GroupA,25900.0,17.7,9.1,397.0,0.3241,3,18600.0,22,urban,fulltime,0,0,0,476.0
Female,51,under_55,GroupA,22500.0,16.4,28.4,488.0,0.5383,1,31200.0,19,rural,fulltime,1,0,0,477.0
Female,31,under_55,GroupA,25100.0,17.2,8.1,468.0,0.2585,0,7900.0,2,suburban,selfemployed,1,0,0,521.0
Male,48,under_55,GroupA,59900.0,14.2,24.7,833.0,0.02,0,29200.0,0,suburban,fulltime,0,1,1,824.0
Male,39,under_55,GroupA,33000.0,9.3,27.6,532.0,0.5101,1,48300.0,3,urban,fulltime,0,0,0,514.0
Male,51,under_55,GroupA,22100.0,13.7,35.4,498.0,0.44,0,17700.0,2,suburban,selfemployed,0,0,0,494.0
Female,36,under_55,GroupA,46200.0,18.4,16.1,500.0,0.549,2,42200.0,3,suburban,fulltime,0,0,0,480.0
Male,49,under_55,GroupA,35000.0,14.8,26.1,538.0,0.5694,0,18900.0,2,suburban,fulltime,0,1,1,528.0
Female,68,55_plus,GroupC,23900.0,15.8,45.0,416.0,0.6446,1,6400.0,10,suburban,fulltime,0,0,0,443.0
Male,37,under_55,GroupA,24700.0,10.2,27.9,652.0,0.1752,0,14800.0,2,suburban,selfemployed,0,0,0,648.0
Male,35,under_55,GroupA,36000.0,15.8,13.1,401.0,0.8014,1,47800.0,1,urban,fulltime,0,1,1,406.0
Male,35,under_55,GroupA,82100.0,10.2,14.7,678.0,0.4001,0,85900.0,2,suburban,fulltime,0,1,1,685.0
Female,40,under_55,GroupA,44700.0,12.2,18.2,565.0,0.3683,1,7100.0,13,suburban,parttime,0,0,1,586.0
Male,30,under_55,GroupA,36500.0,11.2,7.7,572.0,0.3699,0,18900.0,1,suburban,fulltime,0,1,1,590.0
Female,51,under_55,GroupB,31600.0,17.9,34.4,603.0,0.293,0,11400.0,16,urban,fulltime,0,1,1,648.0
Male,52,under_55,GroupA,88300.0,16.5,30.3,742.0,0.2496,0,69000.0,0,suburban,fulltime,0,1,1,728.0
Male,61,55_plus,GroupA,27400.0,15.7,35.5,399.0,0.5576,2,22000.0,4,urban,parttime,0,0,0,400.0
Male,21,under_55,GroupA,71200.0,13.7,3.8,540.0,0.5008,0,38900.0,1,urban,fulltime,0,1,1,561.0
Male,62,55_plus,GroupA,34300.0,15.1,39.8,404.0,0.8481,1,19800.0,6,suburban,fulltime,1,0,0,373.0
Male,72,55_plus,GroupA,24000.0,12.3,45.0,461.0,0.4164,2,20300.0,0,suburban,fulltime,1,0,0,466.0
Male,30,under_55,GroupA,27500.0,9.0,13.9,654.0,0.2658,0,19000.0,2,rural,fulltime,0,1,1,663.0
Male,47,under_55,GroupA,19700.0,11.0,31.1,625.0,0.0736,0,6800.0,2,urban,fulltime,0,1,1,628.0
Female,27,under_55,GroupC,24600.0,13.2,6.7,459.0,0.1582,2,12500.0,18,urban,fulltime,0,0,0,468.0
Female,29,under_55,GroupA,21300.0,14.1,9.0,547.0,0.2869,0,12200.0,0,rural,fulltime,1,0,1,564.0
Female,63,55_plus,GroupC,13900.0,10.4,45.0,433.0,0.4133,1,8400.0,18,urban,parttime,0,0,0,460.0
Male,42,under_55,GroupA,59800.0,18.4,14.9,726.0,0.2974,0,20000.0,2,suburban,fulltime,1,1,1,724.0
Male,26,under_55,GroupA,46800.0,16.9,0.0,602.0,0.3627,0,34000.0,4,suburban,selfemployed,1,1,1,594.0
Female,40,under_55,GroupA,29600.0,13.0,20.9,714.0,0.0356,0,33900.0,7,suburban,fulltime,1,0,1,703.0
Female,53,under_55,GroupB,35800.0,12.2,36.1,617.0,0.2358,2,19900.0,1,suburban,selfemployed,0,0,0,517.0
Female,33,under_55,GroupA,11400.0,15.1,7.1,304.0,0.6065,5,8200.0,14,suburban,fulltime,0,0,0,300.0
Male,35,under_55,GroupA,26800.0,11.4,17.2,619.0,0.1522,0,7800.0,2,suburban,parttime,0,1,1,626.0
Male,61,55_plus,GroupC,30400.0,14.3,39.7,491.0,0.4814,0,14000.0,1,urban,fulltime,1,1,1,561.0
Male,67,55_plus,GroupA,23100.0,14.0,45.0,543.0,0.3527,0,22800.0,18,suburban,fulltime,0,0,0,536.0
Male,29,under_55,GroupA,38300.0,11.6,11.3,722.0,0.1826,0,19700.0,1,rural,fulltime,0,1,1,731.0
Male,41,under_55,GroupB,37700.0,13.0,21.8,711.0,0.2879,0,13400.0,0,urban,fulltime,1,0,1,678.0
Male,39,under_55,GroupA,55400.0,16.8,17.3,684.0,0.4016,0,42200.0,0,suburban,fulltime,0,1,1,673.0
Male,44,under_55,GroupA,25700.0,19.1,19.0,464.0,0.7042,0,10800.0,2,urban,fulltime,0,0,0,486.0
Male,39,under_55,GroupA,25700.0,11.6,17.3,300.0,0.7139,3,16800.0,1,rural,fulltime,0,0,0,300.0
Female,34,under_55,GroupA,19400.0,9.5,17.9,582.0,0.1166,0,22400.0,16,rural,parttime,0,1,1,620.0
Male,41,under_55,GroupA,32800.0,14.7,20.2,526.0,0.3026,2,20000.0,0,rural,fulltime,1,1,1,546.0
Female,74,55_plus,GroupB,15000.0,11.4,45.0,561.0,0.2718,0,5000.0,12,rural,fulltime,0,0,0,563.0
Male,23,under_55,GroupA,38700.0,11.7,0.0,429.0,0.4071,2,25900.0,3,urban,fulltime,1,0,0,417.0
Male,30,under_55,GroupA,18600.0,16.6,7.2,536.0,0.0788,0,18800.0,1,suburban,selfemployed,1,1,1,546.0
Female,56,55_plus,GroupC,11300.0,12.4,35.4,300.0,0.6182,2,14100.0,11,urban,fulltime,1,0,0,300.0
Female,63,55_plus,GroupA,95600.0,16.0,42.6,792.0,0.2526,0,67600.0,11,suburban,fulltime,0,1,1,797.0
Male,28,under_55,GroupA,21300.0,12.9,14.4,639.0,0.1644,0,4600.0,1,rural,fulltime,0,1,1,624.0
Male,45,under_55,GroupB,24800.0,11.9,29.5,456.0,0.6471,0,14700.0,13,urban,selfemployed,1,0,0,478.0
Male,48,under_55,GroupA,39400.0,21.0,16.8,480.0,0.3707,2,16300.0,1,suburban,parttime,0,1,1,511.0
Male,62,55_plus,GroupA,33900.0,14.8,42.0,572.0,0.2285,1,15700.0,14,suburban,fulltime,0,0,1,586.0
Male,46,under_55,GroupC,29100.0,13.1,30.3,499.0,0.4879,1,23900.0,2,urban,fulltime,0,0,0,506.0
Female,37,under_55,GroupA,41400.0,18.0,13.1,724.0,0.1443,0,18100.0,15,rural,selfemployed,0,1,1,709.0
Male,44,under_55,GroupA,23900.0,15.4,23.2,349.0,0.8439,1,19800.0,13,suburban,fulltime,1,0,0,348.0
Female,39,under_55,GroupA,57300.0,13.7,24.7,698.0,0.3445,0,28400.0,10,suburban,selfemployed,0,1,1,692.0
Female,47,under_55,GroupA,31100.0,12.0,30.4,546.0,0.3949,0,7200.0,13,urban,selfemployed,0,0,0,530.0
Female,44,under_55,GroupB,31300.0,14.3,25.3,524.0,0.4384,1,36600.0,2,urban,fulltime,1,0,0,521.0
Male,37,under_55,GroupA,17500.0,13.8,19.6,508.0,0.4357,0,8300.0,0,rural,fulltime,0,1,1,498.0
Male,50,under_55,GroupC,32700.0,12.7,31.3,441.0,0.7966,0,32400.0,0,urban,fulltime,0,0,0,499.0
Female,57,55_plus,GroupA,16000.0,15.1,32.2,579.0,0.2808,0,11400.0,4,suburban,parttime,1,1,1,554.0
Male,62,55_plus,GroupA,30800.0,15.4,45.0,628.0,0.1852,0,22800.0,12,suburban,fulltime,0,1,1,631.0
Female,22,under_55,GroupA,30800.0,14.2,1.8,550.0,0.157,0,22800.0,2,urban,fulltime,0,1,1,579.0
Male,29,under_55,GroupA,34100.0,15.6,5.2,558.0,0.4097,0,22500.0,2,urban,fulltime,0,0,0,557.0
Female,34,under_55,GroupB,15300.0,13.1,20.3,410.0,0.5721,1,11400.0,9,urban,parttime,0,0,0,409.0
Female,37,under_55,GroupA,22900.0,13.7,12.3,553.0,0.3852,0,14100.0,13,urban,fulltime,1,1,1,577.0
Female,57,55_plus,GroupA,22300.0,15.4,33.5,351.0,0.6782,1,15800.0,12,rural,fulltime,0,0,0,379.0
Male,45,under_55,GroupB,31100.0,15.4,22.8,669.0,0.1887,0,41700.0,1,rural,parttime,1,0,0,696.0
Male,65,55_plus,GroupA,42500.0,15.4,44.0,639.0,0.199,1,11700.0,2,rural,selfemployed,0,0,0,629.0
Male,39,under_55,GroupA,36400.0,17.5,13.8,574.0,0.3544,0,16100.0,2,suburban,selfemployed,0,1,1,577.0
Female,62,55_plus,GroupA,24600.0,14.2,40.6,454.0,0.3436,2,52800.0,9,rural,fulltime,1,0,0,450.0
Female,45,under_55,GroupA,50400.0,16.4,20.9,689.0,0.2715,0,26600.0,15,suburban,selfemployed,0,0,1,680.0
Female,41,under_55,GroupB,15800.0,12.0,24.4,561.0,0.2163,1,8900.0,24,rural,parttime,0,0,0,509.0
Female,49,under_55,GroupB,16500.0,16.9,26.1,461.0,0.4784,0,14700.0,17,urban,parttime,0,0,0,474.0
Male,24,under_55,GroupC,25300.0,16.4,0.0,335.0,0.8513,1,13700.0,1,urban,fulltime,0,0,0,300.0
Male,38,under_55,GroupA,43700.0,18.6,10.4,556.0,0.6479,0,32900.0,0,urban,fulltime,0,1,1,561.0
Female,43,under_55,GroupC,20700.0,16.0,19.2,557.0,0.4125,1,24700.0,8,suburban,parttime,0,1,1,499.0
Male,32,under_55,GroupB,39800.0,11.9,6.9,602.0,0.1875,0,41100.0,0,urban,fulltime,0,1,1,619.0
Male,31,under_55,GroupA,30100.0,13.5,17.2,600.0,0.356,0,23200.0,1,rural,fulltime,0,1,1,600.0
Male,28,under_55,GroupA,21300.0,13.7,4.1,421.0,0.2553,2,11900.0,8,suburban,fulltime,0,0,0,434.0
Female,70,55_plus,GroupA,29700.0,16.3,45.0,631.0,0.1683,0,23100.0,12,suburban,parttime,0,0,1,630.0
Female,49,under_55,GroupA,33200.0,13.7,34.3,525.0,0.3632,1,17100.0,0,urban,fulltime,0,0,0,531.0
Male,38,under_55,GroupA,15200.0,13.5,19.2,504.0,0.4348,0,7300.0,0,suburban,fulltime,0,0,0,527.0
Female,41,under_55,GroupB,19100.0,14.4,16.4,613.0,0.1791,0,11600.0,12,rural,fulltime,0,1,1,625.0
Male,29,under_55,GroupB,45100.0,13.3,10.6,749.0,0.1458,0,30000.0,0,urban,fulltime,0,1,1,714.0
Male,40,under_55,GroupA,20200.0,15.9,15.5,471.0,0.4847,0,10900.0,0,suburban,fulltime,0,1,1,460.0
Male,59,55_plus,GroupA,38900.0,20.9,34.3,638.0,0.2856,0,17500.0,1,urban,fulltime,0,1,1,637.0
Male,59,55_plus,GroupA,64000.0,16.9,38.2,599.0,0.649,0,47500.0,17,suburban,fulltime,0,1,1,593.0
Male,48,under_55,GroupA,21800.0,14.7,33.7,447.0,0.4223,2,8300.0,0,suburban,fulltime,0,0,0,439.0
Female,44,under_55,GroupB,12700.0,9.9,27.4,376.0,0.5097,1,13200.0,18,urban,fulltime,0,0,0,416.0
Male,38,under_55,GroupA,30400.0,12.1,18.6,581.0,0.3388,0,9800.0,5,suburban,parttime,1,1,1,585.0
Male,63,55_plus,GroupA,29900.0,13.4,42.6,312.0,0.95,3,20400.0,1,suburban,fulltime,0,0,0,300.0
Male,39,under_55,GroupA,22300.0,13.8,19.8,672.0,0.0671,0,18500.0,1,urban,fulltime,1,1,1,688.0
Male,56,55_plus,GroupB,13100.0,8.1,41.7,446.0,0.2174,1,8000.0,0,urban,fulltime,0,0,0,473.0
Female,49,under_55,GroupA,25500.0,13.0,25.5,433.0,0.3665,1,17400.0,2,urban,parttime,0,0,0,480.0
Male,47,under_55,GroupA,62900.0,19.1,24.8,736.0,0.2069,0,23300.0,2,suburban,fulltime,0,1,1,750.0
Male,53,under_55,GroupA,33300.0,13.5,32.8,495.0,0.7237,0,18200.0,1,urban,fulltime,1,0,0,495.0
Female,40,under_55,GroupA,32600.0,17.5,19.6,435.0,0.4736,1,19900.0,9,suburban,fulltime,0,0,0,494.0
Male,25,under_55,GroupB,23000.0,16.9,3.5,443.0,0.3583,2,17300.0,0,urban,fulltime,0,0,0,441.0
Female,48,under_55,GroupA,44300.0,18.0,26.6,671.0,0.2527,0,30200.0,14,suburban,fulltime,1,0,1,678.0
Male,49,under_55,GroupC,42600.0,13.0,33.0,632.0,0.2359,1,12600.0,1,urban,fulltime,0,1,1,589.0
Female,60,55_plus,GroupA,18600.0,13.8,37.3,512.0,0.4461,1,11400.0,0,suburban,fulltime,0,0,0,468.0
Female,26,under_55,GroupA,27300.0,14.6,3.7,648.0,0.2671,0,11600.0,14,suburban,fulltime,0,1,1,609.0
Male,47,under_55,GroupA,29200.0,11.7,32.1,701.0,0.14,0,27300.0,0,rural,parttime,0,1,1,696.0
Female,47,under_55,GroupA,23700.0,16.5,23.3,399.0,0.4179,2,13800.0,14,rural,parttime,0,0,0,423.0
Female,24,under_55,GroupA,13400.0,13.6,3.5,300.0,0.448,2,12200.0,13,rural,parttime,0,0,0,300.0
Male,60,55_plus,GroupA,47000.0,13.4,40.1,646.0,0.2229,1,41900.0,2,urban,fulltime,1,0,1,647.0
Male,29,under_55,GroupC,19800.0,9.4,11.4,542.0,0.4726,0,9900.0,2,urban,fulltime,0,0,0,534.0
Female,57,55_plus,GroupA,18500.0,9.6,42.6,521.0,0.3617,1,12600.0,12,rural,fulltime,0,0,0,513.0
Male,58,55_plus,GroupA,30600.0,14.8,39.7,622.0,0.2802,0,14200.0,2,suburban,fulltime,0,1,1,619.0
Male,42,under_55,GroupA,88300.0,14.3,22.5,811.0,0.1751,0,39800.0,2,suburban,fulltime,0,1,1,819.0
Male,44,under_55,GroupB,53100.0,15.1,18.6,608.0,0.3778,1,72700.0,5,urban,fulltime,0,1,1,652.0
Female,42,under_55,GroupB,16800.0,14.7,24.2,525.0,0.4998,0,11300.0,16,urban,parttime,0,0,0,466.0
Female,52,under_55,GroupB,31400.0,14.8,29.0,618.0,0.2782,0,18000.0,9,suburban,fulltime,0,1,1,629.0
Female,43,under_55,GroupB,24900.0,14.6,22.2,635.0,0.3065,0,13800.0,16,rural,parttime,0,0,0,618.0
Male,44,under_55,GroupA,44300.0,12.5,24.5,549.0,0.6382,0,36300.0,3,rural,fulltime,0,1,1,548.0
Male,19,under_55,GroupA,28800.0,12.1,3.8,505.0,0.4204,0,34500.0,3,urban,fulltime,1,0,0,508.0
Female,51,under_55,GroupA,18100.0,12.3,35.7,419.0,0.6033,1,21300.0,15,urban,fulltime,0,0,0,423.0
Female,31,under_55,GroupA,14500.0,14.4,10.5,419.0,0.5617,2,6900.0,7,suburban,parttime,0,0,0,390.0
Female,44,under_55,GroupB,33900.0,16.2,19.5,646.0,0.1423,0,19300.0,19,urban,fulltime,0,0,1,693.0
Female,58,55_plus,GroupA,26100.0,18.7,33.8,514.0,0.2614,1,13400.0,12,suburban,parttime,0,0,1,544.0
Male,30,under_55,GroupA,50700.0,12.7,5.8,570.0,0.5489,0,28600.0,4,suburban,fulltime,0,1,1,568.0
Male,42,under_55,GroupA,46800.0,12.8,23.7,586.0,0.5472,0,32700.0,1,suburban,fulltime,0,1,1,584.0
Female,57,55_plus,GroupA,24100.0,11.2,45.0,500.0,0.4128,1,20400.0,15,suburban,selfemployed,0,0,0,480.0
Male,38,under_55,GroupB,34200.0,11.7,15.6,815.0,0.2497,0,7100.0,13,urban,selfemployed,0,1,1,683.0
Male,51,under_55,GroupB,38200.0,11.8,33.4,300.0,0.95,2,21200.0,4,urban,fulltime,0,0,0,330.0
Female,53,under_55,GroupB,19600.0,12.4,32.7,341.0,0.8039,3,7600.0,14,suburban,parttime,0,0,0,300.0
Male,38,under_55,GroupC,28100.0,10.8,19.6,639.0,0.2813,0,26200.0,0,urban,fulltime,0,0,0,665.0
Male,33,under_55,GroupB,43600.0,14.7,13.5,490.0,0.686,1,21400.0,0,suburban,fulltime,0,1,1,486.0
Female,37,under_55,GroupA,16700.0,12.8,17.7,557.0,0.1624,1,7700.0,14,suburban,parttime,0,0,0,552.0
Male,35,under_55,GroupA,16000.0,12.6,11.0,437.0,0.2768,1,12300.0,1,suburban,parttime,0,0,0,460.0
Male,35,under_55,GroupA,36300.0,17.6,11.8,582.0,0.3473,1,57200.0,2,suburban,fulltime,1,1,1,586.0
Female,40,under_55,GroupA,30000.0,15.2,24.3,471.0,0.3535,1,22600.0,1,rural,selfemployed,0,0,0,526.0
Male,62,55_plus,GroupC,34100.0,14.1,42.3,587.0,0.6146,0,20200.0,1,urban,fulltime,0,0,0,566.0
Male,23,under_55,GroupB,24200.0,15.1,0.0,421.0,0.1897,2,9900.0,4,suburban,fulltime,0,0,0,407.0
Female,41,under_55,GroupA,29200.0,15.8,21.1,466.0,0.4363,1,21900.0,14,suburban,fulltime,0,0,0,462.0
Female,31,under_55,GroupA,25700.0,11.4,14.6,590.0,0.4652,0,14500.0,7,suburban,fulltime,0,0,0,535.0
Female,39,under_55,GroupA,46500.0,17.7,12.7,648.0,0.2716,0,31000.0,0,suburban,fulltime,0,1,1,668.0
Female,47,under_55,GroupB,31600.0,13.3,29.1,720.0,0.2739,0,42400.0,15,rural,fulltime,1,0,1,661.0
Male,34,under_55,GroupA,21600.0,8.3,17.0,430.0,0.5458,1,20900.0,2,suburban,fulltime,1,0,0,450.0
Female,44,under_55,GroupB,27500.0,14.5,21.7,436.0,0.5635,1,27300.0,11,urban,fulltime,0,0,0,443.0
Male,35,under_55,GroupA,31900.0,12.9,17.3,661.0,0.1136,1,23400.0,1,rural,fulltime,1,1,1,648.0
Female,34,under_55,GroupA,23100.0,15.2,7.5,489.0,0.2264,0,3900.0,9,urban,parttime,0,1,1,566.0
Male,53,under_55,GroupA,13600.0,12.5,35.3,610.0,0.0677,0,12100.0,1,suburban,fulltime,0,0,0,626.0
Female,40,under_55,GroupC,29200.0,8.0,26.6,609.0,0.4587,0,16100.0,15,urban,fulltime,0,1,1,596.0
Male,62,55_plus,GroupB,36700.0,13.9,41.7,547.0,0.642,1,27300.0,11,urban,fulltime,0,1,1,505.0
Male,53,under_55,GroupA,24200.0,9.2,37.5,446.0,0.4589,1,14200.0,3,suburban,selfemployed,1,0,0,444.0
Female,56,55_plus,GroupA,24400.0,15.5,34.1,557.0,0.296,1,8800.0,11,suburban,fulltime,0,0,0,578.0
Female,36,under_55,GroupA,40100.0,14.5,15.3,586.0,0.6847,0,41500.0,17,suburban,fulltime,0,0,1,522.0
Female,29,under_55,GroupC,20500.0,16.9,4.2,511.0,0.3238,0,16300.0,11,urban,parttime,0,0,0,551.0
Female,39,under_55,GroupA,18400.0,14.8,24.2,496.0,0.7861,0,13000.0,9,suburban,fulltime,0,0,0,446.0
Female,38,under_55,GroupA,16900.0,11.0,17.3,492.0,0.1622,1,19300.0,12,suburban,selfemployed,0,0,0,542.0
Male,34,under_55,GroupB,21000.0,13.5,16.5,511.0,0.6603,0,9400.0,3,urban,fulltime,0,0,0,508.0
Male,34,under_55,GroupA,44200.0,14.1,11.6,590.0,0.3131,1,14400.0,1,suburban,fulltime,0,1,1,594.0
Male,40,under_55,GroupC,51400.0,15.5,24.3,620.0,0.4208,0,24400.0,2,suburban,fulltime,0,1,1,617.0
Male,59,55_plus,GroupB,34100.0,14.3,36.6,741.0,0.1269,0,21700.0,3,rural,fulltime,0,1,1,708.0
Female,26,under_55,GroupA,29500.0,13.7,2.3,427.0,0.5546,1,7300.0,3,rural,fulltime,0,0,0,399.0
Male,26,under_55,GroupA,43900.0,11.7,8.6,633.0,0.334,0,15300.0,1,suburban,fulltime,0,1,1,645.0
Female,42,under_55,GroupA,16000.0,16.2,19.9,471.0,0.2914,1,8500.0,12,suburban,parttime,0,0,0,526.0
Male,34,under_55,GroupA,36100.0,16.5,14.0,583.0,0.5242,0,17400.0,1,suburban,fulltime,0,0,0,595.0
Male,56,55_plus,GroupC,22500.0,12.5,40.4,532.0,0.4865,0,15300.0,2,suburban,selfemployed,0,0,0,487.0
Male,38,under_55,GroupB,38800.0,15.4,15.1,556.0,0.2901,2,31400.0,4,urban,fulltime,0,1,1,555.0
Female,44,under_55,GroupC,30900.0,14.3,27.3,389.0,0.8538,0,23900.0,11,urban,fulltime,0,0,1,442.0
Male,76,55_plus,GroupA,12600.0,11.9,45.0,532.0,0.2745,0,8400.0,4,suburban,fulltime,0,0,0,522.0
Female,63,55_plus,GroupC,20200.0,8.0,45.0,526.0,0.3565,2,4800.0,8,urban,fulltime,1,0,0,457.0
Male,33,under_55,GroupC,23700.0,13.2,10.9,609.0,0.1439,0,14300.0,1,urban,fulltime,0,1,1,632.0
Male,66,55_plus,GroupA,41300.0,12.4,45.0,596.0,0.3472,0,16300.0,1,suburban,fulltime,0,0,0,610.0
Male,30,under_55,GroupA,27200.0,21.6,0.3,551.0,0.1025,0,23100.0,1,suburban,fulltime,0,1,1,574.0
Male,28,under_55,GroupB,20300.0,11.9,14.7,629.0,0.3386,0,8400.0,1,urban,fulltime,0,1,1,612.0
Male,44,under_55,GroupA,19100.0,11.7,27.3,344.0,0.4154,2,11700.0,2,urban,fulltime,1,0,0,364.0
Male,47,under_55,GroupB,26700.0,12.2,32.8,644.0,0.3025,0,13600.0,1,suburban,fulltime,0,1,1,627.0
Female,31,under_55,GroupA,19300.0,15.2,8.4,382.0,0.7128,1,10000.0,16,suburban,fulltime,0,0,0,350.0
Male,30,under_55,GroupC,21900.0,13.4,11.2,472.0,0.4688,1,6100.0,17,rural,parttime,0,0,0,499.0
Male,45,under_55,GroupB,36100.0,13.6,24.9,629.0,0.2707,0,15500.0,1,urban,parttime,1,1,1,634.0
Female,56,55_plus,GroupB,16200.0,12.9,33.4,344.0,0.589,2,16100.0,19,suburban,parttime,0,0,0,347.0
Male,25,under_55,GroupC,25600.0,15.6,4.5,453.0,0.8101,1,14900.0,2,suburban,fulltime,1,0,0,355.0
Male,60,55_plus,GroupA,29600.0,16.5,35.7,635.0,0.2047,0,18200.0,1,urban,fulltime,0,1,1,631.0
Male,54,under_55,GroupA,35500.0,14.1,36.2,524.0,0.5004,0,28800.0,2,urban,fulltime,0,0,0,514.0
Female,30,under_55,GroupC,21400.0,10.1,8.9,617.0,0.0939,0,15100.0,10,urban,fulltime,1,0,1,651.0
Male,45,under_55,GroupA,39600.0,14.5,27.5,682.0,0.2369,0,22600.0,0,suburban,fulltime,0,0,0,676.0
Male,30,under_55,GroupC,37800.0,13.5,10.1,648.0,0.3341,1,17800.0,0,rural,fulltime,0,0,0,614.0
Female,29,under_55,GroupB,15800.0,13.3,11.0,390.0,0.5752,1,12600.0,0,rural,parttime,0,0,0,386.0
Male,46,under_55,GroupA,47200.0,18.3,23.2,666.0,0.2889,0,42500.0,1,urban,fulltime,0,1,1,674.0
Female,30,under_55,GroupA,18800.0,17.9,2.6,483.0,0.4219,0,10000.0,7,suburban,parttime,1,1,1,465.0
Female,54,under_55,GroupA,19100.0,14.4,35.0,442.0,0.2773,1,10700.0,1,suburban,selfemployed,0,0,0,501.0
Male,42,under_55,GroupB,29700.0,11.0,21.7,588.0,0.3864,0,4700.0,0,suburban,fulltime,0,1,1,589.0
Male,43,under_55,GroupA,16900.0,9.7,26.8,380.0,0.3442,3,14800.0,1,suburban,fulltime,0,0,0,376.0
Male,39,under_55,GroupA,43000.0,14.8,15.9,711.0,0.1697,0,28800.0,8,rural,fulltime,0,1,1,705.0
Male,22,under_55,GroupA,22200.0,11.6,2.2,525.0,0.2083,0,20200.0,1,suburban,fulltime,0,1,1,528.0
Female,54,under_55,GroupA,23200.0,12.1,33.5,370.0,0.8874,1,22400.0,1,suburban,parttime,0,0,0,358.0
Male,32,under_55,GroupA,26200.0,13.5,12.7,531.0,0.2991,1,7400.0,3,suburban,fulltime,0,1,1,514.0
Male,37,under_55,GroupA,14500.0,12.2,20.9,393.0,0.7139,0,6800.0,3,urban,parttime,0,0,0,393.0
Female,23,under_55,GroupB,28800.0,10.2,0.4,506.0,0.3733,1,17800.0,2,urban,fulltime,0,0,0,403.0
Male,40,under_55,GroupA,40800.0,15.2,20.6,614.0,0.2267,1,29800.0,2,rural,fulltime,0,1,1,607.0
Male,58,55_plus,GroupA,15000.0,9.5,41.6,464.0,0.3207,1,8100.0,2,urban,selfemployed,1,1,1,470.0
Male,68,55_plus,GroupB,14900.0,9.7,45.0,328.0,0.709,2,14200.0,2,rural,fulltime,0,0,0,307.0
Male,45,under_55,GroupC,26700.0,15.0,26.4,562.0,0.4828,1,8500.0,1,rural,fulltime,1,0,0,518.0
Male,28,under_55,GroupB,52500.0,13.4,11.5,837.0,0.0817,0,12600.0,2,suburban,fulltime,0,1,1,791.0
Male,34,under_55,GroupA,59800.0,15.3,16.9,731.0,0.1941,0,35500.0,0,suburban,fulltime,0,1,1,713.0
Male,22,under_55,GroupB,31800.0,13.6,0.4,544.0,0.327,0,7600.0,3,urban,fulltime,0,0,0,520.0
Male,18,under_55,GroupA,31400.0,15.4,0.0,489.0,0.4093,0,18500.0,2,suburban,fulltime,0,1,1,493.0
Male,69,55_plus,GroupA,34200.0,17.7,45.0,655.0,0.3164,0,28100.0,3,rural,selfemployed,0,1,1,655.0
Male,18,under_55,GroupA,29600.0,15.1,0.0,511.0,0.2621,0,11700.0,0,suburban,fulltime,1,1,1,524.0
Male,18,under_55,GroupA,20000.0,14.1,0.3,336.0,0.7308,1,7800.0,0,urban,fulltime,0,0,0,300.0
Male,74,55_plus,GroupB,23900.0,14.2,45.0,503.0,0.6656,1,15200.0,2,urban,fulltime,0,0,0,448.0
Female,57,55_plus,GroupC,18700.0,11.3,33.5,399.0,0.4317,1,23100.0,9,urban,parttime,0,0,0,416.0
Male,38,under_55,GroupA,38100.0,13.4,15.5,536.0,0.4636,0,19700.0,1,suburban,selfemployed,0,1,1,548.0
Male,50,under_55,GroupB,19800.0,11.8,32.6,475.0,0.3998,1,12800.0,2,urban,selfemployed,0,0,0,479.0
Male,29,under_55,GroupA,14800.0,13.7,11.2,457.0,0.4939,0,3000.0,2,suburban,selfemployed,0,0,0,456.0
Female,64,55_plus,GroupA,23000.0,15.4,45.0,527.0,0.294,0,7000.0,18,suburban,fulltime,1,1,1,552.0
Female,50,under_55,GroupA,68700.0,13.5,27.3,762.0,0.1521,0,50700.0,7,suburban,fulltime,0,1,1,758.0
Male,51,under_55,GroupA,42600.0,15.6,27.6,652.0,0.2744,0,47300.0,1,suburban,fulltime,1,1,1,634.0
Male,18,under_55,GroupA,23600.0,15.5,0.0,346.0,0.5642,0,9800.0,15,suburban,fulltime,0,0,0,356.0
Male,52,under_55,GroupA,35800.0,16.7,29.4,691.0,0.2181,0,18900.0,1,rural,fulltime,0,1,1,678.0
Female,37,under_55,GroupB,28200.0,14.8,14.4,478.0,0.2742,2,10000.0,2,urban,fulltime,0,1,1,504.0
Male,56,55_plus,GroupB,51900.0,15.0,39.4,612.0,0.5861,0,24000.0,0,urban,fulltime,0,0,0,609.0
Female,43,under_55,GroupA,25600.0,15.9,18.2,579.0,0.1877,0,8900.0,14,suburban,selfemployed,0,0,0,617.0
Female,40,under_55,GroupC,19100.0,11.5,23.2,561.0,0.217,0,8100.0,1,urban,fulltime,0,1,1,583.0
Male,42,under_55,GroupA,45300.0,16.6,24.5,697.0,0.2889,0,22900.0,1,suburban,fulltime,1,1,1,683.0
Male,51,under_55,GroupB,32900.0,17.4,23.7,633.0,0.2589,0,18700.0,1,suburban,fulltime,0,1,1,617.0
Male,57,55_plus,GroupA,25200.0,16.3,31.7,481.0,0.3608,2,9600.0,1,suburban,fulltime,0,1,1,479.0
Female,43,under_55,GroupA,35500.0,17.9,23.9,683.0,0.2263,0,18700.0,16,suburban,fulltime,0,0,1,656.0
Male,46,under_55,GroupA,43200.0,15.8,25.4,547.0,0.4053,1,56200.0,2,rural,fulltime,0,0,0,568.0
Male,43,under_55,GroupA,26400.0,14.9,18.4,638.0,0.2627,0,30700.0,4,urban,fulltime,0,1,1,629.0
Female,32,under_55,GroupA,19300.0,14.8,5.0,497.0,0.2726,1,17000.0,1,urban,parttime,0,0,0,462.0
Male,39,under_55,GroupC,37800.0,17.2,14.6,655.0,0.158,0,42800.0,0,urban,fulltime,0,0,1,655.0
Male,35,under_55,GroupA,61100.0,18.3,11.3,615.0,0.5564,0,67500.0,2,suburban,fulltime,0,1,1,603.0
Female,36,under_55,GroupB,21600.0,11.7,16.7,615.0,0.428,0,9100.0,16,suburban,fulltime,1,0,0,563.0
Male,36,under_55,GroupC,19400.0,12.8,24.8,608.0,0.1781,1,17400.0,4,rural,fulltime,0,1,1,546.0
Male,45,under_55,GroupB,25300.0,9.3,29.5,488.0,0.4862,0,11400.0,1,suburban,fulltime,0,0,0,538.0
Male,28,under_55,GroupA,54100.0,19.9,8.9,736.0,0.1217,0,51700.0,1,rural,fulltime,0,1,1,733.0
Female,40,under_55,GroupA,11700.0,12.2,16.8,518.0,0.4092,0,8100.0,15,suburban,fulltime,1,0,0,478.0
Male,48,under_55,GroupB,28800.0,16.6,29.5,447.0,0.5045,2,14400.0,2,suburban,fulltime,1,1,1,453.0
Female,49,under_55,GroupA,36300.0,16.0,30.0,568.0,0.1796,1,22000.0,16,suburban,fulltime,1,1,1,588.0
Female,55,55_plus,GroupA,7500.0,9.8,43.5,310.0,0.6069,5,5400.0,11,suburban,selfemployed,0,0,0,300.0
Male,23,under_55,GroupA,24100.0,15.4,2.4,536.0,0.2398,0,11900.0,11,suburban,fulltime,0,0,0,549.0
Male,27,under_55,GroupA,18000.0,13.2,8.0,389.0,0.4939,1,8900.0,5,rural,fulltime,0,0,0,402.0
Male,49,under_55,GroupC,27900.0,14.0,24.7,601.0,0.1818,1,17200.0,2,suburban,fulltime,0,1,1,601.0
Male,57,55_plus,GroupC,38100.0,13.7,35.1,630.0,0.3697,0,22800.0,2,suburban,fulltime,0,1,1,622.0
Male,29,under_55,GroupA,33400.0,15.8,4.4,638.0,0.0582,0,15100.0,2,rural,fulltime,0,1,1,657.0
Male,53,under_55,GroupA,42800.0,16.2,26.6,736.0,0.0718,0,19300.0,1,suburban,fulltime,0,1,1,726.0
Male,32,under_55,GroupA,30100.0,12.2,17.5,575.0,0.4565,0,14900.0,0,urban,fulltime,0,0,0,566.0
Male,34,under_55,GroupB,16900.0,14.2,18.3,443.0,0.4765,1,18200.0,1,rural,fulltime,0,0,0,483.0
Female,46,under_55,GroupA,31400.0,12.1,26.8,580.0,0.1865,0,20800.0,13,suburban,fulltime,0,1,1,631.0
Male,26,under_55,GroupA,18700.0,12.6,5.5,515.0,0.2572,0,17100.0,3,urban,parttime,0,1,1,514.0
Female,36,under_55,GroupA,22500.0,14.5,11.3,505.0,0.2005,2,14600.0,17,urban,fulltime,0,0,0,515.0
Female,56,55_plus,GroupA,43700.0,15.1,40.2,719.0,0.1657,0,23100.0,13,suburban,fulltime,1,1,1,658.0
Female,48,under_55,GroupA,24000.0,15.3,23.6,573.0,0.2005,1,10600.0,10,urban,fulltime,0,1,1,581.0
Male,47,under_55,GroupA,18000.0,12.3,25.1,568.0,0.3737,0,16900.0,3,suburban,fulltime,0,0,0,550.0
Female,37,under_55,GroupB,25000.0,12.9,14.6,686.0,0.1002,0,15200.0,10,suburban,fulltime,1,1,1,663.0
Female,41,under_55,GroupA,13100.0,10.5,25.7,416.0,0.482,1,5300.0,10,suburban,parttime,0,0,0,417.0
Female,55,55_plus,GroupA,16600.0,10.1,43.8,382.0,0.4463,3,9600.0,10,suburban,parttime,1,0,0,358.0
Female,21,under_55,GroupA,18600.0,14.2,0.0,500.0,0.0952,0,9500.0,8,suburban,fulltime,1,0,0,538.0
Female,25,under_55,GroupC,43000.0,14.7,1.4,597.0,0.2615,0,7800.0,12,urban,selfemployed,0,1,1,591.0
Male,50,under_55,GroupC,39100.0,11.1,33.1,647.0,0.2255,0,19000.0,1,urban,fulltime,1,0,1,693.0
Male,45,under_55,GroupC,25400.0,15.4,23.6,578.0,0.5261,1,18500.0,2,suburban,selfemployed,0,0,0,510.0
Male,50,under_55,GroupB,29300.0,12.8,31.5,606.0,0.4517,0,9500.0,1,urban,fulltime,1,0,0,580.0
Male,46,under_55,GroupC,29300.0,11.4,29.0,539.0,0.4996,0,21300.0,3,urban,fulltime,0,1,1,532.0
Male,51,under_55,GroupA,34300.0,16.8,25.6,437.0,0.7057,1,20600.0,3,urban,fulltime,0,0,0,441.0
Male,34,under_55,GroupA,47200.0,12.4,18.2,600.0,0.5579,0,22500.0,2,suburban,selfemployed,0,1,1,605.0
Male,21,under_55,GroupB,19400.0,11.9,2.1,331.0,0.4068,2,22600.0,1,suburban,fulltime,1,0,0,341.0
Female,66,55_plus,GroupB,26800.0,9.6,45.0,363.0,0.5691,2,26800.0,2,suburban,selfemployed,0,0,0,444.0
Male,55,55_plus,GroupB,13200.0,9.6,35.1,501.0,0.4249,1,4500.0,1,suburban,fulltime,1,0,0,445.0
Female,50,under_55,GroupC,23100.0,13.3,30.6,470.0,0.2899,0,9100.0,1,rural,fulltime,0,1,1,570.0
Male,47,under_55,GroupA,24400.0,15.4,27.5,507.0,0.2349,1,12300.0,1,suburban,fulltime,1,0,0,514.0
Male,41,under_55,GroupA,31200.0,14.9,23.9,532.0,0.4853,0,14500.0,4,urban,fulltime,0,0,0,538.0
Male,50,under_55,GroupA,16700.0,10.0,38.7,626.0,0.0777,1,12700.0,1,urban,parttime,0,0,0,608.0
Male,33,under_55,GroupA,33200.0,16.6,9.7,633.0,0.2091,0,13300.0,2,suburban,selfemployed,1,1,1,640.0
Female,57,55_plus,GroupA,30100.0,14.8,36.6,530.0,0.4787,0,13500.0,12,suburban,fulltime,0,1,1,562.0
Female,40,under_55,GroupB,15300.0,11.8,22.0,437.0,0.2484,2,13700.0,13,rural,parttime,0,0,0,417.0
Male,61,55_plus,GroupB,26100.0,11.2,44.0,300.0,0.5799,2,12000.0,4,suburban,fulltime,0,0,0,360.0
Male,18,under_55,GroupA,33600.0,13.6,0.0,569.0,0.161,0,12400.0,16,suburban,fulltime,0,1,1,548.0
Male,49,under_55,GroupA,14800.0,13.8,28.1,322.0,0.5583,2,6200.0,3,rural,fulltime,0,0,0,339.0
Female,23,under_55,GroupA,20500.0,10.9,3.9,358.0,0.7108,0,9700.0,10,suburban,fulltime,1,0,0,396.0
Female,36,under_55,GroupA,38100.0,14.8,13.9,659.0,0.1358,1,22000.0,2,suburban,fulltime,0,0,1,654.0
Male,43,under_55,GroupB,22400.0,16.0,18.9,583.0,0.2046,2,5300.0,2,suburban,fulltime,0,1,1,509.0
Male,36,under_55,GroupA,22100.0,15.1,11.4,517.0,0.2843,1,16700.0,2,rural,parttime,0,0,0,528.0
Male,55,55_plus,GroupA,30400.0,14.4,33.1,508.0,0.506,1,7400.0,1,urban,fulltime,1,1,1,493.0
Female,31,under_55,GroupA,18200.0,8.9,17.1,451.0,0.4268,2,16900.0,14,suburban,fulltime,0,0,0,418.0
Male,43,under_55,GroupA,29500.0,13.5,22.4,533.0,0.4663,0,30600.0,1,suburban,fulltime,0,0,0,556.0
Male,29,under_55,GroupA,17600.0,12.9,13.7,528.0,0.319,1,4500.0,1,rural,parttime,0,0,0,519.0
Male,60,55_plus,GroupC,47700.0,9.7,45.0,629.0,0.3575,0,14600.0,1,urban,fulltime,0,1,1,631.0
Female,32,under_55,GroupA,28100.0,12.4,12.6,534.0,0.4277,1,22200.0,7,suburban,fulltime,1,0,0,521.0
Male,54,under_55,GroupA,33000.0,16.9,28.3,593.0,0.4102,0,30100.0,0,suburban,fulltime,1,1,1,606.0
Female,38,under_55,GroupA,40800.0,11.6,21.6,689.0,0.2598,0,33700.0,1,suburban,selfemployed,1,1,1,663.0
Male,48,under_55,GroupA,36600.0,16.4,28.7,539.0,0.5323,0,19400.0,2,urban,selfemployed,0,1,1,546.0
Male,36,under_55,GroupB,55600.0,14.3,12.6,623.0,0.5561,0,72900.0,3,suburban,fulltime,0,1,1,633.0
Male,47,under_55,GroupA,31500.0,15.1,26.0,639.0,0.2464,0,14300.0,2,suburban,fulltime,0,1,1,650.0
Female,50,under_55,GroupA,22000.0,12.8,34.0,629.0,0.1953,0,12700.0,9,suburban,fulltime,0,1,1,611.0
Male,19,under_55,GroupB,28100.0,18.6,0.0,528.0,0.0959,0,23800.0,5,urban,fulltime,0,0,0,549.0
Female,68,55_plus,GroupC,15100.0,12.5,45.0,470.0,0.4116,0,8000.0,11,urban,parttime,0,1,1,551.0
Female,33,under_55,GroupB,49300.0,13.8,19.8,646.0,0.5189,0,14500.0,3,suburban,selfemployed,0,1,1,629.0
Male,78,55_plus,GroupA,38700.0,17.4,45.0,601.0,0.2726,0,27200.0,1,urban,fulltime,0,0,1,598.0
Male,63,55_plus,GroupA,14400.0,14.1,42.4,536.0,0.3136,0,8900.0,1,urban,fulltime,0,0,0,549.0
Female,63,55_plus,GroupC,27200.0,13.7,44.9,499.0,0.252,1,8000.0,19,urban,fulltime,0,0,0,538.0
Male,39,under_55,GroupA,40000.0,16.1,17.3,606.0,0.4203,0,11200.0,1,suburban,fulltime,0,1,1,592.0
Female,50,under_55,GroupA,49900.0,16.0,31.5,508.0,0.8494,0,34600.0,1,suburban,fulltime,0,0,0,502.0
Male,47,under_55,GroupB,23000.0,13.9,28.5,639.0,0.1753,0,18000.0,2,urban,fulltime,0,1,1,591.0
Male,36,under_55,GroupA,48700.0,16.9,7.4,511.0,0.6649,1,22800.0,2,rural,fulltime,0,1,1,502.0
Female,42,under_55,GroupB,22000.0,11.0,25.3,506.0,0.3617,2,27200.0,12,urban,fulltime,0,0,0,489.0
Male,29,under_55,GroupB,20700.0,13.4,6.5,373.0,0.5975,1,6100.0,2,suburban,fulltime,0,0,0,394.0
Male,53,under_55,GroupA,22600.0,12.4,36.5,516.0,0.3123,0,14100.0,2,urban,fulltime,0,1,1,537.0
Female,26,under_55,GroupA,23800.0,15.7,0.0,481.0,0.2346,0,13900.0,10,suburban,fulltime,0,0,0,512.0
Female,25,under_55,GroupA,32400.0,18.5,0.0,470.0,0.6698,0,22300.0,0,suburban,fulltime,0,0,0,433.0
Female,38,under_55,GroupC,27400.0,14.2,17.4,614.0,0.2384,1,17300.0,10,urban,selfemployed,0,1,1,538.0
Female,38,under_55,GroupA,13500.0,12.6,18.5,530.0,0.4,0,7300.0,10,rural,fulltime,0,0,0,501.0
Male,36,under_55,GroupB,56300.0,18.5,16.1,664.0,0.1839,1,15000.0,1,suburban,fulltime,1,1,1,662.0
Female,46,under_55,GroupB,20400.0,15.8,23.2,402.0,0.5151,2,18400.0,10,urban,fulltime,0,0,0,367.0
Male,23,under_55,GroupA,14900.0,14.8,0.0,384.0,0.2078,1,6000.0,1,rural,fulltime,0,0,0,393.0
Female,18,under_55,GroupA,15600.0,17.3,0.0,533.0,0.1373,0,5000.0,11,suburban,fulltime,0,0,0,537.0
Male,68,55_plus,GroupA,25700.0,10.3,45.0,491.0,0.4398,1,9100.0,3,suburban,selfemployed,1,0,0,500.0
Male,47,under_55,GroupB,33000.0,12.7,31.9,459.0,0.5416,1,12700.0,0,suburban,fulltime,0,1,1,518.0
Female,36,under_55,GroupA,47600.0,17.1,10.6,768.0,0.1444,0,23400.0,20,rural,fulltime,0,1,1,741.0
Female,51,under_55,GroupA,43800.0,16.9,28.5,713.0,0.2596,0,40400.0,14,suburban,fulltime,0,0,1,675.0
Female,23,under_55,GroupA,18600.0,11.7,3.9,507.0,0.4506,0,10300.0,2,urban,fulltime,0,1,1,507.0
Male,46,under_55,GroupA,39400.0,10.7,27.1,695.0,0.0974,0,13700.0,0,urban,fulltime,0,1,1,705.0
Female,50,under_55,GroupC,27200.0,11.2,34.0,570.0,0.1493,2,12400.0,4,urban,fulltime,0,1,1,546.0
Male,77,55_plus,GroupA,21700.0,12.9,45.0,535.0,0.1739,1,9200.0,0,suburban,fulltime,1,0,0,536.0
Male,42,under_55,GroupA,33700.0,14.0,24.6,647.0,0.2899,0,14300.0,3,urban,selfemployed,1,1,1,656.0
Male,35,under_55,GroupA,58100.0,15.7,12.7,720.0,0.2024,0,32100.0,2,urban,fulltime,1,1,1,711.0
Male,29,under_55,GroupB,28500.0,15.6,6.4,548.0,0.3767,0,10100.0,11,urban,fulltime,1,1,1,584.0
Male,40,under_55,GroupA,35500.0,16.9,20.8,542.0,0.6777,0,15500.0,1,suburban,fulltime,1,1,1,546.0
Female,52,under_55,GroupA,15000.0,12.6,29.8,496.0,0.5594,0,14300.0,10,rural,parttime,0,0,0,479.0
Male,29,under_55,GroupA,78700.0,15.3,10.5,762.0,0.319,0,71600.0,3,suburban,fulltime,0,1,1,765.0
Female,54,under_55,GroupC,21500.0,15.4,31.7,638.0,0.2857,0,16400.0,7,suburban,parttime,0,1,1,581.0
Female,39,under_55,GroupC,30300.0,15.1,19.4,588.0,0.412,0,24500.0,13,suburban,parttime,1,0,1,588.0
Female,35,under_55,GroupA,28900.0,13.7,12.5,652.0,0.1724,0,11100.0,1,rural,selfemployed,1,1,1,658.0
Male,29,under_55,GroupC,13900.0,17.4,2.1,314.0,0.8352,2,2900.0,4,urban,fulltime,0,0,0,300.0
Male,49,under_55,GroupA,79900.0,18.3,26.0,767.0,0.1387,0,31200.0,0,suburban,selfemployed,1,1,1,767.0
Male,21,under_55,GroupB,20800.0,8.8,4.7,496.0,0.5288,1,5900.0,0,rural,fulltime,0,0,0,458.0
Male,46,under_55,GroupA,55500.0,13.7,31.3,583.0,0.6676,0,85300.0,1,urban,fulltime,1,1,1,573.0
Female,39,under_55,GroupC,12800.0,9.3,27.9,300.0,0.4174,1,3600.0,8,suburban,parttime,0,0,0,424.0
Female,68,55_plus,GroupA,20900.0,12.2,45.0,427.0,0.243,2,17000.0,16,suburban,selfemployed,0,0,0,487.0
Male,18,under_55,GroupA,20700.0,14.9,0.0,357.0,0.5955,0,23700.0,0,rural,fulltime,1,0,0,351.0
Female,54,under_55,GroupA,39800.0,14.6,29.6,720.0,0.2487,0,30400.0,11,suburban,parttime,0,1,1,709.0
Male,50,under_55,GroupB,24500.0,11.4,31.5,509.0,0.4247,1,21300.0,2,urban,fulltime,0,0,0,523.0
Male,51,under_55,GroupA,50200.0,11.3,38.0,729.0,0.289,0,26000.0,1,urban,fulltime,1,1,1,702.0
Male,32,under_55,GroupA,43800.0,15.4,11.9,644.0,0.1812,1,11200.0,0,urban,fulltime,0,0,0,648.0
Female,37,under_55,GroupA,47400.0,14.6,18.7,618.0,0.1547,1,29700.0,7,urban,selfemployed,0,1,1,625.0
Female,32,under_55,GroupC,31000.0,10.7,12.7,605.0,0.5748,0,12000.0,12,rural,fulltime,0,0,1,535.0
Male,41,under_55,GroupA,21000.0,16.1,17.1,300.0,0.8728,4,14000.0,1,rural,fulltime,0,0,0,300.0
Male,31,under_55,GroupA,37300.0,11.9,22.4,661.0,0.1386,0,20200.0,13,suburban,fulltime,1,0,0,664.0
Male,44,under_55,GroupC,31700.0,11.8,30.3,650.0,0.2325,0,9300.0,0,suburban,fulltime,0,1,1,644.0
Female,64,55_plus,GroupA,22900.0,14.5,45.0,729.0,0.1542,0,19000.0,1,rural,selfemployed,0,0,1,670.0
Female,52,under_55,GroupA,33800.0,15.5,29.0,429.0,0.7413,1,21400.0,1,rural,fulltime,0,0,0,452.0
Female,54,under_55,GroupA,45900.0,16.4,32.1,501.0,0.6837,2,26100.0,0,suburban,selfemployed,0,0,0,452.0
Male,35,under_55,GroupC,23800.0,9.2,27.3,617.0,0.3676,0,19400.0,3,suburban,fulltime,0,0,0,611.0
Male,53,under_55,GroupA,29800.0,14.5,35.8,642.0,0.0965,1,9500.0,1,suburban,fulltime,0,1,1,637.0
Female,31,under_55,GroupA,33200.0,13.2,13.0,640.0,0.0357,0,6600.0,5,rural,fulltime,0,1,1,708.0
Male,44,under_55,GroupA,51600.0,13.2,23.2,535.0,0.7705,0,28600.0,3,rural,selfemployed,0,1,1,532.0
Female,43,under_55,GroupB,14000.0,13.3,17.4,456.0,0.4031,1,8300.0,8,suburban,parttime,0,0,0,413.0
Female,50,under_55,GroupC,26200.0,14.4,28.2,531.0,0.4682,0,9000.0,10,urban,fulltime,1,1,1,556.0
Male,43,under_55,GroupB,22100.0,13.3,23.9,576.0,0.084,0,34300.0,0,suburban,fulltime,0,1,1,638.0
Female,42,under_55,GroupA,25400.0,12.6,17.4,547.0,0.5732,1,19200.0,13,suburban,parttime,0,0,0,468.0
Male,47,under_55,GroupA,25300.0,13.8,26.7,549.0,0.5848,0,14600.0,1,urban,fulltime,1,0,0,534.0
Female,34,under_55,GroupB,10200.0,15.4,14.6,324.0,0.3956,2,5300.0,11,rural,parttime,0,0,0,331.0
Female,66,55_plus,GroupA,26100.0,11.1,45.0,599.0,0.3767,0,26400.0,2,urban,parttime,0,1,1,621.0
Male,45,under_55,GroupA,28200.0,14.8,22.0,591.0,0.3599,1,12800.0,0,rural,fulltime,0,1,1,586.0
Female,36,under_55,GroupA,29800.0,16.1,17.6,571.0,0.5958,1,11800.0,13,rural,parttime,0,0,1,533.0
Male,49,under_55,GroupA,32000.0,15.3,29.6,663.0,0.1005,1,11700.0,1,urban,fulltime,0,1,1,672.0
Male,63,55_plus,GroupB,27700.0,12.3,44.7,651.0,0.3609,0,13300.0,3,urban,fulltime,0,1,1,611.0
Female,48,under_55,GroupB,30500.0,14.6,28.1,726.0,0.2265,0,24900.0,8,urban,fulltime,1,1,1,651.0
Male,64,55_plus,GroupA,53100.0,15.4,43.4,737.0,0.1403,0,26400.0,2,urban,fulltime,0,1,1,746.0
Male,45,under_55,GroupB,31300.0,13.5,31.3,635.0,0.3458,0,21200.0,1,suburban,fulltime,1,0,0,643.0
Male,48,under_55,GroupA,28200.0,12.3,31.4,607.0,0.2707,0,18800.0,2,suburban,fulltime,0,1,1,607.0
Male,61,55_plus,GroupA,34600.0,15.2,42.1,562.0,0.5775,0,11700.0,1,suburban,fulltime,0,0,1,544.0
Female,39,under_55,GroupA,26900.0,11.6,19.4,513.0,0.4414,0,8500.0,12,urban,selfemployed,0,1,1,525.0
Male,61,55_plus,GroupA,27500.0,16.2,41.5,691.0,0.1846,0,18600.0,1,suburban,fulltime,0,1,1,693.0
Male,41,under_55,GroupA,90000.0,12.8,22.7,786.0,0.2236,0,53000.0,13,suburban,fulltime,0,1,1,765.0
Female,37,under_55,GroupA,36200.0,16.1,14.9,615.0,0.5197,0,36500.0,9,suburban,fulltime,0,1,1,612.0
Female,39,under_55,GroupC,27400.0,15.1,16.3,491.0,0.5755,0,13100.0,0,suburban,fulltime,1,0,0,512.0
Male,18,under_55,GroupA,37200.0,13.3,0.0,477.0,0.3448,1,21600.0,17,suburban,fulltime,0,0,0,488.0
Female,51,under_55,GroupA,18200.0,14.6,28.1,395.0,0.357,2,9400.0,12,urban,fulltime,0,0,0,408.0
Female,61,55_plus,GroupA,11000.0,12.1,39.3,375.0,0.4458,1,6700.0,15,rural,parttime,0,0,0,407.0
Female,43,under_55,GroupB,15900.0,11.8,26.1,306.0,0.5681,2,9000.0,0,urban,fulltime,1,0,0,360.0
Female,36,under_55,GroupC,64000.0,12.9,14.8,698.0,0.4107,0,42600.0,15,urban,fulltime,0,1,1,641.0
Male,29,under_55,GroupA,22500.0,15.7,6.0,501.0,0.3357,1,8700.0,2,urban,parttime,0,0,0,518.0
Male,37,under_55,GroupC,45800.0,18.6,13.0,669.0,0.1707,0,37800.0,0,urban,selfemployed,0,1,1,686.0
Female,50,under_55,GroupA,14000.0,13.5,31.7,300.0,0.7177,4,12300.0,10,rural,parttime,0,0,0,300.0
Male,32,under_55,GroupA,28100.0,14.6,12.3,448.0,0.6502,1,7800.0,3,rural,fulltime,0,0,0,436.0
Male,48,under_55,GroupA,34500.0,14.1,28.0,652.0,0.2125,0,36900.0,0,suburban,selfemployed,1,1,1,668.0
Male,39,under_55,GroupC,21700.0,13.7,19.3,519.0,0.6412,0,13000.0,0,suburban,fulltime,0,0,0,511.0
Male,50,under_55,GroupA,104200.0,17.3,26.5,739.0,0.4147,0,84200.0,2,suburban,fulltime,0,1,1,740.0
Male,50,under_55,GroupB,44600.0,16.6,29.6,587.0,0.3803,0,32200.0,2,urban,fulltime,0,1,1,601.0
Male,60,55_plus,GroupC,31700.0,14.7,37.8,651.0,0.1555,0,8300.0,0,urban,selfemployed,1,0,1,629.0
Male,44,under_55,GroupA,40600.0,17.3,20.5,649.0,0.4497,0,14700.0,1,urban,fulltime,0,1,1,645.0
Female,52,under_55,GroupC,20800.0,9.5,36.9,397.0,0.6023,2,11200.0,13,urban,parttime,0,0,0,362.0
Male,40,under_55,GroupA,29100.0,10.9,21.9,478.0,0.6678,0,4000.0,5,suburban,fulltime,0,1,1,467.0
Male,32,under_55,GroupA,44100.0,9.7,17.4,555.0,0.5205,0,14400.0,1,urban,selfemployed,1,1,1,568.0
Female,18,under_55,GroupA,13600.0,12.3,0.0,403.0,0.4026,1,11100.0,13,urban,fulltime,0,0,0,388.0
Male,37,under_55,GroupB,20200.0,12.0,21.4,479.0,0.4313,1,7700.0,0,urban,fulltime,0,0,0,493.0
Male,57,55_plus,GroupA,18700.0,13.4,36.0,577.0,0.1915,0,9200.0,3,urban,fulltime,0,1,1,574.0
Female,33,under_55,GroupA,30400.0,15.8,9.4,551.0,0.4492,0,18900.0,11,rural,selfemployed,0,1,1,555.0
Female,47,under_55,GroupA,19600.0,10.3,31.3,505.0,0.4209,1,12500.0,14,suburban,parttime,0,0,0,490.0
Male,36,under_55,GroupB,13700.0,10.3,15.9,429.0,0.2694,2,8700.0,1,urban,selfemployed,0,0,0,409.0
Male,36,under_55,GroupC,44000.0,16.6,9.7,434.0,0.7347,1,24500.0,1,suburban,parttime,0,0,0,464.0
Female,54,under_55,GroupA,32100.0,15.7,36.4,508.0,0.5856,0,33000.0,14,suburban,fulltime,0,0,0,517.0
Female,53,under_55,GroupA,11900.0,13.2,31.8,527.0,0.2283,0,6100.0,9,urban,fulltime,0,0,0,538.0
Male,43,under_55,GroupA,48700.0,13.0,20.3,500.0,0.7689,0,46000.0,1,suburban,selfemployed,0,1,1,517.0
Male,44,under_55,GroupB,19200.0,13.0,26.4,594.0,0.1697,0,13100.0,3,urban,fulltime,0,1,1,634.0
Male,44,under_55,GroupA,25100.0,14.8,24.1,637.0,0.172,0,14300.0,2,rural,fulltime,0,0,0,631.0
Female,43,under_55,GroupC,18900.0,11.6,24.3,503.0,0.862,0,13600.0,1,rural,fulltime,0,0,0,378.0
Female,42,under_55,GroupB,19500.0,13.4,22.0,372.0,0.5506,3,14100.0,1,suburban,parttime,0,0,0,351.0
Female,46,under_55,GroupB,37800.0,14.7,24.1,559.0,0.7939,0,35600.0,10,suburban,parttime,0,0,0,501.0
Male,32,under_55,GroupA,41300.0,17.0,4.5,593.0,0.4152,0,41600.0,3,urban,fulltime,0,1,1,593.0
Male,24,under_55,GroupB,31700.0,17.4,3.6,583.0,0.3424,0,16300.0,1,urban,fulltime,0,1,1,551.0
Male,59,55_plus,GroupA,15600.0,9.7,42.5,438.0,0.4521,0,26900.0,0,rural,parttime,1,0,0,432.0
Female,23,under_55,GroupC,22300.0,12.2,6.1,432.0,0.4548,2,26600.0,9,urban,parttime,0,0,0,416.0
Male,45,under_55,GroupA,55000.0,17.3,21.6,599.0,0.4887,1,41900.0,13,suburban,fulltime,1,1,1,594.0
Male,18,under_55,GroupA,29300.0,13.3,0.0,486.0,0.3581,0,18700.0,2,rural,selfemployed,0,0,0,493.0
Female,48,under_55,GroupB,31600.0,12.0,27.8,473.0,0.6567,1,19000.0,6,urban,fulltime,1,0,0,474.0
Female,43,under_55,GroupC,30300.0,10.8,30.4,578.0,0.2874,0,19900.0,0,urban,fulltime,0,1,1,594.0
Male,53,under_55,GroupB,30700.0,11.8,37.2,542.0,0.3058,1,20700.0,11,urban,fulltime,0,0,0,521.0
Female,23,under_55,GroupB,17300.0,14.0,1.5,300.0,0.8157,3,15200.0,1,urban,fulltime,1,0,0,300.0
Male,34,under_55,GroupA,36000.0,15.3,9.3,629.0,0.3581,0,83300.0,2,suburban,fulltime,0,0,0,644.0
Male,33,under_55,GroupB,36700.0,17.6,8.2,676.0,0.2369,0,29800.0,0,urban,selfemployed,0,1,1,640.0
Male,39,under_55,GroupA,16900.0,10.3,24.6,644.0,0.0276,0,9600.0,4,rural,fulltime,0,0,0,628.0
Female,32,under_55,GroupA,20600.0,11.8,17.0,551.0,0.4103,1,17700.0,3,suburban,fulltime,0,0,0,522.0
Male,38,under_55,GroupC,30700.0,13.9,17.7,581.0,0.5372,0,7900.0,0,suburban,fulltime,0,0,0,566.0
Female,49,under_55,GroupA,71400.0,14.9,28.5,763.0,0.0477,0,44000.0,9,suburban,fulltime,0,1,1,780.0
Male,18,under_55,GroupB,38400.0,15.2,0.0,490.0,0.2249,1,22000.0,14,urban,fulltime,1,0,0,504.0
Male,33,under_55,GroupA,28100.0,17.1,7.3,553.0,0.5152,0,18400.0,1,urban,fulltime,0,0,0,552.0
Male,32,under_55,GroupA,30000.0,14.4,7.6,492.0,0.4983,1,17400.0,5,urban,selfemployed,0,1,1,492.0
Female,42,under_55,GroupB,11200.0,12.5,23.5,611.0,0.1992,0,9200.0,8,urban,parttime,0,1,1,531.0
Female,41,under_55,GroupC,27200.0,18.1,12.8,615.0,0.38,0,14000.0,18,urban,fulltime,0,1,1,577.0
Male,49,under_55,GroupA,19700.0,14.9,32.2,602.0,0.2628,0,8000.0,1,suburban,fulltime,1,0,0,584.0
Male,49,under_55,GroupA,40600.0,14.5,24.9,611.0,0.4611,0,23200.0,0,suburban,fulltime,1,1,1,620.0
Female,52,under_55,GroupA,24600.0,11.6,28.4,505.0,0.7115,0,12100.0,13,suburban,parttime,1,0,0,456.0
Male,51,under_55,GroupA,27800.0,14.5,30.4,300.0,0.8046,3,26200.0,3,urban,fulltime,1,0,0,300.0
Male,56,55_plus,GroupB,19600.0,10.6,37.9,462.0,0.3531,1,9200.0,1,rural,fulltime,1,0,0,492.0
Male,41,under_55,GroupA,51100.0,9.4,27.0,757.0,0.2052,0,25400.0,2,urban,fulltime,1,1,1,754.0
Male,26,under_55,GroupA,17500.0,13.5,6.4,522.0,0.2522,0,18000.0,13,rural,parttime,1,0,0,519.0
Male,48,under_55,GroupA,26000.0,16.1,26.0,676.0,0.118,0,25700.0,2,suburban,fulltime,0,1,1,651.0
Female,27,under_55,GroupA,21400.0,13.0,5.7,477.0,0.2745,1,8600.0,17,rural,parttime,0,0,0,461.0
Female,56,55_plus,GroupA,17600.0,13.3,36.0,562.0,0.2902,0,7600.0,3,suburban,parttime,0,1,1,515.0
Male,18,under_55,GroupA,23500.0,15.6,0.0,380.0,0.3532,2,13100.0,0,urban,fulltime,1,0,0,380.0
Female,35,under_55,GroupA,21300.0,13.2,12.2,617.0,0.2898,0,13500.0,1,rural,parttime,0,1,1,564.0
Male,56,55_plus,GroupA,23900.0,10.7,41.9,632.0,0.2926,0,6200.0,3,suburban,fulltime,0,1,1,621.0
Female,48,under_55,GroupA,15600.0,13.3,29.2,459.0,0.3508,2,9000.0,16,urban,fulltime,0,0,0,402.0
Female,18,under_55,GroupA,39200.0,18.7,0.0,560.0,0.3604,1,23000.0,1,rural,fulltime,0,0,0,484.0
Male,41,under_55,GroupA,17400.0,15.9,20.1,599.0,0.2646,0,6800.0,2,suburban,selfemployed,0,1,1,601.0
Male,36,under_55,GroupA,48300.0,15.8,7.8,650.0,0.2881,0,36400.0,1,rural,fulltime,0,1,1,649.0
Male,55,55_plus,GroupA,48300.0,13.5,37.1,686.0,0.2328,0,23200.0,1,suburban,parttime,0,1,1,681.0
Male,50,under_55,GroupC,31700.0,15.9,28.9,564.0,0.2411,1,13800.0,5,urban,fulltime,0,0,0,571.0
Male,66,55_plus,GroupA,51700.0,12.4,45.0,633.0,0.2354,1,52600.0,1,urban,fulltime,0,0,0,632.0
Male,26,under_55,GroupC,33800.0,16.9,2.1,492.0,0.2724,2,6000.0,2,urban,fulltime,0,1,1,478.0
Female,18,under_55,GroupA,12900.0,13.1,0.0,367.0,0.3025,1,11600.0,11,suburban,fulltime,0,0,0,344.0
Male,53,under_55,GroupB,40400.0,15.8,37.9,673.0,0.2,0,14400.0,1,suburban,parttime,0,1,1,688.0
Female,35,under_55,GroupA,23400.0,10.0,14.3,609.0,0.163,0,10400.0,12,suburban,fulltime,1,1,1,582.0
Male,51,under_55,GroupB,33900.0,13.0,32.4,552.0,0.3278,0,43500.0,3,urban,fulltime,1,0,0,559.0
Male,21,under_55,GroupB,23800.0,11.9,2.5,493.0,0.4559,0,15000.0,2,urban,fulltime,1,0,0,506.0
Male,41,under_55,GroupA,83100.0,14.3,23.4,663.0,0.4692,0,60400.0,2,suburban,fulltime,0,1,1,672.0
Female,29,under_55,GroupB,27900.0,17.7,7.7,437.0,0.6084,0,6400.0,11,urban,fulltime,0,1,1,496.0
Male,35,under_55,GroupA,28100.0,15.1,13.4,474.0,0.6174,1,10900.0,4,suburban,fulltime,0,0,0,482.0
Female,71,55_plus,GroupB,31400.0,12.8,45.0,655.0,0.3119,0,22900.0,12,suburban,fulltime,0,1,1,639.0
Male,49,under_55,GroupB,16600.0,12.2,27.2,578.0,0.1615,0,8800.0,2,rural,fulltime,0,1,1,637.0
Male,40,under_55,GroupA,20700.0,15.1,22.6,607.0,0.2172,0,8600.0,2,suburban,fulltime,0,0,0,605.0
Male,44,under_55,GroupB,24400.0,10.8,31.2,340.0,0.7709,1,10100.0,1,urban,fulltime,1,0,0,399.0
Male,50,under_55,GroupA,40700.0,14.5,27.6,658.0,0.1535,1,29500.0,2,suburban,fulltime,0,1,1,648.0
Male,52,under_55,GroupC,45800.0,14.2,31.0,760.0,0.0677,0,23400.0,16,suburban,selfemployed,1,1,1,736.0
Male,18,under_55,GroupA,26900.0,12.3,1.1,379.0,0.6249,1,38100.0,1,urban,fulltime,0,0,0,362.0
Male,61,55_plus,GroupA,25500.0,11.3,43.9,605.0,0.207,0,13100.0,2,urban,fulltime,1,1,1,601.0
Male,42,under_55,GroupA,24100.0,10.4,24.3,496.0,0.6372,0,15600.0,1,suburban,fulltime,0,0,0,489.0
Female,64,55_plus,GroupC,16700.0,8.9,45.0,411.0,0.3884,1,7700.0,11,urban,selfemployed,1,0,0,462.0
Female,55,55_plus,GroupC,39900.0,15.2,36.0,601.0,0.4528,0,21000.0,13,urban,fulltime,1,0,1,615.0
Male,64,55_plus,GroupA,25700.0,14.3,44.4,618.0,0.2851,0,11600.0,0,urban,fulltime,0,1,1,589.0
Male,27,under_55,GroupA,29400.0,16.4,1.6,569.0,0.242,0,15600.0,12,urban,fulltime,0,1,1,572.0
Female,33,under_55,GroupA,24700.0,15.0,10.6,432.0,0.547,0,10700.0,11,suburban,selfemployed,0,0,0,516.0
Male,40,under_55,GroupB,34500.0,15.5,15.2,629.0,0.1269,1,17700.0,0,rural,fulltime,0,1,1,612.0
Male,34,under_55,GroupC,18300.0,13.7,15.0,575.0,0.3252,0,15600.0,4,rural,fulltime,0,0,0,554.0
Female,55,55_plus,GroupA,38200.0,13.3,35.7,705.0,0.2025,0,9700.0,21,urban,fulltime,0,1,1,691.0
Female,55,55_plus,GroupC,16800.0,16.5,26.7,446.0,0.5564,2,20100.0,14,rural,fulltime,0,0,0,406.0
Female,44,under_55,GroupC,26100.0,14.5,24.6,358.0,0.8132,1,14400.0,1,suburban,fulltime,0,0,0,385.0
Female,73,55_plus,GroupC,25300.0,14.5,45.0,709.0,0.2482,0,15300.0,15,rural,fulltime,0,0,1,608.0
Female,65,55_plus,GroupA,26000.0,8.0,45.0,473.0,0.4973,1,20000.0,14,suburban,parttime,1,0,0,463.0
Male,36,under_55,GroupA,23300.0,14.9,16.7,350.0,0.5404,2,11700.0,2,urban,fulltime,0,0,0,348.0
Male,31,under_55,GroupA,50800.0,16.0,11.0,753.0,0.104,0,31000.0,1,suburban,fulltime,0,1,1,746.0
Male,46,under_55,GroupA,33700.0,13.9,28.2,639.0,0.2914,0,26800.0,11,suburban,fulltime,0,1,1,636.0
Male,39,under_55,GroupB,11100.0,10.8,19.8,329.0,0.7571,1,12300.0,2,urban,fulltime,0,0,0,307.0
Female,51,under_55,GroupB,24600.0,12.8,30.2,440.0,0.6924,0,12500.0,0,urban,fulltime,1,0,0,481.0
Female,32,under_55,GroupB,28500.0,11.2,13.9,607.0,0.1895,1,23200.0,15,urban,fulltime,1,0,0,587.0
Male,65,55_plus,GroupA,21400.0,12.0,45.0,467.0,0.6721,0,8100.0,8,suburban,parttime,0,0,0,460.0
Female,65,55_plus,GroupA,21500.0,11.3,45.0,583.0,0.2471,1,6400.0,15,urban,fulltime,1,1,1,568.0
Male,49,under_55,GroupB,39000.0,11.2,25.7,561.0,0.4507,0,30200.0,0,rural,fulltime,0,1,1,559.0
Female,39,under_55,GroupA,34600.0,15.3,11.8,385.0,0.4778,2,22800.0,9,suburban,fulltime,1,0,0,425.0
Female,57,55_plus,GroupC,21500.0,17.0,31.8,373.0,0.3354,3,6400.0,8,suburban,parttime,0,1,1,400.0
Female,50,under_55,GroupA,25800.0,9.6,29.5,452.0,0.7734,0,14300.0,12,suburban,fulltime,1,0,0,508.0
Female,28,under_55,GroupB,20100.0,18.8,0.0,403.0,0.7522,1,12300.0,1,suburban,fulltime,0,0,0,300.0
Female,24,under_55,GroupB,37300.0,9.5,7.0,553.0,0.3697,1,31600.0,0,urban,fulltime,0,0,0,578.0
Male,47,under_55,GroupB,29900.0,12.8,21.4,620.0,0.4042,0,13000.0,1,urban,fulltime,1,0,1,632.0
Female,59,55_plus,GroupA,20700.0,11.4,41.7,324.0,0.4631,3,11800.0,10,urban,fulltime,0,0,0,335.0
Female,49,under_55,GroupA,32800.0,17.7,24.4,472.0,0.3589,1,13400.0,8,suburban,fulltime,0,1,1,528.0
Female,51,under_55,GroupA,14800.0,9.9,33.5,532.0,0.2965,0,8000.0,15,suburban,parttime,0,0,0,570.0
Female,52,under_55,GroupC,24100.0,12.7,31.8,593.0,0.6906,0,15600.0,17,urban,fulltime,0,0,0,478.0
Male,48,under_55,GroupA,19700.0,12.3,31.2,550.0,0.0856,1,13300.0,2,rural,fulltime,0,1,1,556.0
Female,34,under_55,GroupA,49300.0,15.4,12.3,665.0,0.3875,0,64100.0,11,suburban,selfemployed,1,1,1,596.0
Male,18,under_55,GroupA,27600.0,15.4,0.0,335.0,0.8182,0,8800.0,0,suburban,selfemployed,0,0,0,327.0
Female,45,under_55,GroupA,20700.0,13.2,25.2,424.0,0.4643,1,16100.0,6,suburban,parttime,0,0,0,441.0
Male,44,under_55,GroupA,23900.0,11.5,26.4,500.0,0.5102,1,24300.0,1,urban,fulltime,0,1,1,502.0
Male,30,under_55,GroupA,28500.0,13.0,11.9,588.0,0.3172,1,16200.0,0,rural,fulltime,0,0,0,590.0
Female,58,55_plus,GroupA,14400.0,12.9,37.7,371.0,0.8041,0,20900.0,18,urban,fulltime,0,0,0,362.0
Male,43,under_55,GroupB,34100.0,13.7,22.8,627.0,0.3206,0,13400.0,2,suburban,selfemployed,0,0,1,620.0
Male,35,under_55,GroupB,22800.0,15.4,13.7,538.0,0.5451,0,15100.0,0,suburban,fulltime,0,0,0,528.0
Male,20,under_55,GroupB,52900.0,14.8,0.0,550.0,0.3875,0,29100.0,1,suburban,selfemployed,0,1,1,588.0
Female,52,under_55,GroupB,27900.0,18.5,24.6,409.0,0.6879,1,26500.0,7,urban,fulltime,0,0,0,449.0
Female,28,under_55,GroupA,20100.0,15.5,7.5,600.0,0.1104,0,19300.0,1,rural,fulltime,0,1,1,606.0
Female,52,under_55,GroupA,25600.0,15.6,32.7,527.0,0.5553,0,19500.0,1,suburban,parttime,0,0,0,527.0
Male,51,under_55,GroupC,44500.0,13.8,30.2,521.0,0.623,0,17700.0,0,suburban,fulltime,0,1,1,548.0
Male,62,55_plus,GroupB,41000.0,8.7,44.6,542.0,0.3045,2,21600.0,1,rural,fulltime,1,1,1,534.0
Female,36,under_55,GroupB,31300.0,13.6,17.1,586.0,0.3182,1,20100.0,0,urban,fulltime,0,1,1,528.0
Female,39,under_55,GroupB,19200.0,14.3,26.8,522.0,0.6083,0,8500.0,9,urban,parttime,0,1,1,482.0
Female,61,55_plus,GroupA,16100.0,10.0,45.0,461.0,0.2496,2,14500.0,13,suburban,fulltime,0,0,0,474.0
Female,45,under_55,GroupA,21700.0,16.6,18.2,601.0,0.2238,0,17800.0,16,suburban,fulltime,0,1,1,561.0
Female,29,under_55,GroupB,15500.0,19.8,1.2,391.0,0.5048,0,16500.0,11,urban,selfemployed,0,0,0,390.0
Male,41,under_55,GroupA,51800.0,15.9,20.5,686.0,0.1065,0,55800.0,3,suburban,fulltime,0,1,1,700.0
Male,25,under_55,GroupB,36700.0,11.1,9.3,476.0,0.2735,3,24500.0,0,rural,fulltime,0,0,0,474.0
Male,45,under_55,GroupA,22800.0,16.8,24.7,652.0,0.1312,0,13100.0,3,rural,fulltime,0,1,1,646.0
Male,36,under_55,GroupA,43800.0,14.5,12.6,754.0,0.0699,0,72000.0,2,urban,selfemployed,0,1,1,762.0
Female,56,55_plus,GroupA,30500.0,16.0,37.6,618.0,0.3123,1,14900.0,16,suburban,selfemployed,0,1,1,584.0
Female,60,55_plus,GroupA,19100.0,12.8,35.2,515.0,0.223,1,8700.0,12,rural,selfemployed,0,0,0,531.0
Male,50,under_55,GroupA,36700.0,16.5,24.1,622.0,0.1242,1,15400.0,2,rural,fulltime,0,1,1,624.0
Male,46,under_55,GroupA,26800.0,15.4,29.2,558.0,0.1751,1,27100.0,0,suburban,selfemployed,0,0,0,561.0
Male,34,under_55,GroupA,23600.0,12.4,15.9,525.0,0.2862,1,24800.0,1,suburban,fulltime,1,0,0,532.0
Male,39,under_55,GroupB,32100.0,12.1,17.3,642.0,0.291,0,26700.0,1,urban,fulltime,0,1,1,620.0
Male,47,under_55,GroupA,41700.0,15.8,21.9,637.0,0.4192,0,14300.0,2,rural,fulltime,0,1,1,620.0
Female,47,under_55,GroupA,17400.0,11.5,30.0,476.0,0.2518,0,3200.0,11,suburban,fulltime,1,1,1,532.0
Male,40,under_55,GroupB,56500.0,15.5,19.7,651.0,0.4861,0,44600.0,0,urban,fulltime,0,1,1,625.0
Female,33,under_55,GroupA,30300.0,9.9,15.9,585.0,0.1585,0,13200.0,14,urban,selfemployed,1,0,1,615.0
Male,26,under_55,GroupA,30600.0,16.8,4.3,552.0,0.3373,0,27800.0,1,suburban,fulltime,0,1,1,551.0
Male,36,under_55,GroupA,50100.0,15.6,12.5,665.0,0.377,0,33100.0,2,suburban,fulltime,1,1,1,656.0
Female,30,under_55,GroupA,31300.0,15.8,7.3,588.0,0.4439,0,6900.0,12,suburban,selfemployed,0,1,1,570.0
Male,50,under_55,GroupA,41700.0,14.7,29.8,602.0,0.3313,1,22400.0,1,suburban,fulltime,0,0,0,597.0
Female,56,55_plus,GroupA,18300.0,14.4,37.7,440.0,0.3657,2,21500.0,12,rural,selfemployed,0,0,0,426.0
Female,57,55_plus,GroupB,25700.0,12.8,42.1,519.0,0.5936,0,11700.0,2,suburban,selfemployed,1,0,0,549.0
Male,58,55_plus,GroupB,29200.0,13.5,40.3,524.0,0.4803,1,17800.0,1,rural,fulltime,1,0,0,533.0
Male,33,under_55,GroupB,49000.0,15.1,13.8,527.0,0.5599,0,17800.0,4,urban,fulltime,0,1,1,561.0
Female,48,under_55,GroupA,30300.0,11.1,33.1,496.0,0.4977,1,17700.0,12,suburban,parttime,0,0,0,469.0
Male,51,under_55,GroupA,23800.0,12.5,31.8,569.0,0.4017,0,13100.0,0,suburban,fulltime,1,1,1,563.0
Male,39,under_55,GroupA,30800.0,13.9,12.7,456.0,0.5272,1,15300.0,1,suburban,fulltime,0,1,1,470.0
Male,34,under_55,GroupC,37600.0,17.2,10.6,774.0,0.1702,0,30400.0,2,rural,fulltime,0,1,1,688.0
Female,32,under_55,GroupA,15300.0,11.3,19.2,346.0,0.6119,0,4400.0,9,rural,parttime,0,0,0,389.0
Male,63,55_plus,GroupA,21600.0,14.3,45.0,518.0,0.3265,2,25900.0,23,suburban,fulltime,0,0,0,518.0
Female,49,under_55,GroupB,28400.0,10.4,31.6,525.0,0.4668,0,2800.0,14,urban,fulltime,0,0,1,550.0
Female,27,under_55,GroupB,27700.0,13.6,10.4,455.0,0.4095,1,18400.0,8,suburban,fulltime,0,0,0,526.0
Male,54,under_55,GroupA,38500.0,13.0,31.6,682.0,0.2645,0,22700.0,2,suburban,fulltime,0,1,1,685.0
Male,52,under_55,GroupA,45600.0,15.5,34.3,494.0,0.8194,0,73800.0,1,suburban,fulltime,1,0,0,513.0
Female,34,under_55,GroupB,14400.0,16.1,13.8,470.0,0.1961,1,10000.0,12,rural,parttime,0,0,0,481.0
Male,44,under_55,GroupB,27300.0,10.3,25.0,409.0,0.6307,2,27200.0,3,urban,fulltime,0,0,0,402.0
Male,24,under_55,GroupA,37100.0,15.9,1.2,488.0,0.3684,1,15000.0,1,suburban,fulltime,0,0,0,489.0
Male,45,under_55,GroupA,45200.0,16.3,25.8,743.0,0.1617,0,22900.0,0,rural,fulltime,1,1,1,737.0
Male,37,under_55,GroupC,29500.0,13.8,15.9,483.0,0.2297,2,23200.0,2,rural,fulltime,0,1,1,520.0
Male,38,under_55,GroupB,34800.0,14.4,17.6,515.0,0.565,1,11300.0,1,rural,fulltime,0,0,0,494.0
Female,41,under_55,GroupB,25900.0,12.7,23.2,626.0,0.2234,0,43800.0,0,urban,fulltime,0,0,1,606.0
Male,40,under_55,GroupA,27700.0,10.2,23.6,641.0,0.2843,0,11900.0,1,rural,fulltime,0,1,1,622.0
Male,44,under_55,GroupB,44900.0,14.3,23.1,633.0,0.3691,0,41300.0,13,urban,fulltime,0,0,1,634.0
Female,38,under_55,GroupA,19600.0,15.7,16.9,581.0,0.193,1,17900.0,15,urban,fulltime,0,0,0,539.0
Female,42,under_55,GroupB,38100.0,13.8,20.2,420.0,0.5786,0,32600.0,2,urban,fulltime,0,0,1,546.0
Male,46,under_55,GroupA,39100.0,15.4,27.8,728.0,0.0939,0,16900.0,0,urban,fulltime,1,1,1,742.0
Male,29,under_55,GroupA,31200.0,15.8,4.0,412.0,0.7243,0,13700.0,15,suburban,parttime,0,0,0,409.0
Female,28,under_55,GroupA,45700.0,18.5,0.0,619.0,0.2141,0,25500.0,10,suburban,parttime,1,1,1,569.0
Male,22,under_55,GroupA,36300.0,16.8,1.5,461.0,0.3904,1,15600.0,1,rural,fulltime,0,0,0,456.0
Male,50,under_55,GroupA,24200.0,15.0,31.3,595.0,0.2571,0,8300.0,1,suburban,fulltime,0,1,1,602.0
Female,38,under_55,GroupA,17400.0,15.6,11.5,518.0,0.2812,0,7500.0,16,urban,fulltime,0,1,1,568.0
Male,49,under_55,GroupA,45400.0,13.3,28.5,669.0,0.4447,0,33300.0,0,urban,selfemployed,0,0,0,663.0
Male,47,under_55,GroupB,33700.0,9.2,30.3,560.0,0.151,1,23400.0,2,urban,fulltime,0,1,1,585.0
Female,28,under_55,GroupA,19900.0,15.9,1.8,505.0,0.3002,0,11100.0,13,suburban,parttime,0,0,0,480.0
Female,58,55_plus,GroupB,23400.0,12.5,34.5,563.0,0.1958,2,10000.0,12,rural,fulltime,0,1,1,532.0
Male,54,under_55,GroupB,20300.0,13.9,32.7,541.0,0.4852,0,5500.0,1,urban,fulltime,0,1,1,577.0
Female,26,under_55,GroupA,30900.0,12.8,7.1,521.0,0.6409,0,10500.0,10,suburban,fulltime,0,0,0,514.0
Male,38,under_55,GroupB,31900.0,14.7,15.4,613.0,0.1686,1,24500.0,8,urban,fulltime,0,1,1,632.0
Male,41,under_55,GroupB,26000.0,15.4,20.3,497.0,0.4346,0,13500.0,2,urban,fulltime,0,0,0,535.0
Male,31,under_55,GroupA,34000.0,11.2,14.5,465.0,0.4754,2,16300.0,1,suburban,fulltime,0,1,1,463.0
Male,34,under_55,GroupA,30800.0,13.4,10.1,564.0,0.29,0,11600.0,8,suburban,fulltime,1,1,1,561.0
Male,49,under_55,GroupA,33600.0,11.5,33.3,568.0,0.4643,0,11900.0,0,urban,fulltime,0,1,1,578.0
Male,29,under_55,GroupB,17100.0,11.8,12.3,399.0,0.6382,1,10000.0,2,urban,parttime,0,0,0,373.0
Male,46,under_55,GroupB,30700.0,16.2,28.4,475.0,0.7003,0,27100.0,3,urban,fulltime,0,0,0,513.0
Female,33,under_55,GroupA,31400.0,12.7,15.5,650.0,0.1724,0,8100.0,16,suburban,parttime,1,0,1,695.0
Female,41,under_55,GroupA,25200.0,14.5,22.4,683.0,0.1348,0,13600.0,9,suburban,fulltime,0,1,1,690.0
Male,60,55_plus,GroupA,42400.0,18.2,39.7,472.0,0.7378,0,39900.0,4,urban,fulltime,0,0,0,470.0
Female,38,under_55,GroupC,18700.0,10.5,27.1,474.0,0.4155,0,15900.0,12,urban,fulltime,0,0,0,537.0
Male,73,55_plus,GroupA,28800.0,11.3,45.0,433.0,0.6064,1,13700.0,1,urban,fulltime,0,0,0,454.0
Male,35,under_55,GroupA,18000.0,8.0,17.3,422.0,0.49,2,15700.0,3,suburban,fulltime,0,0,0,409.0
Male,34,under_55,GroupA,40200.0,14.6,12.4,549.0,0.485,1,33700.0,2,suburban,fulltime,1,0,0,547.0
Female,65,55_plus,GroupA,36600.0,13.1,45.0,663.0,0.166,0,36300.0,2,suburban,fulltime,0,0,1,696.0
Female,27,under_55,GroupA,28100.0,16.5,5.2,662.0,0.2234,0,19400.0,21,suburban,parttime,0,1,1,619.0
Male,50,under_55,GroupB,29800.0,14.8,29.8,657.0,0.1017,0,23200.0,2,urban,fulltime,0,1,1,700.0
Male,46,under_55,GroupA,81100.0,14.1,27.3,680.0,0.4699,0,37700.0,2,suburban,selfemployed,0,1,1,690.0
Female,58,55_plus,GroupA,16800.0,14.8,40.0,541.0,0.3239,0,5400.0,7,urban,fulltime,0,1,1,578.0
Male,54,under_55,GroupA,32300.0,9.6,41.1,662.0,0.1716,0,16500.0,0,urban,fulltime,0,1,1,678.0
Female,48,under_55,GroupA,23300.0,11.7,29.2,444.0,0.5271,1,8200.0,0,urban,parttime,0,0,0,462.0
Female,47,under_55,GroupB,19000.0,10.2,30.1,649.0,0.079,0,12900.0,5,urban,fulltime,0,1,1,660.0
Female,51,under_55,GroupA,20600.0,14.7,30.9,427.0,0.525,2,14000.0,18,rural,parttime,0,0,0,402.0
Female,33,under_55,GroupA,24300.0,11.2,10.5,440.0,0.4557,1,33700.0,9,urban,selfemployed,0,0,0,514.0
Male,45,under_55,GroupA,23400.0,14.8,25.2,546.0,0.5469,0,7000.0,2,suburban,fulltime,1,0,0,542.0
Male,38,under_55,GroupA,28800.0,13.0,16.9,633.0,0.3022,0,10600.0,1,rural,selfemployed,0,1,1,641.0
Male,56,55_plus,GroupA,28400.0,12.0,40.5,631.0,0.2118,0,15900.0,1,suburban,fulltime,0,0,1,626.0
Female,33,under_55,GroupA,41700.0,14.1,11.3,503.0,0.8714,0,16200.0,1,suburban,parttime,0,0,0,464.0
Female,37,under_55,GroupA,28500.0,11.8,20.7,520.0,0.4989,0,53600.0,3,suburban,fulltime,0,0,0,541.0
Female,58,55_plus,GroupA,30800.0,16.2,41.0,552.0,0.2379,1,32000.0,12,suburban,selfemployed,1,1,1,573.0
Male,68,55_plus,GroupA,28300.0,12.0,45.0,547.0,0.2388,1,12700.0,1,suburban,fulltime,0,0,1,549.0
Female,60,55_plus,GroupA,29600.0,17.6,36.8,585.0,0.2293,1,23700.0,14,urban,fulltime,0,1,1,567.0
Female,68,55_plus,GroupB,11800.0,11.4,45.0,478.0,0.1937,1,4500.0,4,suburban,parttime,0,0,0,489.0
Female,45,under_55,GroupB,23500.0,12.7,29.4,522.0,0.6151,0,10500.0,13,urban,fulltime,0,1,1,477.0
Female,33,under_55,GroupA,25000.0,16.1,8.2,506.0,0.3173,1,10000.0,11,urban,fulltime,1,1,1,507.0
Female,37,under_55,GroupB,28000.0,12.9,16.5,527.0,0.3056,0,9000.0,2,urban,fulltime,1,1,1,601.0
Male,56,55_plus,GroupA,31500.0,17.6,34.1,631.0,0.194,1,19000.0,1,suburban,fulltime,1,0,1,623.0
Female,56,55_plus,GroupA,31400.0,17.0,32.8,607.0,0.285,0,11900.0,9,suburban,fulltime,1,1,1,606.0
Female,21,under_55,GroupA,18500.0,16.1,0.5,409.0,0.2233,2,9200.0,21,rural,fulltime,0,0,0,408.0
Male,39,under_55,GroupC,40000.0,13.6,14.3,632.0,0.3843,0,32800.0,5,urban,selfemployed,1,1,1,604.0
Female,49,under_55,GroupB,29800.0,12.0,33.2,678.0,0.2865,0,11500.0,1,urban,fulltime,0,0,1,622.0
Male,18,under_55,GroupA,18900.0,12.5,0.0,423.0,0.1105,1,9900.0,1,urban,fulltime,0,0,0,442.0
Male,68,55_plus,GroupA,19800.0,12.9,45.0,588.0,0.2393,0,8100.0,11,urban,selfemployed,0,0,1,582.0
Female,41,under_55,GroupB,22400.0,11.0,16.4,571.0,0.1752,1,20200.0,13,urban,fulltime,0,0,0,587.0
Male,51,under_55,GroupA,31100.0,14.5,33.5,568.0,0.2852,1,14300.0,1,suburban,selfemployed,1,1,1,580.0
Female,60,55_plus,GroupB,12800.0,11.3,41.4,419.0,0.705,0,3000.0,12,urban,fulltime,1,0,0,402.0
Female,78,55_plus,GroupA,21800.0,17.8,45.0,497.0,0.4015,1,11500.0,1,rural,fulltime,0,1,1,447.0
Male,47,under_55,GroupA,26900.0,15.1,30.9,496.0,0.6642,0,19000.0,2,rural,fulltime,0,0,0,488.0
Female,65,55_plus,GroupB,19000.0,17.1,44.5,535.0,0.39,0,8400.0,2,suburban,fulltime,0,1,1,516.0
Male,26,under_55,GroupA,43200.0,18.3,2.7,590.0,0.176,0,31800.0,2,rural,selfemployed,0,1,1,595.0
Female,42,under_55,GroupB,14800.0,11.0,24.8,478.0,0.4522,1,8400.0,17,urban,fulltime,0,0,0,419.0
Male,25,under_55,GroupA,39100.0,19.0,2.7,453.0,0.5498,0,19800.0,1,rural,fulltime,0,0,0,452.0
Female,66,55_plus,GroupB,16500.0,14.3,45.0,535.0,0.2596,0,6400.0,12,suburban,fulltime,0,0,1,538.0
Male,54,under_55,GroupA,27000.0,13.3,34.6,514.0,0.4181,1,25600.0,14,rural,selfemployed,0,0,0,493.0
Female,39,under_55,GroupA,27500.0,19.5,8.6,379.0,0.4208,2,16800.0,1,suburban,parttime,0,0,0,410.0
Male,18,under_55,GroupB,18800.0,16.1,0.0,425.0,0.374,0,8800.0,2,urban,fulltime,0,0,0,449.0
Female,65,55_plus,GroupA,21100.0,16.0,40.8,594.0,0.1969,0,19300.0,17,suburban,selfemployed,0,0,1,639.0
Female,40,under_55,GroupA,18300.0,10.9,18.5,525.0,0.2357,0,12200.0,11,suburban,selfemployed,1,0,0,551.0
Male,61,55_plus,GroupC,28700.0,13.2,45.0,418.0,0.4884,2,5900.0,2,urban,fulltime,1,1,1,450.0
Male,48,under_55,GroupB,56200.0,18.4,31.4,522.0,0.2579,2,25200.0,1,urban,fulltime,0,1,1,564.0
Male,76,55_plus,GroupA,43200.0,20.3,45.0,559.0,0.6896,0,27200.0,3,rural,fulltime,0,1,1,547.0
Female,73,55_plus,GroupB,25400.0,13.9,45.0,609.0,0.5836,0,10900.0,17,urban,fulltime,0,0,0,515.0
Female,43,under_55,GroupC,45700.0,14.4,23.9,662.0,0.1357,0,22900.0,14,urban,fulltime,0,0,1,723.0
Male,36,under_55,GroupA,24200.0,12.8,15.9,616.0,0.1931,1,13400.0,1,suburban,fulltime,0,1,1,616.0
Male,35,under_55,GroupB,39900.0,11.1,15.7,698.0,0.0854,0,24200.0,1,urban,fulltime,0,1,1,696.0
Male,46,under_55,GroupB,22000.0,17.0,20.5,480.0,0.3156,2,13000.0,1,suburban,fulltime,0,0,0,511.0
Female,48,under_55,GroupB,26100.0,9.8,32.1,491.0,0.7668,0,12300.0,6,suburban,fulltime,1,0,0,490.0
Male,63,55_plus,GroupA,16200.0,10.5,45.0,480.0,0.2416,1,8700.0,13,rural,parttime,0,1,1,499.0
Male,45,under_55,GroupA,34900.0,12.9,22.9,482.0,0.7785,0,18700.0,0,suburban,fulltime,1,0,0,480.0
Female,36,under_55,GroupA,27200.0,17.1,3.5,390.0,0.5743,0,6600.0,8,urban,fulltime,0,0,0,440.0
Male,40,under_55,GroupA,28200.0,13.5,19.4,582.0,0.2496,0,32700.0,10,rural,selfemployed,0,1,1,554.0
Male,48,under_55,GroupA,19000.0,13.1,31.6,404.0,0.639,1,33400.0,0,urban,selfemployed,0,0,0,411.0
Male,53,under_55,GroupA,43400.0,13.3,29.4,490.0,0.6729,1,14400.0,2,suburban,selfemployed,1,0,0,487.0
Female,26,under_55,GroupA,49300.0,16.8,6.9,667.0,0.1537,0,13600.0,0,urban,selfemployed,0,1,1,701.0
Female,28,under_55,GroupB,33900.0,10.9,7.9,661.0,0.02,0,17500.0,10,rural,selfemployed,0,1,1,690.0
Male,37,under_55,GroupA,35600.0,12.7,18.2,716.0,0.1381,0,26600.0,1,suburban,fulltime,0,1,1,704.0
Male,32,under_55,GroupB,45900.0,12.6,12.2,721.0,0.4762,0,28200.0,2,urban,parttime,0,1,1,611.0
Male,65,55_plus,GroupB,20800.0,14.7,43.2,485.0,0.6303,0,7900.0,1,urban,selfemployed,0,0,0,444.0
Male,49,under_55,GroupC,48900.0,17.6,26.2,437.0,0.6801,1,31100.0,6,urban,fulltime,0,0,0,469.0
Male,21,under_55,GroupA,18700.0,16.1,0.0,512.0,0.2099,0,7200.0,14,suburban,fulltime,1,0,0,523.0
Female,48,under_55,GroupA,37700.0,17.3,25.9,645.0,0.1642,1,24000.0,15,suburban,fulltime,1,1,1,592.0
Male,35,under_55,GroupC,25500.0,10.5,18.7,503.0,0.427,1,15600.0,4,urban,fulltime,0,0,0,508.0
Male,54,under_55,GroupB,59400.0,12.3,33.5,728.0,0.322,0,32700.0,0,suburban,fulltime,0,1,1,675.0
Male,36,under_55,GroupA,68000.0,12.9,11.5,572.0,0.6232,0,45200.0,1,rural,fulltime,0,1,1,574.0
Male,24,under_55,GroupA,18400.0,10.4,11.6,303.0,0.95,3,5700.0,1,suburban,selfemployed,0,0,0,300.0
Male,50,under_55,GroupA,44500.0,12.8,38.0,679.0,0.3065,0,23000.0,1,urban,fulltime,1,1,1,685.0
Female,45,under_55,GroupA,29800.0,12.6,25.7,420.0,0.534,2,20700.0,11,suburban,parttime,0,0,0,439.0
Male,22,under_55,GroupC,21500.0,16.1,4.3,565.0,0.4446,0,10300.0,1,urban,fulltime,0,0,0,519.0
Male,42,under_55,GroupA,43300.0,17.3,25.3,682.0,0.2758,0,18800.0,2,urban,parttime,0,1,1,694.0
Male,42,under_55,GroupB,30500.0,12.9,24.4,689.0,0.1209,0,22300.0,2,rural,fulltime,0,1,1,661.0
Female,44,under_55,GroupB,23300.0,13.1,28.6,508.0,0.5088,0,22500.0,8,urban,fulltime,0,0,0,525.0
Male,61,55_plus,GroupA,25100.0,14.2,34.9,660.0,0.1624,0,20800.0,2,suburban,parttime,0,1,1,646.0
Female,25,under_55,GroupC,23700.0,13.6,5.7,511.0,0.3103,2,10400.0,8,urban,fulltime,1,0,1,467.0
Female,65,55_plus,GroupB,24100.0,16.2,45.0,615.0,0.2509,0,14400.0,0,suburban,fulltime,0,0,0,595.0
Male,40,under_55,GroupA,40600.0,16.4,11.6,724.0,0.1256,0,20700.0,0,suburban,fulltime,1,1,1,725.0
Male,44,under_55,GroupA,39600.0,15.0,27.5,704.0,0.164,0,14000.0,4,rural,fulltime,0,1,1,692.0
Male,54,under_55,GroupB,17800.0,16.5,34.3,495.0,0.4215,1,9800.0,5,urban,fulltime,0,0,0,514.0
Male,66,55_plus,GroupB,31300.0,14.8,41.9,627.0,0.409,0,26600.0,2,suburban,fulltime,0,0,1,618.0
Male,49,under_55,GroupA,21000.0,13.0,27.7,464.0,0.4081,1,10600.0,0,suburban,fulltime,0,0,0,456.0
Female,66,55_plus,GroupA,24700.0,13.5,45.0,686.0,0.128,0,26300.0,19,suburban,fulltime,0,1,1,677.0
Male,50,under_55,GroupA,54600.0,12.9,30.3,678.0,0.3874,0,31000.0,3,suburban,fulltime,1,1,1,667.0
Male,59,55_plus,GroupA,23100.0,15.7,39.1,484.0,0.5132,1,8500.0,1,suburban,fulltime,1,0,0,475.0
Male,67,55_plus,GroupA,18100.0,16.3,45.0,546.0,0.2006,1,14500.0,2,urban,fulltime,0,1,1,567.0
Female,21,under_55,GroupB,15900.0,8.2,7.1,458.0,0.2826,2,8300.0,21,urban,parttime,0,0,0,428.0
Female,56,55_plus,GroupB,29900.0,16.2,30.6,608.0,0.3605,0,36000.0,2,suburban,parttime,0,0,1,604.0
Female,19,under_55,GroupB,10900.0,14.4,0.0,457.0,0.0463,0,14000.0,12,urban,parttime,0,0,0,464.0
Male,33,under_55,GroupA,36600.0,15.4,8.6,542.0,0.385,1,17800.0,1,urban,parttime,0,0,0,539.0
Female,40,under_55,GroupA,36100.0,17.8,18.4,611.0,0.282,0,27700.0,9,suburban,parttime,0,0,1,602.0
Male,41,under_55,GroupB,28600.0,15.5,16.9,646.0,0.1876,1,18800.0,2,urban,fulltime,0,1,1,615.0
Female,64,55_plus,GroupB,20500.0,16.6,41.3,646.0,0.2264,0,8300.0,22,urban,fulltime,0,0,0,576.0
Male,36,under_55,GroupA,34100.0,14.5,17.4,563.0,0.4247,1,10500.0,3,urban,fulltime,1,1,1,537.0
Female,47,under_55,GroupC,28700.0,15.2,29.5,613.0,0.3616,0,9600.0,2,urban,fulltime,0,1,1,588.0
Female,46,under_55,GroupA,17800.0,13.1,22.7,609.0,0.1687,0,10500.0,12,suburban,fulltime,0,0,1,594.0
Female,29,under_55,GroupA,29700.0,14.8,9.7,534.0,0.248,1,25300.0,15,suburban,fulltime,1,1,1,569.0
Male,46,under_55,GroupC,21500.0,11.5,33.4,553.0,0.163,1,19600.0,1,suburban,fulltime,1,0,0,563.0
Male,55,55_plus,GroupC,43900.0,13.9,30.1,730.0,0.0707,0,27600.0,2,rural,fulltime,0,1,1,730.0
Male,65,55_plus,GroupA,29500.0,15.4,45.0,679.0,0.1221,0,16100.0,2,urban,parttime,0,0,0,682.0
Male,49,under_55,GroupB,45900.0,14.4,29.7,604.0,0.3746,0,17800.0,2,suburban,fulltime,0,1,1,659.0
Male,31,under_55,GroupC,24700.0,14.3,10.6,524.0,0.3576,0,8000.0,1,urban,fulltime,0,0,1,559.0
Female,35,under_55,GroupA,32700.0,17.0,9.0,434.0,0.6041,0,22600.0,10,suburban,fulltime,1,0,1,513.0
Female,45,under_55,GroupB,18800.0,10.7,29.7,559.0,0.152,0,12500.0,2,rural,parttime,1,1,1,641.0
Female,38,under_55,GroupA,31000.0,12.8,20.2,546.0,0.2947,1,11200.0,9,rural,fulltime,0,0,0,546.0
Female,60,55_plus,GroupA,19100.0,13.9,45.0,333.0,0.6951,1,6500.0,12,urban,fulltime,0,0,0,363.0
Female,57,55_plus,GroupA,28600.0,14.4,41.8,569.0,0.3615,0,34300.0,15,suburban,fulltime,0,0,0,595.0
Male,40,under_55,GroupA,45900.0,15.9,18.7,690.0,0.2244,0,29900.0,0,suburban,fulltime,1,1,1,710.0
Male,41,under_55,GroupA,32100.0,16.2,19.6,392.0,0.6431,2,10700.0,2,suburban,fulltime,0,1,1,400.0
Female,65,55_plus,GroupA,30700.0,12.9,45.0,676.0,0.1022,0,25300.0,1,suburban,fulltime,1,0,1,699.0
Male,34,under_55,GroupB,30700.0,9.4,23.3,595.0,0.3998,0,14200.0,0,urban,fulltime,1,1,1,603.0
Male,39,under_55,GroupA,32400.0,8.9,25.8,513.0,0.4002,1,22800.0,1,suburban,fulltime,0,0,0,504.0
Female,35,under_55,GroupB,27200.0,14.3,16.2,499.0,0.2628,1,34300.0,9,suburban,selfemployed,0,0,0,515.0
Male,18,under_55,GroupA,19700.0,13.6,0.0,456.0,0.5187,0,12200.0,5,urban,fulltime,0,0,0,451.0
Male,51,under_55,GroupA,27100.0,15.3,33.6,709.0,0.1018,0,28800.0,13,suburban,fulltime,0,1,1,695.0
Female,27,under_55,GroupA,32000.0,13.1,9.4,611.0,0.322,0,20000.0,15,suburban,fulltime,0,1,1,607.0
Male,48,under_55,GroupA,48900.0,16.6,28.9,610.0,0.2504,1,70200.0,4,urban,fulltime,0,1,1,622.0
Female,43,under_55,GroupA,18800.0,11.2,20.5,312.0,0.6605,2,13700.0,3,suburban,parttime,0,0,0,361.0
Male,41,under_55,GroupB,29200.0,12.3,22.6,574.0,0.3286,0,12200.0,11,suburban,fulltime,0,0,0,576.0
Male,53,under_55,GroupA,31700.0,14.4,35.1,526.0,0.5429,0,36100.0,2,rural,parttime,0,1,1,538.0
Male,51,under_55,GroupA,37500.0,9.1,32.3,618.0,0.302,0,15200.0,3,suburban,fulltime,0,1,1,614.0
Male,78,55_plus,GroupC,32600.0,12.3,45.0,517.0,0.2633,1,25700.0,2,suburban,fulltime,0,0,0,569.0
Male,29,under_55,GroupB,26400.0,12.1,12.6,439.0,0.3372,2,13900.0,0,suburban,fulltime,0,0,0,477.0
Female,60,55_plus,GroupB,25300.0,13.8,41.7,621.0,0.2963,0,25500.0,13,suburban,selfemployed,0,0,0,616.0
Male,46,under_55,GroupA,46700.0,15.7,29.1,544.0,0.5485,0,19900.0,1,urban,fulltime,0,0,0,539.0
Male,57,55_plus,GroupB,42300.0,8.5,38.2,705.0,0.15,0,17000.0,14,suburban,selfemployed,0,1,1,696.0
Female,42,under_55,GroupA,20000.0,11.6,27.6,458.0,0.5364,1,19500.0,1,suburban,selfemployed,0,0,0,474.0
Female,61,55_plus,GroupA,15100.0,12.1,44.2,533.0,0.1894,1,7900.0,9,urban,parttime,0,0,0,514.0
Female,34,under_55,GroupB,24900.0,15.6,10.1,612.0,0.294,1,9400.0,2,rural,fulltime,0,1,1,549.0
Male,57,55_plus,GroupB,54100.0,12.5,42.0,473.0,0.7082,1,31400.0,1,urban,fulltime,0,0,1,450.0
Male,49,under_55,GroupA,37800.0,15.6,26.3,564.0,0.3207,1,20500.0,1,urban,fulltime,0,0,0,570.0
Female,45,under_55,GroupA,29200.0,13.9,27.0,515.0,0.4637,0,13200.0,20,urban,parttime,0,0,0,545.0
Female,50,under_55,GroupA,14200.0,11.3,37.1,542.0,0.2908,0,10800.0,0,urban,selfemployed,0,1,1,567.0
Male,43,under_55,GroupA,18500.0,13.4,24.1,436.0,0.5162,1,12200.0,13,suburban,fulltime,0,0,0,449.0
Male,43,under_55,GroupA,24400.0,14.8,21.8,669.0,0.1418,0,17500.0,0,suburban,parttime,0,1,1,659.0
Female,31,under_55,GroupA,24700.0,11.2,16.0,566.0,0.3028,1,13800.0,10,suburban,parttime,1,0,0,586.0
Male,53,under_55,GroupB,24200.0,11.2,38.8,507.0,0.2999,2,11500.0,4,suburban,selfemployed,0,0,0,492.0
Female,60,55_plus,GroupB,26600.0,19.8,31.3,490.0,0.398,1,26600.0,11,rural,parttime,1,0,0,499.0
Female,55,55_plus,GroupB,18700.0,11.5,39.1,427.0,0.5851,1,7300.0,15,urban,fulltime,0,0,0,395.0
Female,20,under_55,GroupA,11400.0,8.0,5.0,308.0,0.633,2,7100.0,9,suburban,parttime,0,0,0,300.0
Male,41,under_55,GroupA,48900.0,16.5,15.9,580.0,0.6462,0,29000.0,0,urban,fulltime,0,0,0,589.0
Male,51,under_55,GroupC,58900.0,13.0,32.8,612.0,0.6338,0,58400.0,1,urban,fulltime,0,0,0,595.0
Female,60,55_plus,GroupB,28200.0,15.8,36.8,462.0,0.4013,1,45400.0,9,urban,fulltime,0,0,0,551.0
Female,33,under_55,GroupA,25800.0,16.9,13.1,548.0,0.3585,0,28800.0,4,suburban,parttime,0,1,1,567.0
Female,55,55_plus,GroupA,24700.0,12.5,34.7,564.0,0.4592,1,14100.0,12,suburban,parttime,0,0,0,515.0
Male,49,under_55,GroupA,59500.0,17.7,22.1,684.0,0.3148,0,23500.0,11,suburban,fulltime,1,1,1,671.0
Female,33,under_55,GroupB,25000.0,11.2,17.7,601.0,0.2298,1,6600.0,12,urban,fulltime,0,1,1,522.0
Male,35,under_55,GroupA,22400.0,10.8,20.3,451.0,0.314,1,4500.0,2,rural,fulltime,0,1,1,467.0
Male,39,under_55,GroupA,44400.0,15.4,12.5,679.0,0.2665,0,76200.0,1,suburban,fulltime,0,1,1,676.0
Male,40,under_55,GroupA,31100.0,16.9,15.7,678.0,0.2238,0,20700.0,0,rural,fulltime,0,1,1,677.0
Male,51,under_55,GroupA,35100.0,12.5,31.6,539.0,0.4908,0,18900.0,7,suburban,fulltime,0,0,0,537.0
Male,28,under_55,GroupA,29800.0,16.2,13.8,540.0,0.4798,0,33200.0,1,rural,parttime,1,1,1,556.0
Male,47,under_55,GroupA,20600.0,14.1,27.9,547.0,0.2472,1,12200.0,2,rural,parttime,1,0,0,563.0
Male,58,55_plus,GroupC,36000.0,15.2,32.3,690.0,0.1292,0,48200.0,13,urban,fulltime,1,1,1,697.0
Female,22,under_55,GroupB,13700.0,13.7,1.7,382.0,0.4021,2,4700.0,20,urban,parttime,0,0,0,328.0
Male,49,under_55,GroupC,23000.0,10.5,30.9,516.0,0.4446,1,32600.0,2,urban,selfemployed,0,0,0,512.0
Male,42,under_55,GroupA,49700.0,13.8,24.6,743.0,0.0942,0,9500.0,0,rural,fulltime,0,1,1,729.0
Female,42,under_55,GroupC,17800.0,14.3,21.8,310.0,0.8358,0,16500.0,11,urban,fulltime,1,0,0,368.0
Female,56,55_plus,GroupA,24500.0,14.1,30.9,579.0,0.2097,1,35400.0,12,suburban,parttime,0,0,1,580.0
Male,40,under_55,GroupC,43300.0,16.4,15.8,702.0,0.2681,0,26000.0,2,urban,fulltime,1,1,1,640.0
Male,45,under_55,GroupA,44200.0,17.0,24.5,606.0,0.447,0,46700.0,18,rural,fulltime,0,1,1,607.0
Male,26,under_55,GroupA,46300.0,12.2,6.3,612.0,0.3696,0,34800.0,3,urban,fulltime,0,1,1,613.0
Female,69,55_plus,GroupC,13100.0,12.2,45.0,342.0,0.6935,1,11000.0,1,rural,selfemployed,0,0,0,363.0
Male,43,under_55,GroupA,33500.0,16.4,17.1,616.0,0.4525,0,12500.0,1,suburban,selfemployed,0,1,1,604.0
Female,56,55_plus,GroupA,14600.0,14.8,34.4,416.0,0.2697,1,7600.0,18,suburban,fulltime,0,0,0,465.0
Male,55,55_plus,GroupA,41000.0,15.4,33.4,477.0,0.6438,1,17600.0,2,urban,selfemployed,0,0,0,479.0
Male,36,under_55,GroupC,26200.0,14.2,23.0,596.0,0.4119,0,13600.0,3,urban,fulltime,1,1,1,587.0
Male,35,under_55,GroupA,36300.0,14.6,13.5,670.0,0.2129,0,19100.0,4,suburban,fulltime,0,1,1,671.0
Male,36,under_55,GroupC,42900.0,9.9,20.0,638.0,0.2975,0,24100.0,0,urban,selfemployed,0,1,1,660.0
Female,35,under_55,GroupB,28500.0,16.0,12.6,458.0,0.4379,0,19600.0,8,urban,fulltime,0,0,0,585.0
Female,63,55_plus,GroupB,16400.0,14.7,43.7,546.0,0.2241,2,11300.0,11,urban,fulltime,0,0,0,458.0
Male,33,under_55,GroupC,33700.0,18.4,10.3,503.0,0.3305,2,29500.0,1,urban,fulltime,0,1,1,510.0
Female,51,under_55,GroupA,23900.0,12.6,36.3,625.0,0.2784,0,22500.0,11,suburban,parttime,0,0,0,651.0
Male,40,under_55,GroupA,30700.0,17.6,14.1,617.0,0.1526,0,13900.0,1,suburban,fulltime,0,1,1,637.0
Male,51,under_55,GroupB,34000.0,12.6,31.6,518.0,0.291,2,13600.0,0,urban,fulltime,0,1,1,510.0
Female,24,under_55,GroupA,24700.0,16.3,0.0,354.0,0.4506,1,12700.0,0,rural,fulltime,0,0,0,380.0
Female,43,under_55,GroupA,29200.0,11.3,33.6,472.0,0.5911,1,19400.0,0,rural,fulltime,0,0,0,434.0
Female,48,under_55,GroupA,34300.0,15.6,29.3,663.0,0.1562,0,17000.0,1,suburban,fulltime,0,1,1,683.0
Female,43,under_55,GroupA,25200.0,12.6,20.4,654.0,0.301,0,14700.0,2,urban,parttime,1,1,1,623.0
Male,35,under_55,GroupA,19400.0,8.9,22.9,434.0,0.5052,1,8900.0,1,suburban,fulltime,1,0,0,450.0
Female,54,under_55,GroupB,16600.0,10.9,34.7,446.0,0.3336,2,5100.0,15,urban,selfemployed,0,0,0,443.0
Female,47,under_55,GroupA,18000.0,13.6,26.1,473.0,0.5448,0,8900.0,1,rural,fulltime,0,1,1,497.0
Male,39,under_55,GroupA,35400.0,14.1,18.6,636.0,0.4185,0,13000.0,1,suburban,fulltime,0,1,1,618.0
Female,36,under_55,GroupA,32500.0,13.8,17.1,460.0,0.6336,1,29900.0,14,rural,selfemployed,1,0,0,420.0
Male,33,under_55,GroupA,32600.0,14.4,13.0,608.0,0.1636,1,9200.0,2,rural,fulltime,0,1,1,597.0
Male,18,under_55,GroupC,36700.0,17.2,0.0,600.0,0.3116,0,13200.0,1,rural,fulltime,0,0,0,519.0
Female,48,under_55,GroupB,11500.0,10.4,28.8,398.0,0.3735,1,10200.0,12,rural,selfemployed,0,0,0,468.0
Male,42,under_55,GroupB,31000.0,15.9,18.4,679.0,0.4452,0,8500.0,2,suburban,selfemployed,0,1,1,610.0
Male,66,55_plus,GroupA,28300.0,14.7,45.0,655.0,0.1309,0,26400.0,5,urban,fulltime,0,1,1,664.0
Female,40,under_55,GroupA,17600.0,11.5,23.1,516.0,0.2447,0,11100.0,1,urban,parttime,0,1,1,573.0
Male,28,under_55,GroupB,30500.0,15.5,9.6,639.0,0.3379,0,17300.0,1,rural,selfemployed,0,1,1,588.0
Male,48,under_55,GroupA,31300.0,14.1,29.0,452.0,0.5764,2,17400.0,8,suburban,fulltime,0,1,1,441.0
Male,56,55_plus,GroupB,16100.0,11.5,33.6,360.0,0.6479,1,5200.0,1,rural,fulltime,0,0,0,378.0
Male,46,under_55,GroupB,61100.0,16.7,27.2,639.0,0.4725,0,22200.0,0,urban,fulltime,1,1,1,636.0
Female,42,under_55,GroupA,12900.0,14.6,20.6,448.0,0.5637,1,4200.0,11,suburban,fulltime,0,0,0,379.0
Male,57,55_plus,GroupA,32400.0,13.5,33.0,647.0,0.2709,0,17200.0,2,urban,fulltime,0,1,1,643.0
Female,42,under_55,GroupB,22900.0,16.2,14.4,654.0,0.0412,0,8300.0,0,urban,fulltime,0,1,1,687.0
Female,48,under_55,GroupB,30000.0,15.2,24.9,549.0,0.1047,1,13600.0,7,urban,fulltime,0,1,1,620.0
Male,26,under_55,GroupC,18200.0,12.7,13.7,490.0,0.4598,1,7000.0,3,urban,fulltime,0,0,0,476.0
Female,51,under_55,GroupA,18200.0,15.8,29.6,603.0,0.2248,0,7600.0,14,suburban,parttime,0,1,1,555.0
Female,54,under_55,GroupA,26400.0,12.4,37.7,322.0,0.8338,2,11100.0,13,suburban,parttime,0,0,0,320.0
Male,52,under_55,GroupB,22200.0,12.3,30.6,488.0,0.314,2,17600.0,0,suburban,fulltime,0,0,0,511.0
Male,32,under_55,GroupA,19000.0,12.4,16.7,430.0,0.4245,1,13900.0,0,rural,fulltime,0,0,0,448.0
Male,32,under_55,GroupB,30800.0,8.9,14.4,502.0,0.4926,1,15800.0,1,suburban,fulltime,0,0,0,529.0
Female,37,under_55,GroupC,21800.0,13.9,20.8,603.0,0.363,1,14200.0,2,suburban,fulltime,0,0,0,490.0
Male,56,55_plus,GroupB,67300.0,11.0,41.3,659.0,0.2998,0,20600.0,1,suburban,fulltime,1,1,1,697.0
Male,47,under_55,GroupA,22800.0,15.7,22.1,625.0,0.1187,0,6200.0,1,rural,fulltime,0,1,1,631.0
Female,38,under_55,GroupC,29600.0,13.8,17.4,520.0,0.337,0,23100.0,14,urban,fulltime,0,1,1,604.0
Male,34,under_55,GroupA,43500.0,14.4,14.9,736.0,0.075,0,33400.0,19,urban,fulltime,0,1,1,736.0
Female,48,under_55,GroupC,21800.0,12.4,32.4,697.0,0.1075,0,7200.0,18,urban,parttime,0,1,1,672.0
Male,58,55_plus,GroupA,25800.0,12.8,44.6,593.0,0.3728,0,17600.0,1,suburban,fulltime,0,1,1,568.0
Female,21,under_55,GroupA,23100.0,9.8,3.5,508.0,0.2769,0,12000.0,13,suburban,selfemployed,1,0,0,506.0
Male,46,under_55,GroupA,23200.0,14.7,24.3,413.0,0.6042,1,24100.0,2,suburban,parttime,1,0,0,403.0
Male,31,under_55,GroupA,35600.0,18.0,7.3,646.0,0.189,0,34000.0,19,suburban,fulltime,1,1,1,659.0
Female,50,under_55,GroupB,27800.0,17.8,24.4,521.0,0.4848,0,7400.0,15,urban,selfemployed,0,0,1,572.0
Female,54,under_55,GroupA,33300.0,17.1,29.7,617.0,0.2784,0,14100.0,10,suburban,parttime,0,1,1,649.0
Female,35,under_55,GroupA,27900.0,15.8,12.1,571.0,0.2504,1,10700.0,7,urban,parttime,0,1,1,591.0
Male,60,55_plus,GroupA,42300.0,15.6,35.9,637.0,0.3333,0,42400.0,1,suburban,fulltime,0,1,1,639.0
Male,40,under_55,GroupA,50100.0,19.8,7.9,470.0,0.6467,1,30200.0,2,suburban,selfemployed,0,1,1,457.0
Male,59,55_plus,GroupA,25200.0,9.9,39.7,633.0,0.1824,0,7900.0,4,suburban,parttime,0,0,1,649.0
Female,71,55_plus,GroupC,16600.0,10.8,45.0,472.0,0.4313,2,11000.0,13,rural,fulltime,1,0,0,389.0
Female,61,55_plus,GroupA,24300.0,13.6,45.0,599.0,0.3923,0,19100.0,0,rural,fulltime,1,0,1,571.0
Male,29,under_55,GroupA,33300.0,13.5,11.4,666.0,0.1274,0,17200.0,2,urban,fulltime,1,1,1,650.0
Male,43,under_55,GroupA,38500.0,16.4,20.0,455.0,0.6473,1,30700.0,0,rural,selfemployed,0,1,1,484.0
Male,40,under_55,GroupA,32800.0,13.4,21.3,528.0,0.3901,1,31900.0,0,suburban,fulltime,1,0,0,538.0
Female,45,under_55,GroupA,25000.0,15.7,25.1,515.0,0.4333,0,8200.0,6,suburban,fulltime,0,0,0,543.0
Female,55,55_plus,GroupA,25200.0,12.8,33.7,317.0,0.7571,5,10300.0,18,rural,fulltime,0,0,0,300.0
Male,52,under_55,GroupA,52400.0,12.8,34.1,767.0,0.0649,0,34500.0,2,suburban,selfemployed,1,1,1,752.0
Male,46,under_55,GroupA,53300.0,15.5,24.7,736.0,0.175,0,18300.0,14,rural,fulltime,0,1,1,752.0
Male,42,under_55,GroupB,42000.0,14.0,16.6,639.0,0.2286,0,32800.0,2,suburban,fulltime,0,1,1,673.0
Female,49,under_55,GroupA,23300.0,15.4,22.8,472.0,0.5965,0,11300.0,2,urban,parttime,0,0,1,492.0
Male,51,under_55,GroupC,41300.0,17.9,26.8,729.0,0.1413,0,32200.0,0,rural,fulltime,1,1,1,683.0
Male,55,55_plus,GroupA,38100.0,12.2,37.5,538.0,0.4341,1,56700.0,6,rural,fulltime,1,0,0,539.0
Male,42,under_55,GroupB,53900.0,17.1,16.5,633.0,0.4516,1,52300.0,10,urban,fulltime,0,0,0,616.0
Female,18,under_55,GroupA,18200.0,14.8,0.0,440.0,0.4544,0,13600.0,7,urban,selfemployed,0,0,0,397.0
Female,21,under_55,GroupC,15500.0,13.9,3.7,366.0,0.4937,1,5400.0,9,urban,fulltime,1,0,0,333.0
Male,46,under_55,GroupA,26200.0,10.9,24.9,676.0,0.1777,0,17600.0,1,suburban,fulltime,1,1,1,660.0
Female,49,under_55,GroupA,32200.0,14.1,28.1,515.0,0.4577,1,8200.0,7,suburban,fulltime,0,1,1,508.0
Male,71,55_plus,GroupA,24100.0,17.6,44.4,437.0,0.7079,0,14400.0,4,suburban,selfemployed,0,0,0,425.0
Female,45,under_55,GroupA,32000.0,13.6,27.7,502.0,0.4741,0,26400.0,3,suburban,fulltime,0,0,0,517.0
Male,37,under_55,GroupC,14000.0,9.4,24.6,391.0,0.8117,0,4100.0,15,urban,fulltime,0,0,0,408.0
Female,55,55_plus,GroupB,17400.0,14.4,34.9,481.0,0.1723,1,12400.0,13,urban,fulltime,0,0,1,582.0
Male,54,under_55,GroupB,43600.0,12.4,32.1,459.0,0.8192,1,40300.0,0,suburban,fulltime,0,0,0,454.0
Male,59,55_plus,GroupB,34100.0,11.6,39.0,713.0,0.193,0,15200.0,3,urban,fulltime,0,1,1,670.0
Male,77,55_plus,GroupA,18800.0,12.3,45.0,579.0,0.34,0,5100.0,1,urban,fulltime,0,0,0,579.0
Female,32,under_55,GroupA,24700.0,12.8,12.0,652.0,0.3356,0,14600.0,12,rural,fulltime,0,0,0,596.0
Male,39,under_55,GroupA,35000.0,15.4,16.7,628.0,0.2693,1,9400.0,0,suburban,fulltime,0,1,1,636.0
Male,21,under_55,GroupA,42700.0,19.2,0.0,567.0,0.1479,1,25200.0,0,rural,fulltime,0,0,0,546.0
Female,46,under_55,GroupA,36700.0,12.0,28.6,430.0,0.5393,2,10100.0,19,suburban,parttime,0,0,0,442.0
Male,42,under_55,GroupA,23100.0,12.0,24.9,554.0,0.5093,0,31300.0,11,rural,fulltime,0,1,1,544.0
Female,50,under_55,GroupB,19800.0,13.2,31.6,548.0,0.4081,1,10000.0,13,urban,selfemployed,0,0,0,475.0
Male,72,55_plus,GroupB,19600.0,12.2,45.0,300.0,0.7956,1,13000.0,1,urban,fulltime,0,0,0,318.0
Female,50,under_55,GroupA,20000.0,12.5,26.3,397.0,0.3156,3,14000.0,13,urban,fulltime,0,0,0,399.0
Male,50,under_55,GroupC,31400.0,11.3,32.8,583.0,0.4454,0,30600.0,1,rural,fulltime,0,1,1,583.0
Female,30,under_55,GroupB,20700.0,13.5,11.9,658.0,0.0447,0,16000.0,3,suburban,parttime,0,1,1,662.0
Male,45,under_55,GroupA,35500.0,10.6,28.2,680.0,0.1584,0,9800.0,1,suburban,fulltime,0,1,1,682.0
Female,34,under_55,GroupB,30200.0,8.0,20.8,639.0,0.3931,0,27500.0,0,suburban,fulltime,0,0,0,583.0
Female,44,under_55,GroupB,20000.0,13.6,28.8,464.0,0.3903,2,13500.0,11,urban,parttime,0,0,1,454.0
Female,24,under_55,GroupA,18500.0,11.5,4.9,470.0,0.4839,1,21400.0,17,suburban,selfemployed,0,0,0,385.0
Male,40,under_55,GroupB,33800.0,13.7,22.1,473.0,0.5521,2,14400.0,0,urban,fulltime,0,0,0,446.0
Female,45,under_55,GroupC,27000.0,13.9,30.5,573.0,0.3935,0,10300.0,1,suburban,parttime,0,0,0,592.0
Male,60,55_plus,GroupB,30200.0,18.5,36.7,625.0,0.2788,0,10400.0,3,urban,fulltime,0,1,1,620.0
Male,54,under_55,GroupC,28800.0,14.6,36.7,549.0,0.4304,0,12900.0,1,urban,fulltime,0,1,1,560.0
Male,18,under_55,GroupA,73700.0,19.9,0.0,694.0,0.2492,0,36800.0,0,urban,fulltime,0,1,1,710.0
Male,42,under_55,GroupB,33600.0,14.4,26.0,629.0,0.4266,1,21200.0,2,urban,fulltime,0,0,0,554.0
Male,41,under_55,GroupA,35600.0,14.6,18.4,601.0,0.2943,1,17700.0,0,urban,fulltime,0,1,1,624.0
Female,30,under_55,GroupA,15000.0,19.8,1.8,531.0,0.1635,0,9400.0,13,suburban,parttime,0,1,1,532.0
Female,63,55_plus,GroupA,14900.0,14.5,44.4,535.0,0.428,0,25700.0,11,urban,fulltime,0,1,1,508.0
Female,40,under_55,GroupA,24500.0,12.6,22.5,667.0,0.0989,0,10600.0,8,suburban,fulltime,0,1,1,662.0
Male,52,under_55,GroupA,18300.0,14.5,28.0,442.0,0.6433,0,11500.0,1,rural,parttime,0,0,0,448.0
Male,56,55_plus,GroupA,31200.0,18.8,32.0,659.0,0.1608,0,20500.0,0,rural,parttime,1,0,0,679.0
Female,33,under_55,GroupC,40700.0,15.3,14.8,448.0,0.5493,2,19300.0,12,rural,fulltime,0,0,0,444.0
Female,59,55_plus,GroupC,33800.0,14.8,36.9,635.0,0.3441,0,25300.0,7,suburban,parttime,0,0,0,603.0
Female,32,under_55,GroupA,20700.0,13.0,13.3,521.0,0.4572,0,8300.0,11,suburban,selfemployed,0,1,1,529.0
Female,58,55_plus,GroupB,19500.0,11.3,44.3,520.0,0.4119,0,11300.0,0,urban,parttime,0,0,1,505.0
Male,29,under_55,GroupA,34400.0,11.6,8.8,715.0,0.0965,0,14200.0,3,suburban,fulltime,0,1,1,698.0
Female,45,under_55,GroupB,21800.0,12.3,25.2,543.0,0.3266,0,26600.0,10,suburban,parttime,0,1,1,543.0
Male,25,under_55,GroupA,28500.0,13.0,7.3,500.0,0.622,0,16600.0,1,urban,fulltime,0,1,1,488.0
Female,52,under_55,GroupA,44000.0,17.0,27.1,587.0,0.4539,0,17600.0,13,suburban,fulltime,1,0,1,599.0
Male,33,under_55,GroupA,29900.0,16.9,4.1,556.0,0.2571,1,15700.0,0,suburban,selfemployed,0,1,1,546.0
Male,26,under_55,GroupB,23500.0,15.4,0.3,392.0,0.5667,0,9200.0,2,urban,fulltime,1,1,1,433.0
Male,59,55_plus,GroupB,20400.0,10.8,45.0,478.0,0.529,1,10300.0,14,suburban,parttime,1,0,0,455.0
Female,48,under_55,GroupA,28900.0,16.5,28.8,516.0,0.6786,1,19300.0,2,suburban,fulltime,0,1,1,449.0
Female,39,under_55,GroupA,57200.0,18.8,18.0,710.0,0.281,0,18400.0,12,urban,fulltime,0,1,1,719.0
Female,26,under_55,GroupA,28500.0,18.5,4.2,527.0,0.2757,1,29700.0,11,urban,fulltime,0,0,0,491.0
Male,25,under_55,GroupA,56700.0,16.0,0.0,511.0,0.2385,1,52900.0,0,suburban,fulltime,0,1,1,495.0
Female,39,under_55,GroupB,29900.0,15.1,22.7,467.0,0.6563,1,25300.0,0,suburban,parttime,0,0,0,440.0
Female,23,under_55,GroupA,28700.0,13.7,0.0,407.0,0.223,1,23100.0,1,suburban,fulltime,0,0,0,449.0
Female,40,under_55,GroupA,23200.0,15.5,16.1,560.0,0.3295,0,9300.0,14,suburban,fulltime,1,1,1,547.0
Male,34,under_55,GroupA,19900.0,15.9,19.2,590.0,0.1459,1,8000.0,13,urban,fulltime,1,1,1,583.0
Female,36,under_55,GroupA,59900.0,17.4,11.1,590.0,0.6967,0,15100.0,4,suburban,selfemployed,1,0,1,564.0
Male,36,under_55,GroupA,42600.0,14.3,16.1,665.0,0.3232,0,22000.0,0,urban,fulltime,0,1,1,653.0
Female,54,under_55,GroupC,21700.0,11.3,38.3,445.0,0.7563,0,5400.0,15,rural,parttime,0,0,0,406.0
Male,40,under_55,GroupA,30700.0,17.4,23.0,593.0,0.3216,1,9700.0,1,urban,fulltime,0,1,1,599.0
Male,36,under_55,GroupA,57100.0,14.3,17.4,745.0,0.2433,0,46400.0,1,urban,fulltime,0,0,0,733.0
Female,36,under_55,GroupA,46800.0,11.5,19.5,710.0,0.2535,0,14000.0,14,suburban,fulltime,0,1,1,668.0
Male,37,under_55,GroupA,20300.0,13.7,22.4,316.0,0.7487,4,20000.0,2,urban,selfemployed,1,0,0,300.0
Female,40,under_55,GroupA,22800.0,12.4,19.6,575.0,0.1166,1,11900.0,17,suburban,parttime,0,0,0,561.0
Male,53,under_55,GroupA,56300.0,13.9,34.0,751.0,0.0918,0,14700.0,1,urban,fulltime,1,1,1,742.0
Male,26,under_55,GroupA,39600.0,14.4,0.8,302.0,0.95,3,23200.0,4,suburban,selfemployed,0,0,0,300.0
Female,24,under_55,GroupA,17300.0,18.2,2.6,546.0,0.107,0,5600.0,14,rural,fulltime,0,0,0,561.0
Male,34,under_55,GroupA,44500.0,10.7,12.5,663.0,0.1195,1,49700.0,2,rural,fulltime,0,1,1,663.0
Male,64,55_plus,GroupA,40600.0,14.4,39.8,593.0,0.3477,0,52100.0,1,urban,fulltime,0,1,1,600.0
Male,20,under_55,GroupA,12200.0,10.7,0.0,444.0,0.1569,1,4500.0,1,suburban,fulltime,0,0,0,442.0
Female,45,under_55,GroupA,25100.0,14.2,21.1,758.0,0.0318,0,11600.0,0,suburban,fulltime,1,1,1,744.0
Male,48,under_55,GroupA,54900.0,15.6,20.7,558.0,0.6995,0,23400.0,1,rural,fulltime,1,1,1,542.0
Male,44,under_55,GroupA,50000.0,16.6,24.7,492.0,0.7972,0,17500.0,2,suburban,fulltime,0,1,1,488.0
Male,48,under_55,GroupA,19800.0,12.8,32.4,341.0,0.5676,2,8600.0,2,suburban,fulltime,0,0,0,359.0
Male,53,under_55,GroupB,48200.0,15.7,34.2,604.0,0.2803,0,29400.0,2,urban,fulltime,0,0,1,652.0
Female,36,under_55,GroupA,19700.0,12.0,18.7,557.0,0.438,0,8300.0,10,urban,parttime,0,1,1,566.0
Male,34,under_55,GroupA,46800.0,12.8,20.4,769.0,0.03,0,13000.0,1,suburban,fulltime,0,1,1,767.0
Male,29,under_55,GroupB,27000.0,12.1,10.7,575.0,0.2605,2,15100.0,3,urban,selfemployed,1,0,0,529.0
Male,43,under_55,GroupB,26500.0,14.0,22.8,552.0,0.4349,0,9600.0,16,urban,fulltime,0,0,0,555.0
Male,65,55_plus,GroupC,16800.0,14.1,44.2,475.0,0.3866,0,8300.0,1,urban,selfemployed,0,1,1,494.0
Male,46,under_55,GroupB,52000.0,11.8,26.7,751.0,0.2146,0,27100.0,5,suburban,fulltime,1,1,1,757.0
Male,20,under_55,GroupA,31300.0,8.6,4.5,584.0,0.3373,0,34300.0,1,rural,fulltime,0,0,0,580.0
Male,22,under_55,GroupB,19300.0,13.8,4.1,503.0,0.3782,0,11600.0,0,suburban,fulltime,0,0,0,485.0
Female,36,under_55,GroupC,24200.0,14.1,16.9,545.0,0.3104,0,16100.0,16,urban,fulltime,0,0,0,594.0
Male,28,under_55,GroupA,38100.0,12.6,10.4,616.0,0.4073,0,24100.0,0,urban,fulltime,1,1,1,612.0
Male,53,under_55,GroupB,25100.0,12.7,34.0,696.0,0.1027,0,19600.0,1,suburban,fulltime,1,0,1,643.0
Female,46,under_55,GroupA,19200.0,14.6,24.4,467.0,0.2288,0,21300.0,1,suburban,parttime,0,0,0,569.0
Male,35,under_55,GroupC,34800.0,14.8,17.8,614.0,0.3766,1,25200.0,11,urban,fulltime,0,0,0,566.0
Female,45,under_55,GroupC,12100.0,12.4,21.8,431.0,0.6001,3,8000.0,12,urban,fulltime,1,0,0,300.0
Male,45,under_55,GroupA,28800.0,14.0,29.2,569.0,0.536,0,11900.0,15,rural,selfemployed,0,0,0,538.0
Female,46,under_55,GroupA,25900.0,17.0,24.5,555.0,0.5256,0,7700.0,10,urban,parttime,0,1,1,558.0
Male,36,under_55,GroupC,23000.0,14.1,19.0,568.0,0.2492,0,16800.0,0,urban,fulltime,0,1,1,582.0
Female,58,55_plus,GroupA,36400.0,17.8,37.5,544.0,0.5296,0,24300.0,14,suburban,parttime,1,1,1,579.0
Male,29,under_55,GroupA,30300.0,13.6,14.0,674.0,0.1418,0,18400.0,1,suburban,fulltime,0,1,1,665.0
Female,27,under_55,GroupB,8200.0,15.8,0.4,300.0,0.4546,2,2800.0,13,urban,fulltime,0,0,0,300.0
Female,18,under_55,GroupA,18100.0,13.6,0.0,351.0,0.4385,1,6800.0,11,rural,fulltime,0,0,0,328.0
Female,32,under_55,GroupA,45600.0,21.2,4.9,584.0,0.2886,1,20000.0,0,suburban,fulltime,0,1,1,564.0
Male,35,under_55,GroupA,52400.0,17.4,12.6,663.0,0.2247,0,19800.0,3,suburban,fulltime,1,1,1,684.0
Male,31,under_55,GroupA,31600.0,13.9,8.2,564.0,0.5329,0,11500.0,9,rural,fulltime,0,1,1,563.0
Male,33,under_55,GroupA,58200.0,17.9,9.2,707.0,0.3051,0,34200.0,1,urban,fulltime,1,1,1,700.0
Female,18,under_55,GroupC,20700.0,15.9,0.0,377.0,0.417,0,17700.0,2,suburban,fulltime,0,0,0,407.0
Male,31,under_55,GroupA,25900.0,15.7,10.4,578.0,0.1821,1,11500.0,1,rural,selfemployed,0,1,1,570.0
Female,30,under_55,GroupB,25800.0,17.1,11.9,439.0,0.5637,0,15700.0,4,rural,fulltime,0,0,0,485.0
Female,37,under_55,GroupA,28500.0,15.3,14.8,491.0,0.4474,0,21700.0,12,suburban,selfemployed,0,1,1,526.0
Female,60,55_plus,GroupA,30100.0,16.2,37.1,719.0,0.0777,0,10300.0,14,suburban,fulltime,0,0,1,741.0
Male,48,under_55,GroupB,26900.0,8.5,33.3,552.0,0.589,0,14800.0,14,urban,fulltime,1,0,0,532.0
Male,50,under_55,GroupA,31000.0,13.1,31.7,672.0,0.2585,0,13400.0,6,urban,fulltime,0,1,1,677.0
Male,54,under_55,GroupA,35700.0,15.8,34.0,711.0,0.2729,0,8200.0,1,suburban,fulltime,0,1,1,720.0
Female,35,under_55,GroupA,13800.0,13.9,14.5,471.0,0.4247,0,10500.0,3,suburban,parttime,1,0,1,494.0
Male,26,under_55,GroupA,40300.0,12.1,8.4,549.0,0.4581,0,21900.0,0,suburban,fulltime,0,1,1,529.0
Female,72,55_plus,GroupA,14500.0,13.9,45.0,387.0,0.3897,3,16200.0,9,urban,selfemployed,0,0,0,376.0
Female,45,under_55,GroupA,29800.0,13.1,24.5,568.0,0.4554,0,18900.0,17,urban,fulltime,0,0,0,551.0
Male,38,under_55,GroupA,30200.0,16.5,18.3,517.0,0.4483,1,10400.0,0,suburban,parttime,0,0,0,523.0
Female,35,under_55,GroupA,25300.0,18.1,10.8,364.0,0.7095,2,10000.0,10,suburban,fulltime,0,0,0,367.0
Female,66,55_plus,GroupA,14200.0,13.2,45.0,523.0,0.3069,0,6900.0,13,suburban,fulltime,0,0,0,532.0
Male,45,under_55,GroupB,27400.0,14.1,24.8,573.0,0.2663,0,13400.0,4,suburban,fulltime,0,0,1,591.0
Female,35,under_55,GroupA,30600.0,12.8,19.0,664.0,0.2632,0,11700.0,7,suburban,fulltime,0,0,1,614.0
Female,41,under_55,GroupC,19900.0,8.8,22.8,562.0,0.7079,0,15300.0,12,urban,fulltime,1,0,0,465.0
Female,27,under_55,GroupA,47900.0,17.2,1.5,608.0,0.3667,0,45000.0,13,urban,parttime,0,0,0,581.0
Male,50,under_55,GroupB,44700.0,13.8,28.1,655.0,0.3092,0,22000.0,2,suburban,fulltime,0,1,1,675.0
Female,41,under_55,GroupA,28800.0,15.4,19.8,631.0,0.3608,0,31300.0,7,suburban,selfemployed,0,1,1,593.0
Male,50,under_55,GroupA,35100.0,12.9,29.3,658.0,0.2046,0,31700.0,2,urban,fulltime,0,1,1,658.0
Male,27,under_55,GroupA,25500.0,12.6,8.3,517.0,0.4774,0,9900.0,3,suburban,fulltime,0,1,1,516.0
Male,43,under_55,GroupA,43300.0,14.0,17.7,650.0,0.3329,0,35400.0,2,suburban,fulltime,0,1,1,664.0
Male,35,under_55,GroupA,19400.0,12.0,7.4,602.0,0.1448,0,14800.0,3,urban,fulltime,0,1,1,610.0
Male,48,under_55,GroupC,29000.0,13.6,28.3,530.0,0.5869,0,21900.0,2,urban,fulltime,0,1,1,540.0
Female,31,under_55,GroupB,17200.0,11.2,15.0,451.0,0.2948,2,12900.0,18,suburban,parttime,0,0,0,448.0
Male,33,under_55,GroupC,32300.0,12.4,12.4,643.0,0.2653,0,27100.0,2,rural,fulltime,0,0,1,629.0
Female,38,under_55,GroupA,55800.0,13.2,14.9,633.0,0.3821,1,26700.0,5,suburban,fulltime,0,1,1,621.0
Female,32,under_55,GroupA,30000.0,11.8,15.8,585.0,0.2856,0,61600.0,14,suburban,fulltime,0,0,1,655.0
Male,47,under_55,GroupB,24300.0,11.9,31.9,481.0,0.2055,3,15700.0,0,urban,fulltime,0,0,0,485.0
Male,40,under_55,GroupB,18900.0,9.0,24.8,412.0,0.5979,0,11200.0,2,urban,selfemployed,1,0,0,460.0
Male,35,under_55,GroupA,38800.0,12.8,15.8,472.0,0.8548,0,16800.0,0,rural,fulltime,1,0,0,460.0
Female,30,under_55,GroupA,23400.0,13.2,11.6,410.0,0.2976,2,7500.0,16,urban,parttime,0,0,0,470.0
Female,36,under_55,GroupA,13100.0,14.5,19.1,463.0,0.436,1,4400.0,14,suburban,parttime,0,0,1,441.0
Male,62,55_plus,GroupB,42900.0,16.1,40.8,728.0,0.2434,0,36500.0,1,rural,fulltime,0,1,1,752.0
Female,39,under_55,GroupA,27900.0,13.6,15.5,679.0,0.1983,0,17100.0,5,suburban,selfemployed,0,1,1,663.0
Male,48,under_55,GroupA,37400.0,15.4,31.0,580.0,0.4125,1,29100.0,0,rural,selfemployed,0,1,1,563.0
Male,54,under_55,GroupA,29400.0,13.5,33.6,447.0,0.5416,0,13700.0,3,suburban,fulltime,0,0,0,480.0
Male,41,under_55,GroupA,39500.0,9.3,29.0,742.0,0.0718,0,40800.0,1,rural,fulltime,0,0,0,742.0
Male,40,under_55,GroupB,55400.0,17.6,16.5,744.0,0.2342,0,15300.0,2,suburban,fulltime,0,1,1,715.0
Male,53,under_55,GroupB,25900.0,13.4,37.4,506.0,0.4903,0,13800.0,8,urban,fulltime,0,0,0,498.0
Male,42,under_55,GroupA,34000.0,12.2,21.9,511.0,0.4009,0,28700.0,1,urban,fulltime,1,1,1,550.0
Male,54,under_55,GroupA,70400.0,15.0,36.5,587.0,0.5809,0,24100.0,0,urban,fulltime,0,1,1,597.0
Female,51,under_55,GroupA,29800.0,16.1,32.4,457.0,0.3822,2,40800.0,9,suburban,parttime,0,0,0,452.0
Female,27,under_55,GroupC,23500.0,14.2,2.4,371.0,0.3974,1,8300.0,11,urban,fulltime,0,0,0,429.0
Male,46,under_55,GroupA,32900.0,15.6,26.7,582.0,0.2807,0,15100.0,2,suburban,fulltime,1,1,1,595.0
Female,50,under_55,GroupA,29600.0,15.2,28.8,573.0,0.4936,0,13500.0,13,rural,fulltime,1,1,1,549.0
Male,26,under_55,GroupB,37900.0,15.2,2.4,542.0,0.2446,1,22400.0,1,suburban,fulltime,0,0,1,547.0
Female,39,under_55,GroupB,12200.0,13.6,17.2,516.0,0.1166,1,3600.0,13,urban,parttime,1,0,0,545.0
Male,42,under_55,GroupB,42900.0,11.4,23.0,662.0,0.3955,1,51200.0,3,rural,selfemployed,0,1,1,592.0
Male,63,55_plus,GroupA,47700.0,18.2,40.5,697.0,0.2225,0,57600.0,1,suburban,fulltime,0,1,1,690.0
Male,60,55_plus,GroupA,58500.0,16.3,35.1,656.0,0.3936,0,73400.0,1,urban,fulltime,0,1,1,650.0
Male,60,55_plus,GroupA,17600.0,20.0,35.3,527.0,0.1699,1,10900.0,0,urban,fulltime,1,0,0,533.0
Male,37,under_55,GroupB,117300.0,18.9,12.4,850.0,0.3216,0,104300.0,3,urban,fulltime,1,1,1,794.0
Male,40,under_55,GroupA,83500.0,18.5,18.2,738.0,0.3218,0,32600.0,3,urban,fulltime,0,1,1,740.0
Male,49,under_55,GroupA,32600.0,10.4,33.7,551.0,0.3401,1,31100.0,1,rural,fulltime,0,0,0,548.0
Female,48,under_55,GroupA,11200.0,12.2,31.1,343.0,0.4827,3,5700.0,13,urban,parttime,0,0,0,301.0
Male,38,under_55,GroupA,29900.0,12.8,18.6,628.0,0.3241,0,12600.0,3,suburban,fulltime,1,1,1,639.0
Female,55,55_plus,GroupA,26200.0,14.1,34.0,467.0,0.2316,2,35700.0,9,suburban,selfemployed,0,0,0,504.0
Female,23,under_55,GroupC,22000.0,12.4,0.0,439.0,0.3397,0,20700.0,0,urban,fulltime,1,0,0,479.0
Female,63,55_plus,GroupB,33500.0,11.9,42.8,575.0,0.3049,0,22400.0,6,urban,fulltime,0,0,1,589.0
Male,36,under_55,GroupB,13600.0,14.8,17.0,461.0,0.3695,0,8900.0,1,rural,fulltime,1,0,0,508.0
Female,43,under_55,GroupB,29300.0,13.8,19.2,689.0,0.1822,0,21300.0,4,suburban,fulltime,1,0,1,646.0
Male,62,55_plus,GroupA,36500.0,11.6,45.0,485.0,0.6504,0,20700.0,3,suburban,fulltime,0,0,0,501.0
Female,49,under_55,GroupA,25400.0,12.1,33.8,521.0,0.4744,1,15600.0,12,suburban,parttime,0,0,0,494.0
Female,45,under_55,GroupB,31700.0,16.4,22.5,502.0,0.3354,1,10400.0,11,urban,fulltime,0,1,1,569.0
Male,40,under_55,GroupB,42400.0,15.4,14.6,588.0,0.265,1,17800.0,1,suburban,fulltime,0,1,1,615.0
Male,18,under_55,GroupA,52100.0,13.8,0.0,498.0,0.456,1,35500.0,0,rural,selfemployed,1,0,0,514.0
Male,38,under_55,GroupA,37100.0,11.9,19.4,686.0,0.2056,0,11500.0,1,suburban,fulltime,1,1,1,690.0
Female,50,under_55,GroupB,19300.0,12.9,30.9,479.0,0.344,1,9700.0,14,urban,fulltime,0,0,0,508.0
Male,40,under_55,GroupB,23800.0,8.0,30.4,730.0,0.0979,0,15500.0,1,rural,parttime,0,0,0,704.0
Female,38,under_55,GroupA,31100.0,15.9,11.2,518.0,0.4479,1,20100.0,12,rural,fulltime,1,1,1,551.0
Male,40,under_55,GroupA,44400.0,11.0,21.1,655.0,0.4392,0,33700.0,0,urban,fulltime,1,1,1,632.0
Female,68,55_plus,GroupA,16000.0,12.7,44.0,493.0,0.2554,1,8600.0,11,rural,parttime,0,1,1,493.0
Female,40,under_55,GroupA,19400.0,15.0,20.4,491.0,0.4431,1,8800.0,1,urban,parttime,0,1,1,433.0
Female,47,under_55,GroupA,29000.0,12.9,25.0,432.0,0.6197,2,11500.0,15,urban,parttime,0,0,0,391.0
Male,51,under_55,GroupA,39600.0,16.4,30.5,457.0,0.9016,0,45900.0,2,urban,fulltime,0,1,1,459.0
Male,27,under_55,GroupA,36500.0,14.2,5.5,481.0,0.4978,1,13300.0,1,suburban,fulltime,0,0,0,480.0
Male,38,under_55,GroupA,23600.0,14.9,14.6,529.0,0.3292,1,14700.0,4,suburban,selfemployed,1,1,1,526.0
Male,35,under_55,GroupB,38700.0,15.2,12.3,511.0,0.4925,1,19500.0,3,urban,fulltime,1,0,0,504.0
Female,41,under_55,GroupA,19400.0,14.3,21.5,556.0,0.2993,2,16700.0,4,suburban,parttime,0,0,0,475.0
Female,57,55_plus,GroupB,24700.0,12.7,33.3,488.0,0.5839,1,23700.0,1,rural,fulltime,0,0,1,442.0
Female,23,under_55,GroupA,23200.0,11.3,0.0,442.0,0.2695,0,11800.0,14,suburban,fulltime,0,0,0,482.0
Female,37,under_55,GroupB,15300.0,13.1,18.0,300.0,0.95,0,16400.0,13,urban,selfemployed,0,0,0,329.0
Male,61,55_plus,GroupA,45800.0,15.6,38.4,681.0,0.204,0,16800.0,2,urban,fulltime,0,1,1,693.0
Male,22,under_55,GroupA,39700.0,12.5,4.4,604.0,0.1621,0,22400.0,1,suburban,fulltime,0,1,1,614.0
Female,47,under_55,GroupA,25000.0,15.8,25.3,415.0,0.4807,2,21600.0,0,rural,fulltime,1,0,0,456.0
Male,36,under_55,GroupA,65600.0,16.1,11.5,725.0,0.2501,0,62400.0,0,urban,fulltime,0,1,1,736.0
Female,37,under_55,GroupA,15700.0,15.1,14.4,350.0,0.3494,3,5900.0,12,suburban,fulltime,1,0,0,359.0
Female,41,under_55,GroupC,15900.0,13.1,20.6,647.0,0.128,0,8600.0,15,urban,fulltime,0,1,1,619.0
Male,55,55_plus,GroupA,34100.0,14.6,35.2,658.0,0.1914,0,21700.0,1,urban,fulltime,1,1,1,659.0
Male,38,under_55,GroupB,22500.0,12.0,18.6,352.0,0.4399,3,22100.0,1,suburban,selfemployed,0,0,0,358.0
Female,56,55_plus,GroupA,30900.0,17.4,30.2,570.0,0.3068,1,17300.0,16,suburban,parttime,0,1,1,593.0
Male,47,under_55,GroupB,35500.0,17.5,24.2,654.0,0.5903,0,20700.0,0,urban,fulltime,0,0,1,631.0
Male,48,under_55,GroupA,48800.0,16.9,29.5,560.0,0.5514,0,59900.0,1,urban,fulltime,1,1,1,575.0
Female,54,under_55,GroupA,44400.0,17.0,34.2,546.0,0.5379,0,39200.0,11,suburban,fulltime,0,1,1,561.0
Female,49,under_55,GroupA,23800.0,12.3,31.8,657.0,0.1133,0,6400.0,18,suburban,parttime,0,1,1,645.0
Female,46,under_55,GroupA,20600.0,13.4,27.2,300.0,0.7681,3,8400.0,11,suburban,parttime,0,0,0,300.0
Male,59,55_plus,GroupC,49000.0,12.7,39.8,675.0,0.245,0,15100.0,1,urban,fulltime,0,1,1,650.0
Female,42,under_55,GroupB,24700.0,12.7,22.6,677.0,0.2978,0,14200.0,9,urban,parttime,0,1,1,669.0
Male,34,under_55,GroupA,22800.0,13.7,12.1,471.0,0.5979,1,6700.0,12,rural,fulltime,0,0,0,445.0
Female,18,under_55,GroupB,14100.0,12.9,0.0,393.0,0.6742,2,14400.0,10,rural,parttime,1,0,0,300.0
Male,72,55_plus,GroupB,35500.0,11.9,45.0,617.0,0.2134,0,21000.0,2,rural,selfemployed,1,0,1,661.0
Female,31,under_55,GroupB,19900.0,9.3,14.3,658.0,0.1006,0,5700.0,18,suburban,selfemployed,0,0,1,684.0
Male,37,under_55,GroupA,33900.0,13.3,17.8,565.0,0.4136,0,19300.0,0,suburban,fulltime,0,0,0,580.0
Male,42,under_55,GroupA,50400.0,15.7,18.3,628.0,0.3558,0,57100.0,14,urban,fulltime,0,1,1,625.0
Female,56,55_plus,GroupA,26200.0,14.6,39.1,404.0,0.6784,2,25000.0,3,urban,fulltime,0,0,0,395.0
Male,28,under_55,GroupA,23300.0,15.7,8.0,509.0,0.2442,0,8600.0,0,rural,fulltime,0,0,0,530.0
Male,38,under_55,GroupB,52200.0,18.5,15.9,772.0,0.2116,0,41200.0,1,suburban,fulltime,0,1,1,715.0
Male,18,under_55,GroupB,32600.0,16.2,0.0,396.0,0.3933,1,26300.0,1,rural,fulltime,0,0,0,416.0
Female,36,under_55,GroupA,44800.0,19.4,14.2,745.0,0.1576,0,43700.0,1,rural,parttime,0,0,1,742.0
Male,35,under_55,GroupA,33800.0,13.0,15.6,559.0,0.5295,0,11900.0,3,rural,fulltime,0,0,0,562.0
Male,39,under_55,GroupB,47300.0,15.9,14.9,599.0,0.3443,1,34800.0,0,rural,fulltime,0,0,0,594.0
Female,56,55_plus,GroupA,37500.0,17.0,31.9,559.0,0.325,2,20100.0,9,urban,selfemployed,0,0,0,562.0
Female,50,under_55,GroupB,27300.0,10.4,37.4,415.0,0.3741,1,15700.0,12,suburban,fulltime,1,0,0,515.0
Male,48,under_55,GroupC,29400.0,18.7,22.7,546.0,0.5364,0,21800.0,0,rural,fulltime,0,1,1,581.0
Female,40,under_55,GroupC,25800.0,16.7,16.4,708.0,0.0948,0,8000.0,15,rural,parttime,0,0,1,676.0
Male,59,55_plus,GroupC,25500.0,12.0,37.6,406.0,0.2413,3,10800.0,0,urban,fulltime,0,0,0,404.0
Female,33,under_55,GroupA,28200.0,13.7,13.3,599.0,0.3761,0,33300.0,2,rural,parttime,0,1,1,596.0
Female,43,under_55,GroupA,25200.0,13.7,20.6,317.0,0.6565,2,9000.0,1,rural,parttime,0,0,0,318.0
Male,37,under_55,GroupA,25500.0,14.3,14.8,300.0,0.95,3,13300.0,2,urban,parttime,1,0,0,300.0
Male,46,under_55,GroupC,26100.0,8.5,27.8,510.0,0.5373,0,10500.0,1,suburban,parttime,0,0,0,522.0
Male,45,under_55,GroupA,38800.0,14.2,27.8,616.0,0.3035,0,20500.0,1,rural,selfemployed,1,1,1,644.0
Female,42,under_55,GroupA,47400.0,12.8,20.7,527.0,0.5228,0,55900.0,4,suburban,selfemployed,0,1,1,599.0
Female,35,under_55,GroupB,17100.0,13.1,16.5,301.0,0.7898,1,4900.0,2,urban,parttime,0,0,0,374.0
Male,18,under_55,GroupB,31200.0,14.0,0.0,322.0,0.7831,6,13600.0,1,urban,fulltime,0,0,0,300.0
Female,24,under_55,GroupB,62900.0,14.0,8.5,735.0,0.08,0,45600.0,10,suburban,selfemployed,0,1,1,748.0
Female,67,55_plus,GroupA,16200.0,13.2,45.0,571.0,0.1798,1,6300.0,11,suburban,fulltime,0,0,0,529.0
Male,48,under_55,GroupC,24500.0,14.4,31.3,532.0,0.3835,1,22700.0,1,urban,fulltime,1,0,0,526.0
Female,39,under_55,GroupB,27100.0,13.9,19.8,666.0,0.0884,0,12600.0,10,suburban,fulltime,0,1,1,631.0
Male,24,under_55,GroupB,17800.0,10.5,8.0,487.0,0.4417,2,14700.0,0,suburban,fulltime,1,0,0,422.0
Female,39,under_55,GroupB,25100.0,17.2,16.4,385.0,0.5087,2,12500.0,12,urban,parttime,0,0,0,432.0
Female,34,under_55,GroupA,14500.0,13.2,12.6,489.0,0.2529,1,5300.0,11,suburban,fulltime,1,0,0,481.0
Male,33,under_55,GroupA,28200.0,14.3,6.0,477.0,0.5073,1,30700.0,12,suburban,fulltime,0,0,0,464.0
Female,30,under_55,GroupB,27200.0,13.6,11.3,777.0,0.2058,0,25500.0,13,suburban,selfemployed,1,1,1,698.0
Female,69,55_plus,GroupA,16700.0,13.0,44.8,576.0,0.3089,1,5400.0,6,suburban,selfemployed,1,0,0,528.0
Male,43,under_55,GroupA,49800.0,10.8,28.7,621.0,0.4925,0,49100.0,2,suburban,fulltime,0,1,1,609.0
Female,24,under_55,GroupA,25000.0,15.0,1.5,439.0,0.2811,1,26700.0,9,rural,fulltime,0,0,0,468.0
Male,34,under_55,GroupA,39900.0,11.6,15.9,527.0,0.5434,0,25200.0,2,suburban,fulltime,0,0,0,535.0
Female,29,under_55,GroupB,14700.0,10.1,13.6,312.0,0.5398,1,11800.0,8,suburban,selfemployed,0,0,0,430.0
Male,56,55_plus,GroupB,39500.0,9.3,42.6,594.0,0.1724,1,21200.0,0,rural,parttime,0,0,0,635.0
Female,60,55_plus,GroupA,9600.0,11.4,42.7,348.0,0.5419,2,4700.0,10,rural,parttime,0,0,0,343.0
Female,65,55_plus,GroupB,20100.0,13.5,45.0,551.0,0.2111,1,13900.0,18,urban,fulltime,0,0,1,508.0
Male,54,under_55,GroupB,43600.0,9.2,42.2,598.0,0.2768,0,24700.0,11,urban,fulltime,1,1,1,651.0
Male,42,under_55,GroupC,26100.0,14.0,22.2,701.0,0.152,0,25600.0,3,urban,fulltime,0,1,1,670.0
Male,46,under_55,GroupB,53200.0,13.2,28.5,603.0,0.2933,0,12200.0,2,suburban,selfemployed,0,1,1,657.0
Male,29,under_55,GroupA,53600.0,12.6,11.4,721.0,0.2944,0,32900.0,3,suburban,fulltime,0,1,1,711.0
Male,39,under_55,GroupA,48100.0,16.2,18.8,570.0,0.4829,1,12800.0,0,suburban,fulltime,0,1,1,561.0
Male,64,55_plus,GroupA,35300.0,19.4,40.5,606.0,0.4853,0,15100.0,2,urban,fulltime,0,1,1,606.0
Male,48,under_55,GroupB,32300.0,15.6,29.7,638.0,0.161,1,24200.0,0,urban,fulltime,0,1,1,616.0
Female,34,under_55,GroupB,13900.0,10.8,14.7,465.0,0.2057,2,9600.0,15,urban,parttime,0,0,0,455.0
Male,35,under_55,GroupA,28700.0,14.7,18.0,647.0,0.0336,0,7300.0,0,suburban,fulltime,0,1,1,677.0
Female,51,under_55,GroupA,25900.0,14.5,30.6,422.0,0.5351,1,19100.0,16,suburban,fulltime,0,0,0,419.0
Male,32,under_55,GroupA,38800.0,10.5,17.5,628.0,0.32,0,17400.0,1,suburban,selfemployed,0,1,1,634.0
Male,37,under_55,GroupB,23700.0,9.6,22.4,605.0,0.3935,0,20000.0,2,urban,fulltime,0,1,1,601.0
Female,36,under_55,GroupB,13800.0,8.9,20.1,589.0,0.1925,0,6100.0,13,urban,fulltime,0,1,1,593.0
Male,32,under_55,GroupC,28700.0,15.7,17.1,500.0,0.2532,1,53300.0,0,urban,selfemployed,0,1,1,518.0
Female,28,under_55,GroupB,26100.0,13.6,8.6,701.0,0.0687,0,38700.0,1,urban,fulltime,0,1,1,664.0
Male,50,under_55,GroupB,28400.0,13.0,26.7,563.0,0.3887,0,13600.0,0,urban,parttime,0,0,0,589.0
Female,30,under_55,GroupA,20300.0,14.0,12.3,549.0,0.1549,1,12300.0,16,urban,fulltime,0,0,0,564.0
Male,55,55_plus,GroupA,44400.0,15.2,34.3,566.0,0.5637,0,27100.0,1,suburban,fulltime,1,0,1,573.0
Female,53,under_55,GroupA,18100.0,11.7,37.8,300.0,0.5277,3,16400.0,1,urban,fulltime,0,0,0,300.0
Male,22,under_55,GroupC,18200.0,15.4,0.0,406.0,0.452,0,10600.0,15,urban,fulltime,1,0,0,414.0
Male,57,55_plus,GroupA,57800.0,14.9,31.9,806.0,0.1938,0,39700.0,0,urban,fulltime,0,1,1,816.0
Male,63,55_plus,GroupA,49900.0,17.6,43.6,735.0,0.2711,0,39400.0,2,suburban,fulltime,0,0,1,728.0
Male,46,under_55,GroupB,42800.0,13.9,24.9,641.0,0.4647,0,28100.0,0,urban,fulltime,1,1,1,638.0
Female,28,under_55,GroupA,16100.0,15.4,6.9,486.0,0.2805,1,4300.0,14,suburban,parttime,0,0,0,452.0
Male,34,under_55,GroupC,15700.0,8.0,15.0,623.0,0.1806,0,5300.0,0,rural,parttime,0,1,1,617.0
Female,38,under_55,GroupB,27400.0,15.5,17.2,508.0,0.2737,2,16300.0,9,rural,parttime,0,0,0,509.0
Male,72,55_plus,GroupB,25800.0,14.3,45.0,653.0,0.2141,0,27900.0,1,urban,parttime,0,1,1,608.0
Female,18,under_55,GroupA,22100.0,14.3,0.0,300.0,0.7163,2,16600.0,15,urban,fulltime,0,0,0,300.0
Male,63,55_plus,GroupA,37100.0,15.0,44.2,672.0,0.1537,0,22400.0,0,urban,fulltime,0,0,1,692.0
Male,25,under_55,GroupA,52000.0,15.3,5.8,623.0,0.4632,0,19800.0,1,suburban,selfemployed,0,1,1,620.0
Male,41,under_55,GroupA,31800.0,16.8,19.3,580.0,0.355,1,20300.0,1,rural,selfemployed,0,0,0,564.0
Male,42,under_55,GroupA,59000.0,15.6,17.7,747.0,0.1137,0,41700.0,8,suburban,fulltime,0,1,1,730.0
Female,26,under_55,GroupB,24700.0,12.4,11.9,565.0,0.5096,0,28700.0,7,suburban,fulltime,0,0,0,519.0
Male,40,under_55,GroupA,55100.0,14.6,20.4,702.0,0.2498,0,25000.0,1,urban,fulltime,0,1,1,686.0
Male,36,under_55,GroupA,20500.0,13.1,14.9,579.0,0.1202,1,15100.0,1,rural,parttime,0,1,1,609.0
Male,47,under_55,GroupA,20200.0,13.4,28.2,614.0,0.0824,1,7900.0,1,suburban,fulltime,0,1,1,619.0
Male,47,under_55,GroupA,42300.0,16.4,27.3,729.0,0.255,0,15300.0,1,suburban,fulltime,0,1,1,692.0
Male,37,under_55,GroupB,17700.0,14.8,16.0,411.0,0.487,1,11200.0,2,urban,fulltime,0,0,0,473.0
Female,50,under_55,GroupC,20200.0,19.3,23.6,621.0,0.2347,0,14700.0,2,urban,parttime,1,1,1,626.0
Male,64,55_plus,GroupB,20500.0,15.2,43.7,501.0,0.1971,1,18900.0,1,rural,fulltime,0,0,0,504.0
Male,18,under_55,GroupB,28900.0,16.9,0.0,423.0,0.5331,0,18000.0,1,urban,fulltime,1,0,0,432.0
Female,43,under_55,GroupB,22400.0,12.3,23.5,578.0,0.2669,1,8500.0,12,urban,fulltime,1,1,1,518.0
Male,28,under_55,GroupA,21100.0,11.2,7.2,614.0,0.1025,0,5600.0,15,rural,fulltime,0,1,1,600.0
Male,28,under_55,GroupA,28300.0,15.3,3.9,606.0,0.0976,0,25800.0,2,rural,fulltime,0,1,1,600.0
Male,48,under_55,GroupA,60300.0,12.9,32.2,611.0,0.5664,0,14900.0,2,suburban,fulltime,1,1,1,620.0
Male,27,under_55,GroupA,60200.0,15.7,3.3,644.0,0.1766,0,69800.0,3,suburban,fulltime,0,0,0,648.0
Male,35,under_55,GroupB,48500.0,14.2,19.7,533.0,0.3406,1,40500.0,1,suburban,fulltime,0,0,0,571.0
Male,20,under_55,GroupA,23200.0,12.6,4.3,520.0,0.341,0,14900.0,1,urban,selfemployed,0,0,0,529.0
Male,46,under_55,GroupA,68600.0,15.8,20.0,563.0,0.7269,0,34800.0,3,urban,fulltime,1,1,1,587.0
Male,47,under_55,GroupA,40100.0,16.4,19.5,692.0,0.2253,0,34000.0,0,suburban,fulltime,1,1,1,697.0
Male,45,under_55,GroupB,21800.0,12.7,28.4,656.0,0.1215,0,13200.0,5,urban,fulltime,0,1,1,655.0
Male,56,55_plus,GroupA,58900.0,16.4,35.4,614.0,0.5052,0,45700.0,1,suburban,selfemployed,0,1,1,623.0
Female,59,55_plus,GroupA,12100.0,19.1,31.8,611.0,0.316,0,6900.0,10,urban,parttime,0,0,1,530.0
Female,43,under_55,GroupA,19700.0,15.2,19.5,491.0,0.5617,1,11000.0,11,rural,fulltime,1,0,1,482.0
Female,48,under_55,GroupA,39700.0,12.3,29.6,681.0,0.2566,0,18500.0,7,suburban,fulltime,1,1,1,662.0
Female,56,55_plus,GroupA,15700.0,11.4,37.3,523.0,0.2728,0,9000.0,8,urban,parttime,0,1,1,587.0
Female,18,under_55,GroupA,41000.0,14.6,0.0,617.0,0.2098,0,18200.0,6,suburban,parttime,0,1,1,579.0
Female,55,55_plus,GroupA,48000.0,15.0,35.6,729.0,0.2129,0,30700.0,10,rural,parttime,0,1,1,716.0
Male,33,under_55,GroupB,30900.0,10.9,15.0,574.0,0.4914,1,36500.0,1,rural,fulltime,0,0,0,519.0
Male,46,under_55,GroupB,75200.0,18.6,21.4,781.0,0.1771,0,65900.0,12,urban,fulltime,0,1,1,775.0
Male,53,under_55,GroupC,21000.0,8.0,35.2,358.0,0.5785,2,8300.0,1,urban,fulltime,0,0,0,359.0
Male,47,under_55,GroupA,33000.0,13.0,33.4,615.0,0.1216,1,18900.0,2,suburban,selfemployed,1,1,1,616.0
Male,61,55_plus,GroupB,16200.0,11.8,44.6,311.0,0.5423,2,13700.0,14,suburban,selfemployed,0,0,0,360.0
Female,43,under_55,GroupB,20700.0,11.3,29.8,492.0,0.4655,0,9900.0,13,suburban,selfemployed,0,0,0,479.0
Male,50,under_55,GroupA,34600.0,16.4,32.7,478.0,0.6794,1,17600.0,2,suburban,fulltime,1,0,0,464.0
Male,51,under_55,GroupB,21500.0,16.8,33.5,408.0,0.4737,1,17600.0,1,suburban,fulltime,0,0,0,449.0
Female,47,under_55,GroupA,18500.0,9.3,27.5,448.0,0.2671,1,6500.0,7,rural,fulltime,0,0,0,516.0
Male,59,55_plus,GroupA,27200.0,11.8,40.0,659.0,0.2406,0,9800.0,0,suburban,fulltime,0,1,1,648.0
Male,21,under_55,GroupB,18400.0,10.9,9.4,305.0,0.95,2,5000.0,15,urban,fulltime,0,0,0,300.0
Male,43,under_55,GroupA,29200.0,14.3,20.1,487.0,0.3298,2,8200.0,5,rural,fulltime,0,1,1,499.0
Male,48,under_55,GroupB,22000.0,12.3,29.5,547.0,0.238,1,16600.0,2,urban,fulltime,0,1,1,548.0
Male,42,under_55,GroupA,45600.0,15.8,17.8,700.0,0.2782,0,45900.0,2,suburban,selfemployed,0,1,1,695.0
Male,51,under_55,GroupB,30600.0,15.3,31.2,522.0,0.2441,1,14100.0,0,rural,fulltime,0,1,1,542.0
Male,53,under_55,GroupB,46400.0,14.7,41.5,569.0,0.4502,1,42000.0,1,suburban,fulltime,0,0,0,550.0
Male,46,under_55,GroupA,31900.0,15.8,22.9,470.0,0.4974,2,24600.0,2,urban,fulltime,0,0,0,469.0
Male,40,under_55,GroupB,33200.0,14.3,20.6,489.0,0.5686,2,12600.0,2,urban,fulltime,0,0,0,474.0
Male,55,55_plus,GroupB,37200.0,19.7,28.7,719.0,0.4099,0,11500.0,2,urban,fulltime,0,1,1,637.0
Female,69,55_plus,GroupA,24400.0,16.5,45.0,513.0,0.5373,1,9900.0,3,urban,fulltime,0,0,0,482.0
Male,34,under_55,GroupA,51700.0,18.8,6.4,597.0,0.3557,0,37600.0,0,suburban,fulltime,1,1,1,597.0
Female,35,under_55,GroupB,20200.0,12.2,12.9,473.0,0.5077,1,7800.0,18,rural,fulltime,0,0,0,481.0
Male,34,under_55,GroupA,53300.0,14.3,11.4,698.0,0.1994,0,20300.0,11,suburban,selfemployed,1,1,1,700.0
Male,51,under_55,GroupC,32200.0,15.6,28.6,425.0,0.923,0,21200.0,1,suburban,fulltime,1,1,1,425.0
Female,45,under_55,GroupB,14100.0,8.1,29.6,460.0,0.158,2,11800.0,13,urban,parttime,0,0,0,441.0
Male,44,under_55,GroupB,65700.0,13.3,23.5,736.0,0.3472,0,14100.0,1,urban,fulltime,0,1,1,719.0
Male,58,55_plus,GroupC,21300.0,13.3,35.9,465.0,0.3498,2,10000.0,2,urban,fulltime,0,0,0,424.0
Female,67,55_plus,GroupA,29800.0,15.3,45.0,608.0,0.1065,1,16200.0,10,urban,fulltime,0,1,1,622.0
Female,29,under_55,GroupA,14800.0,12.2,15.2,576.0,0.2985,0,2500.0,10,urban,fulltime,0,1,1,550.0
Female,43,under_55,GroupA,24100.0,16.7,23.6,529.0,0.2674,1,22300.0,3,urban,parttime,0,0,0,515.0
Male,35,under_55,GroupA,68000.0,14.5,16.2,692.0,0.5152,0,45700.0,0,urban,fulltime,1,1,1,685.0
Male,61,55_plus,GroupA,49100.0,14.7,40.2,696.0,0.2625,0,20900.0,1,urban,fulltime,0,1,1,679.0
Male,25,under_55,GroupB,52800.0,15.9,11.0,668.0,0.1907,0,53600.0,0,suburban,fulltime,0,0,1,716.0
Female,44,under_55,GroupA,24500.0,12.7,27.9,594.0,0.1445,0,12900.0,11,suburban,fulltime,1,1,1,625.0
Male,49,under_55,GroupB,22900.0,11.9,31.8,353.0,0.8873,0,17100.0,0,suburban,parttime,0,0,0,430.0
Female,51,under_55,GroupB,29700.0,12.7,37.9,547.0,0.417,0,23300.0,2,suburban,parttime,0,1,1,551.0
Male,58,55_plus,GroupB,22600.0,8.0,38.0,602.0,0.1092,1,16600.0,2,urban,selfemployed,0,0,1,619.0
Male,33,under_55,GroupA,29400.0,10.4,15.2,573.0,0.1551,1,25500.0,2,suburban,selfemployed,0,1,1,595.0
Female,51,under_55,GroupA,36500.0,16.4,29.1,571.0,0.6441,0,9400.0,12,suburban,fulltime,0,0,1,538.0
Female,53,under_55,GroupC,15300.0,12.4,33.6,552.0,0.5017,1,6900.0,13,urban,parttime,0,0,0,437.0
Male,58,55_plus,GroupC,34800.0,12.3,38.4,675.0,0.0915,0,23200.0,1,suburban,fulltime,0,1,1,690.0
Female,53,under_55,GroupB,35200.0,18.9,27.1,519.0,0.5446,0,43300.0,9,suburban,fulltime,0,0,0,558.0
Male,52,under_55,GroupB,48700.0,14.3,32.4,664.0,0.2309,0,61400.0,13,urban,fulltime,0,1,1,699.0
Male,55,55_plus,GroupC,26500.0,13.9,31.7,677.0,0.1462,0,7200.0,2,urban,fulltime,1,0,0,672.0
Male,47,under_55,GroupB,37100.0,11.3,34.0,558.0,0.4114,1,20500.0,0,suburban,fulltime,0,1,1,614.0
Female,44,under_55,GroupA,10100.0,11.0,28.3,412.0,0.3559,0,5000.0,11,urban,parttime,0,0,0,448.0
Male,18,under_55,GroupA,35000.0,14.5,0.0,328.0,0.7848,0,24100.0,3,suburban,fulltime,0,0,0,330.0
Female,18,under_55,GroupB,32200.0,12.8,4.1,348.0,0.565,1,13500.0,17,suburban,fulltime,0,0,0,453.0
Female,39,under_55,GroupA,27800.0,19.5,18.1,631.0,0.137,0,25200.0,0,urban,parttime,0,1,1,662.0
Female,52,under_55,GroupA,33000.0,10.6,37.2,430.0,0.6561,1,15900.0,13,suburban,fulltime,0,0,0,454.0
Female,34,under_55,GroupA,21500.0,14.2,13.0,489.0,0.376,1,7500.0,23,suburban,fulltime,1,0,0,519.0
Female,39,under_55,GroupA,32100.0,16.0,19.7,606.0,0.1598,1,14100.0,16,suburban,parttime,0,1,1,666.0
Female,37,under_55,GroupA,36500.0,15.0,15.9,482.0,0.5137,1,16600.0,11,suburban,fulltime,0,0,0,518.0
Male,43,under_55,GroupA,28900.0,15.4,22.8,584.0,0.2625,1,36700.0,1,urban,selfemployed,1,1,1,576.0
Male,35,under_55,GroupA,30300.0,16.8,8.7,596.0,0.3869,0,22600.0,2,rural,fulltime,0,0,0,583.0
Female,43,under_55,GroupA,28900.0,15.0,18.5,536.0,0.5161,0,35300.0,8,suburban,fulltime,1,1,1,522.0
Male,38,under_55,GroupA,15100.0,13.1,19.4,302.0,0.6232,3,8200.0,2,rural,fulltime,0,0,0,300.0
Male,53,under_55,GroupC,35600.0,11.2,37.7,613.0,0.5902,0,11000.0,2,suburban,fulltime,0,0,1,595.0
Male,23,under_55,GroupA,21000.0,13.8,0.0,318.0,0.4009,2,13200.0,3,suburban,fulltime,0,0,0,331.0
Male,75,55_plus,GroupA,43000.0,14.1,45.0,633.0,0.4233,0,26800.0,2,suburban,fulltime,0,1,1,636.0
Male,37,under_55,GroupA,39700.0,16.9,17.3,643.0,0.2332,0,12500.0,0,rural,fulltime,0,1,1,657.0
Male,18,under_55,GroupA,39800.0,14.6,0.0,559.0,0.4157,0,41600.0,2,suburban,fulltime,0,0,0,566.0
Male,34,under_55,GroupA,18400.0,14.6,17.5,373.0,0.6146,1,23600.0,1,rural,parttime,0,0,0,388.0
Female,33,under_55,GroupA,38900.0,18.1,10.7,529.0,0.4956,1,7700.0,1,suburban,parttime,0,1,1,522.0
Female,33,under_55,GroupA,21900.0,12.5,9.9,445.0,0.4167,1,6400.0,1,suburban,fulltime,0,0,0,485.0
Male,34,under_55,GroupC,28700.0,13.7,7.8,472.0,0.5608,1,10300.0,2,rural,fulltime,0,0,0,432.0
Male,56,55_plus,GroupA,46500.0,15.6,39.5,651.0,0.3071,0,17900.0,1,suburban,fulltime,0,1,1,656.0
Male,46,under_55,GroupA,45400.0,11.8,27.8,522.0,0.6973,1,26900.0,0,suburban,parttime,0,0,0,528.0
Female,50,under_55,GroupA,29500.0,17.0,26.5,438.0,0.5823,1,10100.0,0,suburban,parttime,1,0,0,468.0
Male,50,under_55,GroupA,11200.0,12.9,33.0,506.0,0.2811,0,4800.0,0,suburban,parttime,0,0,0,522.0
Male,73,55_plus,GroupA,45600.0,19.4,45.0,430.0,0.6839,2,13400.0,14,urban,selfemployed,0,0,1,433.0
Female,44,under_55,GroupA,45400.0,18.1,22.2,552.0,0.6528,0,14800.0,12,suburban,selfemployed,0,1,1,553.0
Female,51,under_55,GroupA,21300.0,13.2,30.6,608.0,0.3336,0,6800.0,16,suburban,parttime,1,0,0,587.0
Female,54,under_55,GroupA,29800.0,17.5,28.7,660.0,0.2123,0,30300.0,11,suburban,fulltime,1,1,1,642.0
Male,49,under_55,GroupA,52000.0,18.8,24.5,625.0,0.3584,1,31300.0,3,suburban,fulltime,0,1,1,611.0
Female,51,under_55,GroupA,72700.0,15.0,32.3,716.0,0.231,0,36600.0,7,suburban,parttime,1,0,1,737.0
Female,56,55_plus,GroupA,16400.0,13.8,39.0,457.0,0.3505,2,7000.0,12,suburban,fulltime,0,0,1,451.0
Male,37,under_55,GroupC,46700.0,17.9,10.8,690.0,0.3407,0,23300.0,1,suburban,fulltime,1,1,1,668.0
Female,49,under_55,GroupB,43800.0,13.9,25.9,462.0,0.5122,2,13900.0,11,suburban,fulltime,0,0,0,484.0
Male,78,55_plus,GroupC,28900.0,11.8,45.0,496.0,0.6837,0,14400.0,2,suburban,selfemployed,0,1,1,495.0
Female,41,under_55,GroupA,28800.0,11.1,24.9,387.0,0.6361,1,20400.0,18,rural,fulltime,0,0,0,432.0
Female,41,under_55,GroupB,21000.0,16.6,19.7,544.0,0.219,2,12600.0,13,urban,fulltime,1,0,0,496.0
Female,56,55_plus,GroupA,13700.0,9.2,41.6,572.0,0.1944,0,8700.0,2,urban,fulltime,0,0,1,590.0
Male,44,under_55,GroupA,37700.0,14.2,26.3,544.0,0.5821,0,14300.0,3,suburban,fulltime,0,0,0,533.0
Male,32,under_55,GroupA,33200.0,13.3,14.2,575.0,0.3747,1,9000.0,3,rural,selfemployed,0,0,0,558.0
Male,39,under_55,GroupB,20800.0,13.1,18.2,525.0,0.3676,0,6900.0,3,rural,parttime,1,0,0,490.0
Female,54,under_55,GroupA,18000.0,13.6,41.6,353.0,0.3747,4,7200.0,16,suburban,fulltime,0,0,0,339.0
Male,52,under_55,GroupC,34800.0,11.7,37.9,709.0,0.1776,0,18100.0,0,urban,fulltime,0,0,1,679.0
Female,38,under_55,GroupA,15200.0,11.9,18.3,422.0,0.4679,1,25500.0,8,urban,parttime,0,0,0,421.0
Male,55,55_plus,GroupA,39900.0,14.5,34.8,641.0,0.1675,0,23500.0,0,suburban,fulltime,0,1,1,647.0
Female,50,under_55,GroupB,48700.0,15.6,26.0,558.0,0.4655,1,80200.0,2,suburban,fulltime,0,0,0,574.0
Female,50,under_55,GroupA,24500.0,14.4,27.2,402.0,0.6105,1,14800.0,17,rural,fulltime,0,0,0,444.0
Male,78,55_plus,GroupA,26700.0,14.6,45.0,543.0,0.3828,1,9100.0,0,suburban,fulltime,0,0,0,526.0
Male,30,under_55,GroupA,30400.0,17.6,10.1,582.0,0.2983,0,11200.0,3,urban,fulltime,1,1,1,596.0
Female,35,under_55,GroupA,47400.0,15.3,13.6,461.0,0.7305,1,56500.0,10,urban,fulltime,0,0,0,472.0
Female,44,under_55,GroupA,17700.0,16.7,24.0,470.0,0.5355,0,6400.0,18,suburban,parttime,0,0,0,487.0
Female,27,under_55,GroupB,34400.0,12.2,8.0,721.0,0.1206,0,30500.0,12,urban,fulltime,0,1,1,677.0
Male,38,under_55,GroupA,56100.0,16.1,13.3,650.0,0.2473,1,33000.0,2,suburban,fulltime,0,1,1,631.0
Female,37,under_55,GroupB,22400.0,15.6,18.8,436.0,0.461,0,8200.0,3,rural,fulltime,0,0,0,522.0
Female,34,under_55,GroupA,24300.0,11.9,10.3,545.0,0.2757,1,19500.0,12,suburban,fulltime,0,1,1,551.0
Male,62,55_plus,GroupB,36400.0,12.3,42.8,531.0,0.3317,1,24600.0,0,suburban,fulltime,0,1,1,569.0
Male,24,under_55,GroupC,31800.0,17.7,2.9,489.0,0.6921,0,10700.0,4,urban,fulltime,0,0,0,446.0
Female,63,55_plus,GroupB,69400.0,12.9,45.0,802.0,0.0926,0,48700.0,13,urban,selfemployed,0,0,1,777.0
Female,43,under_55,GroupA,21100.0,12.6,25.0,548.0,0.2687,0,31200.0,12,rural,fulltime,0,1,1,605.0
Male,39,under_55,GroupA,35500.0,15.5,14.7,641.0,0.2878,0,26900.0,1,suburban,selfemployed,0,1,1,644.0
Male,52,under_55,GroupA,29400.0,13.0,31.4,590.0,0.3206,0,18000.0,1,urban,fulltime,0,1,1,585.0
Female,36,under_55,GroupA,26600.0,14.4,15.1,458.0,0.595,2,12900.0,17,rural,parttime,0,0,0,427.0
Male,31,under_55,GroupB,27800.0,11.5,11.7,575.0,0.3984,1,29600.0,0,rural,fulltime,0,0,0,559.0
Female,48,under_55,GroupA,19700.0,14.6,31.8,521.0,0.3507,0,13200.0,12,urban,parttime,1,1,1,510.0
Male,51,under_55,GroupC,32000.0,13.2,33.1,536.0,0.1947,1,27900.0,2,rural,fulltime,0,0,1,571.0
Male,58,55_plus,GroupA,20500.0,12.6,42.0,610.0,0.236,0,5000.0,2,suburban,fulltime,0,1,1,618.0
Female,47,under_55,GroupB,28400.0,11.3,26.7,459.0,0.311,1,15300.0,10,urban,selfemployed,0,0,0,559.0
Female,49,under_55,GroupA,26500.0,13.6,22.9,541.0,0.4987,0,13700.0,0,urban,fulltime,0,0,0,555.0
Female,61,55_plus,GroupB,15100.0,18.1,34.6,372.0,0.5229,2,7400.0,13,rural,parttime,0,0,0,359.0
Male,46,under_55,GroupA,28200.0,13.2,24.3,491.0,0.5116,1,30500.0,3,suburban,fulltime,0,0,0,474.0
Male,46,under_55,GroupA,29100.0,14.1,30.2,468.0,0.6403,1,7300.0,0,suburban,selfemployed,1,0,0,456.0
Male,51,under_55,GroupA,33000.0,15.5,26.1,321.0,0.7588,2,17700.0,0,suburban,fulltime,0,0,0,338.0
Male,28,under_55,GroupA,39500.0,17.8,8.4,683.0,0.2653,0,24200.0,1,rural,fulltime,1,1,1,664.0
Male,44,under_55,GroupB,18000.0,10.4,26.0,585.0,0.0518,0,5100.0,1,suburban,selfemployed,0,1,1,655.0
Male,44,under_55,GroupB,27300.0,12.7,28.4,592.0,0.2394,0,8000.0,2,suburban,fulltime,0,0,0,608.0
Male,49,under_55,GroupA,54300.0,14.7,25.5,677.0,0.1853,0,28000.0,1,urban,fulltime,0,1,1,692.0
Male,33,under_55,GroupA,38600.0,13.0,13.7,424.0,0.4031,3,11800.0,0,urban,parttime,0,0,0,419.0
Male,53,under_55,GroupA,43600.0,16.7,29.9,687.0,0.19,0,11400.0,4,suburban,fulltime,1,1,1,677.0
Male,29,under_55,GroupB,63500.0,16.2,4.5,514.0,0.5291,0,18900.0,0,urban,fulltime,1,1,1,577.0
Male,39,under_55,GroupB,23400.0,8.9,26.2,594.0,0.3334,1,24000.0,0,suburban,fulltime,0,0,0,549.0
Female,18,under_55,GroupA,48600.0,14.9,0.0,585.0,0.1616,0,32200.0,11,suburban,fulltime,0,1,1,594.0
Male,40,under_55,GroupC,26900.0,17.8,13.2,461.0,0.4097,1,21000.0,1,urban,selfemployed,0,0,0,503.0
Female,30,under_55,GroupB,14400.0,14.3,8.1,383.0,0.2976,2,8400.0,22,urban,parttime,0,0,0,345.0
Male,34,under_55,GroupA,24100.0,12.8,18.1,532.0,0.5349,0,25100.0,0,suburban,selfemployed,0,0,0,513.0
Female,34,under_55,GroupA,19400.0,15.2,13.7,584.0,0.1438,1,19600.0,12,suburban,parttime,1,1,1,567.0
Female,55,55_plus,GroupA,28900.0,13.8,32.5,604.0,0.2807,0,15400.0,1,rural,fulltime,0,0,0,650.0
Male,31,under_55,GroupB,50600.0,16.4,8.9,533.0,0.6513,0,16700.0,0,urban,fulltime,0,1,1,591.0
Male,55,55_plus,GroupA,31000.0,18.3,29.8,459.0,0.3207,2,31200.0,1,suburban,parttime,0,0,0,447.0
Female,47,under_55,GroupB,20700.0,10.0,34.6,460.0,0.2323,3,14600.0,11,rural,fulltime,1,0,0,409.0
Male,62,55_plus,GroupA,30200.0,15.8,37.7,522.0,0.2427,2,12400.0,0,suburban,fulltime,0,1,1,519.0
Female,30,under_55,GroupA,29300.0,16.6,9.2,673.0,0.1682,0,26000.0,9,suburban,fulltime,0,1,1,669.0
Female,56,55_plus,GroupA,10200.0,13.4,35.4,393.0,0.3607,2,21100.0,14,urban,fulltime,0,0,0,371.0
Male,45,under_55,GroupA,37800.0,15.2,21.6,449.0,0.8094,1,24900.0,2,suburban,parttime,0,0,0,458.0
Female,55,55_plus,GroupA,28300.0,11.6,38.8,520.0,0.5438,0,23500.0,12,suburban,parttime,0,0,0,524.0
Female,24,under_55,GroupB,12400.0,14.0,2.6,343.0,0.3375,2,6900.0,13,rural,parttime,1,0,0,305.0
Male,34,under_55,GroupA,29300.0,14.4,13.7,593.0,0.3718,0,14800.0,2,rural,selfemployed,0,1,1,580.0
Male,63,55_plus,GroupB,14800.0,11.8,45.0,333.0,0.5103,3,6300.0,2,urban,fulltime,0,0,0,333.0
Female,25,under_55,GroupA,22100.0,14.8,5.4,536.0,0.2201,1,8200.0,12,suburban,fulltime,0,0,0,493.0
Male,48,under_55,GroupA,47800.0,14.9,23.8,549.0,0.2753,2,35100.0,1,rural,fulltime,1,1,1,539.0
Female,51,under_55,GroupA,16200.0,10.4,35.7,521.0,0.4281,0,11400.0,1,rural,fulltime,0,0,0,471.0
Female,36,under_55,GroupC,11900.0,10.8,15.8,368.0,0.2676,1,6000.0,16,urban,parttime,0,0,0,467.0
Male,41,under_55,GroupC,44500.0,16.9,22.0,581.0,0.3082,0,27700.0,1,suburban,fulltime,0,1,1,629.0
Male,43,under_55,GroupA,25400.0,15.2,18.1,592.0,0.3175,0,7900.0,1,rural,fulltime,1,1,1,603.0
Male,56,55_plus,GroupB,19300.0,14.1,31.5,451.0,0.418,1,7100.0,0,suburban,fulltime,0,0,0,469.0
Female,24,under_55,GroupB,16300.0,16.8,0.0,300.0,0.3979,2,8300.0,13,rural,fulltime,1,0,0,305.0
Male,55,55_plus,GroupA,26000.0,11.6,36.0,651.0,0.2146,0,9700.0,1,suburban,fulltime,1,1,1,633.0
Male,55,55_plus,GroupA,31200.0,12.1,37.1,506.0,0.5765,1,24500.0,0,suburban,fulltime,0,0,0,507.0
Male,45,under_55,GroupA,24200.0,11.2,32.0,583.0,0.2058,1,16800.0,0,suburban,parttime,0,0,0,585.0
Male,50,under_55,GroupA,34700.0,14.1,28.2,630.0,0.4314,0,10900.0,0,suburban,selfemployed,0,1,1,630.0
Male,56,55_plus,GroupC,16600.0,14.1,37.7,561.0,0.258,0,12700.0,2,urban,parttime,1,0,0,586.0
Female,46,under_55,GroupA,17400.0,10.4,30.2,564.0,0.2256,0,13500.0,1,urban,fulltime,1,0,0,561.0
Female,32,under_55,GroupA,29300.0,17.3,12.0,541.0,0.5209,1,28200.0,1,suburban,fulltime,0,0,0,523.0
Male,61,55_plus,GroupC,50500.0,10.7,43.3,667.0,0.4608,1,24500.0,0,urban,selfemployed,0,0,1,657.0
Male,52,under_55,GroupA,27700.0,18.8,31.7,517.0,0.3881,1,23100.0,0,suburban,fulltime,0,1,1,526.0
Female,65,55_plus,GroupB,16100.0,13.9,45.0,399.0,0.5819,0,8800.0,2,urban,fulltime,0,0,0,449.0
Male,57,55_plus,GroupB,48600.0,16.2,39.2,607.0,0.5208,0,60700.0,0,urban,fulltime,0,0,0,596.0
Male,24,under_55,GroupA,11700.0,12.2,0.9,349.0,0.4484,1,4100.0,1,urban,fulltime,1,0,0,366.0
Female,54,under_55,GroupA,20700.0,12.7,38.8,456.0,0.3967,2,13600.0,0,rural,parttime,0,0,0,428.0
Male,36,under_55,GroupA,49900.0,17.6,16.8,667.0,0.3659,0,15100.0,0,suburban,fulltime,0,1,1,663.0
Male,42,under_55,GroupA,15600.0,8.6,28.3,464.0,0.4818,1,8000.0,2,suburban,fulltime,0,1,1,476.0
Male,59,55_plus,GroupB,31500.0,15.2,42.7,561.0,0.472,1,10500.0,2,urban,fulltime,0,1,1,524.0
Female,26,under_55,GroupB,7300.0,14.2,4.9,300.0,0.712,1,4000.0,1,urban,parttime,0,0,0,300.0
Male,33,under_55,GroupA,26900.0,13.7,14.9,580.0,0.1336,1,16800.0,1,rural,fulltime,0,1,1,588.0
Male,50,under_55,GroupA,32900.0,14.3,29.1,601.0,0.354,0,30400.0,2,suburban,fulltime,0,1,1,590.0
Male,51,under_55,GroupA,18800.0,15.8,26.6,462.0,0.5651,0,10300.0,2,suburban,selfemployed,0,1,1,454.0
Male,69,55_plus,GroupA,20600.0,12.1,45.0,534.0,0.3763,0,14100.0,1,urban,selfemployed,0,0,0,507.0
Male,34,under_55,GroupA,41800.0,14.3,15.1,642.0,0.1104,1,24800.0,2,urban,fulltime,0,1,1,639.0
Male,38,under_55,GroupB,23100.0,17.8,9.1,405.0,0.5303,1,10300.0,0,suburban,selfemployed,1,1,1,413.0
Male,45,under_55,GroupA,49000.0,15.1,21.6,629.0,0.4433,0,23300.0,2,suburban,parttime,0,1,1,636.0
Female,34,under_55,GroupA,29000.0,14.1,13.5,372.0,0.7748,1,17000.0,11,urban,parttime,0,0,0,393.0
Male,21,under_55,GroupA,38400.0,13.1,3.7,563.0,0.2595,1,46500.0,3,rural,fulltime,0,0,0,569.0
Female,34,under_55,GroupA,32300.0,17.1,16.0,617.0,0.3443,0,27100.0,11,suburban,fulltime,0,1,1,628.0
Male,49,under_55,GroupA,54200.0,14.6,23.6,604.0,0.5294,0,46800.0,1,rural,selfemployed,0,1,1,611.0
Male,50,under_55,GroupA,24600.0,13.7,34.5,695.0,0.0777,0,8900.0,0,suburban,fulltime,0,1,1,716.0
Female,68,55_plus,GroupA,22400.0,11.9,45.0,615.0,0.4756,0,19100.0,15,rural,fulltime,1,0,0,593.0
Male,54,under_55,GroupB,32900.0,15.6,29.3,697.0,0.1042,0,16200.0,2,rural,parttime,0,1,1,723.0
Female,59,55_plus,GroupC,17300.0,12.8,39.2,523.0,0.3232,1,13300.0,16,urban,fulltime,1,0,0,498.0
Female,42,under_55,GroupC,27800.0,14.6,19.6,574.0,0.3487,0,16200.0,15,urban,fulltime,0,0,0,599.0
Female,37,under_55,GroupA,26500.0,12.8,16.0,580.0,0.276,0,13900.0,15,urban,selfemployed,1,1,1,605.0
Female,56,55_plus,GroupA,26500.0,16.4,31.9,464.0,0.5757,0,14400.0,15,suburban,fulltime,0,0,1,484.0
Male,42,under_55,GroupB,17400.0,15.7,19.0,343.0,0.6669,2,14000.0,1,rural,selfemployed,0,0,0,348.0
Female,31,under_55,GroupA,28700.0,15.3,7.4,447.0,0.6735,1,13800.0,11,suburban,parttime,0,0,0,441.0
Male,41,under_55,GroupA,23200.0,12.4,26.2,646.0,0.2528,0,22200.0,1,rural,fulltime,0,1,1,632.0
Male,45,under_55,GroupB,23900.0,17.5,20.5,472.0,0.1948,2,11400.0,2,rural,fulltime,0,0,0,499.0
Male,28,under_55,GroupB,40400.0,11.7,8.3,725.0,0.1148,0,50100.0,2,urban,fulltime,0,1,1,717.0
Male,18,under_55,GroupB,38000.0,19.2,0.0,640.0,0.0892,0,22100.0,1,urban,fulltime,0,1,1,626.0
Female,53,under_55,GroupB,37200.0,11.5,34.0,385.0,0.8724,1,12500.0,13,suburban,fulltime,0,0,0,427.0
Male,29,under_55,GroupA,38300.0,13.9,10.4,541.0,0.6875,0,14500.0,1,suburban,fulltime,0,1,1,543.0
Female,38,under_55,GroupB,33100.0,9.5,24.6,734.0,0.3709,0,24700.0,0,urban,fulltime,1,0,1,646.0
Female,39,under_55,GroupC,24300.0,11.5,21.4,604.0,0.1503,0,20000.0,16,rural,selfemployed,0,1,1,639.0
Male,50,under_55,GroupA,32900.0,12.3,32.4,551.0,0.4324,1,20000.0,1,urban,fulltime,0,0,0,542.0
Male,29,under_55,GroupA,57000.0,11.2,19.1,723.0,0.2868,0,15400.0,2,suburban,fulltime,1,1,1,705.0
Male,31,under_55,GroupA,26600.0,14.8,9.3,382.0,0.6997,1,36100.0,1,rural,selfemployed,0,0,0,384.0
Female,28,under_55,GroupB,21000.0,15.1,1.3,578.0,0.0812,1,15500.0,13,rural,selfemployed,0,0,0,464.0
Male,53,under_55,GroupA,37300.0,14.7,30.3,539.0,0.6292,0,27500.0,1,suburban,fulltime,0,1,1,534.0
Male,44,under_55,GroupA,68300.0,13.5,32.7,561.0,0.5858,0,35900.0,1,suburban,fulltime,1,1,1,564.0
Female,44,under_55,GroupA,31200.0,13.4,23.2,585.0,0.5383,0,26800.0,14,urban,fulltime,0,0,0,567.0
Female,39,under_55,GroupC,19600.0,14.4,16.3,453.0,0.3027,0,11800.0,15,suburban,selfemployed,1,0,0,523.0
Male,37,under_55,GroupA,29000.0,13.6,18.3,610.0,0.1674,1,11000.0,1,urban,selfemployed,1,1,1,617.0
Male,42,under_55,GroupB,35100.0,14.6,21.6,726.0,0.1113,0,21800.0,0,urban,selfemployed,1,1,1,666.0
Male,50,under_55,GroupB,38800.0,10.8,34.2,585.0,0.5765,0,22900.0,2,urban,fulltime,0,0,0,583.0
Female,56,55_plus,GroupB,14300.0,11.7,38.1,540.0,0.197,1,13700.0,12,urban,selfemployed,0,0,0,562.0
Male,41,under_55,GroupA,24400.0,14.4,19.5,633.0,0.3877,0,11000.0,14,rural,fulltime,0,1,1,612.0
Male,36,under_55,GroupC,33200.0,10.7,21.3,613.0,0.4626,0,34300.0,3,urban,fulltime,0,0,1,603.0
Female,37,under_55,GroupB,24800.0,14.2,15.9,691.0,0.1489,0,10400.0,2,rural,parttime,0,1,1,661.0
Female,58,55_plus,GroupA,35300.0,17.1,36.2,702.0,0.1883,0,15600.0,14,suburban,fulltime,0,1,1,678.0
Female,54,under_55,GroupB,28200.0,11.5,37.6,518.0,0.4588,1,12400.0,13,urban,fulltime,0,1,1,527.0
Male,29,under_55,GroupA,28300.0,13.1,12.2,442.0,0.3788,3,12700.0,1,suburban,fulltime,1,0,0,429.0
Male,49,under_55,GroupC,55100.0,16.9,22.3,594.0,0.3999,0,26800.0,0,urban,selfemployed,0,0,1,650.0
Female,49,under_55,GroupA,24300.0,11.7,31.2,528.0,0.4281,1,6600.0,9,suburban,fulltime,1,0,0,491.0
Male,25,under_55,GroupA,30600.0,16.8,4.4,545.0,0.3282,0,10800.0,2,urban,fulltime,0,0,0,541.0
Male,44,under_55,GroupB,65800.0,15.4,21.0,626.0,0.2269,1,99000.0,1,suburban,fulltime,0,1,1,644.0
Male,60,55_plus,GroupA,36500.0,14.5,45.0,549.0,0.5283,0,15600.0,0,urban,fulltime,0,0,0,547.0
Male,42,under_55,GroupC,15600.0,15.4,21.8,561.0,0.6286,0,14700.0,2,suburban,fulltime,0,0,0,470.0
Male,62,55_plus,GroupA,21700.0,10.4,44.4,499.0,0.2889,2,35500.0,3,suburban,fulltime,0,0,0,503.0
Male,59,55_plus,GroupC,23200.0,13.3,37.4,542.0,0.107,1,16200.0,3,urban,fulltime,0,0,0,585.0
Female,29,under_55,GroupA,22200.0,17.2,3.8,534.0,0.0957,1,10900.0,17,urban,fulltime,0,0,1,566.0
Female,44,under_55,GroupA,36600.0,14.6,25.9,425.0,0.6324,2,16000.0,10,suburban,selfemployed,0,0,0,471.0
Female,25,under_55,GroupC,12700.0,12.8,7.0,335.0,0.5721,2,13500.0,15,urban,parttime,0,0,0,300.0
Female,49,under_55,GroupA,18400.0,14.4,21.8,345.0,0.8275,1,9100.0,18,suburban,parttime,0,1,1,414.0
Male,22,under_55,GroupB,29000.0,9.9,5.7,657.0,0.341,0,23900.0,3,urban,fulltime,0,0,0,584.0
Male,20,under_55,GroupB,27600.0,13.2,0.0,512.0,0.4565,0,19000.0,1,urban,fulltime,0,0,0,472.0
Female,74,55_plus,GroupC,14600.0,13.5,45.0,679.0,0.1184,0,5800.0,12,urban,parttime,0,0,1,615.0
Male,50,under_55,GroupB,33200.0,15.5,28.8,407.0,0.7204,1,12000.0,2,rural,fulltime,0,0,0,438.0
Male,40,under_55,GroupA,21800.0,12.4,23.0,301.0,0.6421,4,12800.0,3,suburban,fulltime,0,0,0,307.0
Female,49,under_55,GroupA,23400.0,16.3,26.3,635.0,0.0752,0,10000.0,11,suburban,parttime,0,1,1,638.0
Female,24,under_55,GroupB,24300.0,12.7,5.9,622.0,0.3104,0,6900.0,4,urban,fulltime,1,0,0,569.0
Female,35,under_55,GroupA,40700.0,13.9,14.6,695.0,0.2671,0,14400.0,12,suburban,fulltime,0,1,1,668.0
Female,18,under_55,GroupB,26400.0,16.5,0.0,353.0,0.5711,4,9500.0,9,urban,parttime,1,0,0,300.0
Female,50,under_55,GroupA,25900.0,14.5,30.2,501.0,0.441,1,9700.0,11,suburban,fulltime,0,0,0,470.0
Male,62,55_plus,GroupA,28600.0,16.5,40.4,516.0,0.3635,1,11800.0,2,urban,fulltime,0,0,0,501.0
Female,24,under_55,GroupA,17900.0,12.9,1.1,404.0,0.3173,1,12500.0,18,suburban,parttime,1,0,0,431.0
Male,35,under_55,GroupC,31300.0,15.0,14.3,663.0,0.1652,0,18200.0,2,rural,fulltime,1,1,1,649.0
Male,61,55_plus,GroupB,41700.0,15.1,40.4,526.0,0.6264,0,15400.0,2,suburban,fulltime,0,0,0,551.0
Female,40,under_55,GroupB,31900.0,15.2,21.2,417.0,0.6703,1,19900.0,14,urban,fulltime,0,1,1,444.0
Male,39,under_55,GroupA,19800.0,14.4,21.5,608.0,0.2861,0,2100.0,17,suburban,fulltime,0,1,1,609.0
Female,44,under_55,GroupA,14500.0,10.5,32.9,630.0,0.1437,0,4700.0,19,rural,parttime,0,1,1,609.0
Male,72,55_plus,GroupA,16600.0,14.3,45.0,568.0,0.2675,0,12900.0,1,suburban,fulltime,0,0,0,573.0
Female,33,under_55,GroupA,31600.0,14.9,8.1,598.0,0.3548,0,40400.0,9,suburban,parttime,0,0,0,599.0
Male,46,under_55,GroupA,27300.0,13.7,25.9,546.0,0.2438,1,16300.0,0,urban,fulltime,1,1,1,549.0
Male,68,55_plus,GroupA,13000.0,13.8,45.0,519.0,0.2959,0,3000.0,2,suburban,fulltime,1,1,1,513.0
Male,30,under_55,GroupA,24500.0,13.2,10.0,641.0,0.2589,0,11100.0,0,rural,fulltime,0,1,1,624.0
Male,23,under_55,GroupA,34800.0,16.3,1.3,554.0,0.2381,0,25000.0,1,suburban,fulltime,0,1,1,551.0
Male,78,55_plus,GroupA,21900.0,18.2,45.0,529.0,0.4131,0,5900.0,3,suburban,fulltime,0,0,0,524.0
Male,61,55_plus,GroupB,22600.0,12.0,41.7,332.0,0.7763,0,10900.0,15,rural,fulltime,1,0,0,392.0
Female,39,under_55,GroupB,28800.0,12.4,20.2,380.0,0.4965,2,17000.0,16,suburban,selfemployed,0,0,0,430.0
Male,50,under_55,GroupB,41000.0,14.4,31.5,603.0,0.5234,0,25900.0,1,urban,fulltime,0,0,1,609.0
Male,44,under_55,GroupC,34000.0,15.3,17.5,662.0,0.239,0,25700.0,1,urban,fulltime,0,0,0,619.0
Male,38,under_55,GroupA,52700.0,14.1,13.3,637.0,0.4798,0,36700.0,0,rural,fulltime,0,1,1,628.0
Female,47,under_55,GroupB,24400.0,15.9,23.2,371.0,0.3994,1,29800.0,12,suburban,fulltime,1,1,1,440.0
Female,22,under_55,GroupA,25300.0,15.2,0.6,602.0,0.2073,0,14500.0,13,suburban,fulltime,0,1,1,556.0
Male,25,under_55,GroupB,17100.0,12.4,7.9,521.0,0.5155,1,14300.0,1,urban,fulltime,0,0,0,455.0
Male,48,under_55,GroupA,54700.0,13.7,30.7,570.0,0.7517,0,32400.0,1,suburban,fulltime,0,1,1,564.0
Male,53,under_55,GroupA,38000.0,12.8,36.1,518.0,0.4775,1,27300.0,0,urban,fulltime,0,0,0,520.0
Male,34,under_55,GroupA,28900.0,9.8,17.4,534.0,0.4599,1,23500.0,18,suburban,fulltime,0,1,1,521.0
Male,42,under_55,GroupB,47600.0,16.4,21.9,592.0,0.4297,0,74000.0,1,urban,fulltime,0,1,1,650.0
Female,42,under_55,GroupA,50300.0,15.2,16.1,634.0,0.2798,0,63400.0,13,suburban,parttime,0,1,1,705.0
Female,30,under_55,GroupA,26400.0,13.4,10.9,702.0,0.2727,0,6400.0,14,suburban,fulltime,0,0,1,620.0
Male,24,under_55,GroupA,48800.0,14.7,3.9,634.0,0.3505,0,19700.0,0,suburban,fulltime,0,1,1,618.0
Female,33,under_55,GroupC,21000.0,14.2,11.0,530.0,0.4262,0,13300.0,1,urban,fulltime,0,0,0,538.0
Male,39,under_55,GroupB,32000.0,16.1,16.8,646.0,0.1679,0,69200.0,1,urban,fulltime,1,1,1,671.0
Female,43,under_55,GroupB,23400.0,13.9,23.6,609.0,0.1559,0,18700.0,14,urban,selfemployed,0,1,1,624.0
Male,50,under_55,GroupA,45200.0,14.2,30.8,644.0,0.4834,0,34400.0,0,urban,fulltime,1,1,1,633.0
Female,64,55_plus,GroupC,29500.0,12.7,44.3,637.0,0.2531,1,10700.0,11,urban,parttime,0,0,1,539.0
Male,28,under_55,GroupA,27900.0,15.4,2.6,532.0,0.3666,0,14600.0,1,urban,fulltime,0,1,1,542.0
Male,20,under_55,GroupC,23500.0,14.1,0.0,409.0,0.3628,1,19800.0,0,rural,fulltime,0,0,0,409.0
Male,30,under_55,GroupA,37900.0,17.0,11.3,628.0,0.3476,0,17800.0,2,suburban,fulltime,1,1,1,616.0
Female,35,under_55,GroupB,22000.0,12.4,14.3,555.0,0.3769,0,16800.0,13,urban,parttime,0,0,1,539.0
Female,44,under_55,GroupB,20300.0,12.5,28.2,538.0,0.2389,0,3800.0,12,suburban,selfemployed,1,0,1,530.0
Male,64,55_plus,GroupC,25800.0,16.2,44.9,644.0,0.1687,0,12100.0,2,urban,fulltime,0,1,1,646.0
Female,39,under_55,GroupA,41400.0,14.6,19.6,585.0,0.4874,1,28600.0,6,rural,fulltime,0,0,0,565.0
Female,61,55_plus,GroupB,31500.0,13.2,41.5,526.0,0.2275,1,18300.0,12,urban,fulltime,0,0,1,589.0
Female,40,under_55,GroupB,16700.0,16.0,17.2,348.0,0.3867,3,6700.0,5,suburban,parttime,0,0,0,353.0
Male,36,under_55,GroupC,18600.0,10.7,16.7,558.0,0.2381,0,34500.0,1,urban,fulltime,0,1,1,580.0
Male,28,under_55,GroupB,22300.0,14.6,7.5,440.0,0.6333,1,12800.0,9,suburban,fulltime,0,0,0,380.0
Male,44,under_55,GroupA,33200.0,16.0,23.0,697.0,0.2501,0,10200.0,10,urban,selfemployed,1,1,1,702.0
Male,35,under_55,GroupA,26700.0,10.0,15.8,601.0,0.4005,0,14700.0,1,rural,fulltime,0,1,1,595.0
Male,31,under_55,GroupC,31700.0,13.5,12.9,629.0,0.0404,0,25100.0,2,urban,fulltime,0,1,1,692.0
Male,48,under_55,GroupA,21000.0,12.7,25.3,571.0,0.2565,0,6100.0,1,urban,fulltime,1,1,1,592.0
Female,31,under_55,GroupA,29700.0,13.0,15.6,571.0,0.166,1,15500.0,15,urban,fulltime,0,0,0,596.0
Female,46,under_55,GroupB,34900.0,15.4,25.3,633.0,0.4659,0,16300.0,0,urban,parttime,0,1,1,610.0
Male,49,under_55,GroupC,48200.0,15.3,28.0,700.0,0.5063,0,27200.0,0,suburban,parttime,0,1,1,603.0
Male,18,under_55,GroupC,18800.0,11.4,1.1,472.0,0.221,0,10300.0,1,rural,selfemployed,0,0,0,469.0
Female,43,under_55,GroupC,35400.0,15.7,23.4,550.0,0.4156,0,25300.0,8,rural,fulltime,0,1,1,612.0
Male,47,under_55,GroupA,36900.0,13.0,25.6,518.0,0.7263,0,19900.0,1,urban,selfemployed,0,1,1,513.0
Male,43,under_55,GroupC,19700.0,11.6,23.2,400.0,0.4464,2,10200.0,4,urban,selfemployed,0,0,0,402.0
Female,20,under_55,GroupA,16000.0,9.7,0.3,342.0,0.4576,1,9100.0,12,urban,parttime,0,0,0,340.0
Male,57,55_plus,GroupA,26900.0,12.7,36.8,622.0,0.174,0,11600.0,2,suburban,fulltime,0,1,1,613.0
Male,63,55_plus,GroupA,42700.0,9.5,45.0,701.0,0.2694,0,19900.0,0,urban,selfemployed,0,1,1,696.0
Male,31,under_55,GroupB,31300.0,18.4,5.7,468.0,0.604,0,27000.0,3,rural,parttime,1,0,0,442.0
Male,40,under_55,GroupA,36900.0,19.3,17.3,555.0,0.3726,2,29900.0,2,urban,fulltime,0,0,0,555.0
Female,35,under_55,GroupA,23500.0,12.8,19.2,566.0,0.3335,1,14000.0,11,urban,selfemployed,0,1,1,552.0
Female,51,under_55,GroupC,19600.0,12.5,33.1,723.0,0.1411,0,11400.0,13,rural,parttime,0,1,1,655.0
Male,22,under_55,GroupB,15600.0,16.9,0.7,366.0,0.3195,1,4600.0,1,urban,fulltime,1,0,0,406.0
Female,41,under_55,GroupB,28700.0,16.5,13.0,705.0,0.2641,0,27400.0,2,urban,parttime,0,1,1,587.0
Female,33,under_55,GroupB,19000.0,8.0,15.4,524.0,0.3851,1,10500.0,8,urban,fulltime,1,0,0,534.0
Male,29,under_55,GroupC,14500.0,11.8,14.3,532.0,0.1371,0,3400.0,0,rural,fulltime,0,1,1,602.0
Female,37,under_55,GroupA,83000.0,22.0,8.9,624.0,0.4323,0,33700.0,2,suburban,fulltime,0,1,1,637.0
Male,58,55_plus,GroupB,24600.0,13.5,35.4,602.0,0.355,0,41400.0,2,suburban,fulltime,0,0,0,595.0
Female,59,55_plus,GroupA,21900.0,13.0,38.3,665.0,0.1995,0,5900.0,17,urban,parttime,0,1,1,651.0
Male,67,55_plus,GroupA,28400.0,13.0,45.0,463.0,0.7997,0,21300.0,3,suburban,selfemployed,0,0,0,455.0
Male,36,under_55,GroupC,35700.0,13.8,17.1,507.0,0.4351,1,8500.0,2,rural,fulltime,1,0,0,530.0
Male,48,under_55,GroupC,38000.0,16.9,24.8,684.0,0.1483,0,42800.0,2,urban,parttime,0,0,0,678.0
Male,36,under_55,GroupB,19600.0,13.2,19.0,402.0,0.5378,2,10900.0,2,urban,fulltime,1,0,0,416.0
Male,37,under_55,GroupB,17000.0,15.2,15.5,352.0,0.283,3,5900.0,2,rural,fulltime,0,0,0,354.0
Female,33,under_55,GroupA,63300.0,17.4,6.6,695.0,0.3801,0,34000.0,18,urban,parttime,0,1,1,664.0
Female,52,under_55,GroupB,19500.0,9.7,34.9,707.0,0.0868,1,9200.0,14,suburban,parttime,1,1,1,597.0
Male,64,55_plus,GroupC,41700.0,12.2,45.0,692.0,0.2916,0,37300.0,1,rural,parttime,0,0,0,636.0
Male,55,55_plus,GroupA,16800.0,11.2,39.2,303.0,0.7021,2,6900.0,2,rural,fulltime,1,0,0,303.0
Female,44,under_55,GroupA,36200.0,16.1,25.4,595.0,0.3601,1,56700.0,17,suburban,fulltime,0,0,0,565.0
Female,58,55_plus,GroupB,28400.0,15.0,37.0,548.0,0.3259,0,12600.0,3,suburban,fulltime,1,1,1,627.0
Female,30,under_55,GroupB,20400.0,12.6,11.1,567.0,0.1812,1,9900.0,13,rural,selfemployed,0,1,1,575.0
Female,45,under_55,GroupC,13900.0,9.0,29.5,300.0,0.8212,1,8000.0,13,rural,parttime,1,0,0,308.0
Male,55,55_plus,GroupB,39700.0,13.4,33.6,528.0,0.2871,1,33700.0,3,suburban,selfemployed,0,0,0,593.0
Female,58,55_plus,GroupB,25100.0,13.5,38.5,604.0,0.3796,0,17000.0,9,suburban,selfemployed,0,1,1,554.0
Female,54,under_55,GroupA,30400.0,14.6,39.7,377.0,0.9308,0,17900.0,2,suburban,fulltime,1,0,0,420.0
Male,52,under_55,GroupA,32200.0,16.2,27.2,727.0,0.0311,0,20700.0,0,urban,parttime,0,1,1,732.0
Male,49,under_55,GroupA,34400.0,14.1,24.5,476.0,0.4588,1,34400.0,0,suburban,fulltime,0,1,1,490.0
Female,62,55_plus,GroupB,33400.0,14.5,40.1,637.0,0.3486,0,19200.0,2,urban,selfemployed,0,1,1,604.0
Female,55,55_plus,GroupC,15300.0,12.6,36.5,474.0,0.4823,1,16800.0,1,rural,fulltime,1,0,0,468.0
Male,45,under_55,GroupA,51200.0,13.2,28.1,456.0,0.736,1,67100.0,0,suburban,fulltime,0,0,0,456.0
Male,68,55_plus,GroupA,13000.0,13.2,45.0,495.0,0.2947,0,6300.0,1,suburban,fulltime,0,0,0,517.0
Male,31,under_55,GroupA,63500.0,16.5,10.5,785.0,0.0965,0,19000.0,1,urban,selfemployed,0,1,1,779.0
Male,41,under_55,GroupB,26600.0,14.0,23.5,638.0,0.2412,0,7600.0,1,suburban,fulltime,0,0,1,610.0
Female,29,under_55,GroupB,16800.0,12.3,15.8,422.0,0.6311,2,14100.0,0,rural,selfemployed,1,0,0,373.0
Male,55,55_plus,GroupC,29200.0,16.2,41.0,641.0,0.193,1,9500.0,14,urban,selfemployed,0,1,1,612.0
Male,32,under_55,GroupA,46000.0,13.9,11.4,573.0,0.4204,1,35400.0,1,urban,fulltime,0,1,1,575.0
Male,70,55_plus,GroupB,11500.0,13.1,45.0,302.0,0.7259,1,9900.0,2,suburban,fulltime,0,0,0,300.0
Male,43,under_55,GroupB,22600.0,13.5,25.3,615.0,0.0901,0,11500.0,2,urban,fulltime,0,1,1,624.0
Female,48,under_55,GroupA,18600.0,15.0,26.1,541.0,0.2932,1,10400.0,20,rural,parttime,0,0,0,543.0
Male,41,under_55,GroupA,33700.0,15.5,19.2,648.0,0.1313,0,24700.0,12,suburban,fulltime,0,1,1,648.0
Female,50,under_55,GroupB,24400.0,15.0,34.5,532.0,0.433,1,9800.0,13,urban,selfemployed,0,0,0,511.0
Female,37,under_55,GroupA,29500.0,15.4,17.2,320.0,0.6437,2,10800.0,0,suburban,selfemployed,0,0,0,362.0
Male,38,under_55,GroupA,20700.0,11.5,18.9,438.0,0.4971,1,11000.0,1,urban,selfemployed,0,0,0,440.0
Female,30,under_55,GroupB,30500.0,12.9,9.6,514.0,0.4291,0,19800.0,11,suburban,fulltime,0,1,1,539.0
Male,18,under_55,GroupB,53300.0,12.8,0.0,553.0,0.5736,0,27500.0,2,urban,fulltime,0,0,0,524.0
Female,25,under_55,GroupC,41900.0,16.2,5.3,680.0,0.1177,1,19800.0,11,urban,fulltime,1,0,0,643.0
Female,43,under_55,GroupC,17100.0,12.1,18.5,456.0,0.3521,1,9500.0,2,rural,selfemployed,0,0,0,501.0
Female,18,under_55,GroupB,34300.0,11.4,8.4,463.0,0.6341,0,18000.0,8,suburban,fulltime,0,0,0,508.0
Female,42,under_55,GroupB,29300.0,11.8,22.9,850.0,0.0537,0,9800.0,12,urban,fulltime,0,0,1,748.0
Female,42,under_55,GroupC,21300.0,12.3,27.9,520.0,0.28,1,18600.0,18,suburban,fulltime,0,0,0,539.0
Male,25,under_55,GroupA,25000.0,16.3,3.0,432.0,0.4909,1,14200.0,2,urban,selfemployed,0,1,1,420.0
Male,46,under_55,GroupA,78300.0,14.5,27.9,657.0,0.4701,0,22300.0,1,suburban,fulltime,0,1,1,670.0
Male,34,under_55,GroupC,29600.0,14.2,21.0,549.0,0.5349,1,8500.0,1,urban,fulltime,0,1,1,504.0
Female,61,55_plus,GroupC,12400.0,12.4,45.0,471.0,0.1789,0,23800.0,19,rural,fulltime,1,0,0,560.0
Male,51,under_55,GroupA,39200.0,15.6,31.9,691.0,0.1641,0,36500.0,1,suburban,fulltime,0,1,1,691.0
Female,40,under_55,GroupC,20000.0,12.5,15.9,467.0,0.15,2,5900.0,13,rural,fulltime,0,0,0,510.0
Female,48,under_55,GroupA,23800.0,14.2,29.8,622.0,0.1879,0,19400.0,12,suburban,parttime,1,1,1,597.0
Male,69,55_plus,GroupA,37800.0,13.8,45.0,545.0,0.3734,1,13400.0,3,suburban,fulltime,0,1,1,569.0
Male,40,under_55,GroupA,26000.0,11.9,26.3,524.0,0.4748,1,15500.0,1,urban,selfemployed,0,1,1,515.0
Male,44,under_55,GroupC,25900.0,16.9,15.8,482.0,0.4389,1,45900.0,1,urban,fulltime,0,0,0,473.0
Female,46,under_55,GroupA,29400.0,16.6,21.8,781.0,0.1325,0,13200.0,16,rural,parttime,0,0,1,697.0
Male,29,under_55,GroupA,21800.0,16.8,2.4,469.0,0.2286,1,41800.0,1,rural,fulltime,1,0,0,464.0
Male,37,under_55,GroupA,40800.0,14.7,15.2,604.0,0.4772,0,12600.0,2,urban,fulltime,0,1,1,615.0
Male,35,under_55,GroupC,40800.0,14.8,15.7,706.0,0.1308,0,49200.0,0,urban,fulltime,0,0,1,697.0
Male,57,55_plus,GroupA,24000.0,12.2,43.3,438.0,0.7891,0,15500.0,0,suburban,fulltime,1,0,0,439.0
Male,63,55_plus,GroupA,17700.0,16.9,45.0,566.0,0.2585,0,7800.0,3,rural,fulltime,0,1,1,554.0
Male,39,under_55,GroupA,19700.0,16.8,16.6,355.0,0.7522,1,11900.0,3,rural,fulltime,0,0,0,364.0
Female,45,under_55,GroupA,41800.0,17.6,18.0,547.0,0.6042,0,26100.0,12,suburban,fulltime,0,0,0,550.0
Male,62,55_plus,GroupA,30600.0,14.8,40.0,627.0,0.2559,0,7400.0,0,urban,fulltime,0,1,1,633.0
Male,46,under_55,GroupC,29000.0,14.0,29.1,583.0,0.4244,0,23100.0,1,suburban,fulltime,0,1,1,609.0
Male,62,55_plus,GroupA,26200.0,15.6,41.2,572.0,0.3653,0,10900.0,0,suburban,selfemployed,0,0,1,599.0
Male,56,55_plus,GroupA,24900.0,10.8,37.2,625.0,0.2677,0,9500.0,1,suburban,parttime,0,1,1,614.0
Male,76,55_plus,GroupB,19500.0,11.2,45.0,398.0,0.4838,2,16300.0,0,suburban,fulltime,0,0,0,403.0
Male,53,under_55,GroupA,25800.0,15.1,29.4,616.0,0.2222,1,8300.0,0,suburban,fulltime,0,1,1,632.0
Female,45,under_55,GroupB,17200.0,12.5,29.8,545.0,0.2845,0,10400.0,9,suburban,fulltime,0,0,0,542.0
Female,59,55_plus,GroupA,14100.0,12.9,43.0,532.0,0.3117,0,6400.0,20,urban,selfemployed,0,0,0,520.0
Male,33,under_55,GroupB,30500.0,12.0,13.1,684.0,0.1728,0,23700.0,2,rural,fulltime,0,1,1,670.0
Male,39,under_55,GroupA,24700.0,16.7,15.7,558.0,0.5178,0,11100.0,11,urban,fulltime,0,1,1,540.0
Male,46,under_55,GroupB,24000.0,10.5,28.8,451.0,0.4335,1,19300.0,3,urban,fulltime,1,0,0,518.0
Female,50,under_55,GroupA,25000.0,16.8,26.4,633.0,0.2851,1,37800.0,11,suburban,fulltime,0,1,1,563.0
Male,42,under_55,GroupC,18100.0,10.2,24.0,533.0,0.5578,0,4900.0,2,rural,fulltime,0,0,0,475.0
Male,40,under_55,GroupB,18700.0,14.0,22.7,396.0,0.6805,0,10600.0,2,urban,fulltime,0,0,0,419.0
Male,27,under_55,GroupA,40100.0,13.6,11.7,638.0,0.2376,0,51700.0,1,rural,fulltime,1,1,1,644.0
Female,60,55_plus,GroupA,19200.0,14.4,39.0,522.0,0.238,1,13800.0,12,suburban,selfemployed,0,1,1,546.0
Female,51,under_55,GroupB,35900.0,11.3,30.3,664.0,0.1827,0,35900.0,16,suburban,fulltime,1,0,0,673.0
Female,58,55_plus,GroupB,21900.0,14.6,41.2,459.0,0.199,2,19500.0,12,suburban,fulltime,1,0,0,475.0
Male,53,under_55,GroupA,29900.0,16.0,34.2,378.0,0.7658,2,21400.0,2,suburban,fulltime,0,1,1,372.0
Male,45,under_55,GroupA,26100.0,12.8,27.3,642.0,0.1838,0,27300.0,0,suburban,fulltime,0,1,1,628.0
Male,60,55_plus,GroupA,30500.0,11.9,42.0,597.0,0.3772,0,27900.0,12,suburban,parttime,0,0,0,602.0
Female,67,55_plus,GroupC,18300.0,9.2,45.0,346.0,0.6436,1,5200.0,18,urban,fulltime,0,0,0,379.0
Male,64,55_plus,GroupA,41000.0,15.1,39.7,596.0,0.4072,0,22900.0,3,suburban,fulltime,1,1,1,600.0
Female,23,under_55,GroupB,19800.0,12.0,4.9,300.0,0.5576,3,15700.0,1,rural,parttime,1,0,0,300.0
Female,48,under_55,GroupA,23900.0,13.8,26.7,498.0,0.3166,1,10700.0,0,urban,parttime,0,1,1,524.0
Male,44,under_55,GroupB,29000.0,13.0,22.9,521.0,0.6055,0,8300.0,0,urban,fulltime,0,0,0,560.0
Male,30,under_55,GroupA,37000.0,16.3,6.4,586.0,0.2699,0,7200.0,0,rural,fulltime,0,1,1,578.0
Male,26,under_55,GroupA,22900.0,17.8,1.1,487.0,0.1491,0,6400.0,16,urban,fulltime,0,1,1,494.0
Female,64,55_plus,GroupA,31100.0,16.8,42.1,615.0,0.1671,0,17800.0,14,suburban,fulltime,0,0,1,651.0
Male,45,under_55,GroupB,39600.0,15.0,21.9,654.0,0.3643,0,15400.0,0,suburban,fulltime,0,0,1,646.0
Female,68,55_plus,GroupA,13800.0,14.4,45.0,591.0,0.1372,1,8100.0,10,urban,parttime,0,1,1,559.0
Male,55,55_plus,GroupB,19400.0,15.5,34.1,656.0,0.3151,0,8000.0,2,rural,selfemployed,0,1,1,601.0
Female,39,under_55,GroupC,32800.0,12.2,19.5,720.0,0.0795,0,22700.0,10,urban,fulltime,0,1,1,697.0
Female,32,under_55,GroupC,15400.0,12.7,15.1,322.0,0.7764,1,12400.0,6,rural,fulltime,0,0,0,375.0
Male,47,under_55,GroupA,25300.0,16.8,30.8,459.0,0.6435,0,35400.0,0,suburban,fulltime,0,1,1,447.0
Male,35,under_55,GroupC,24500.0,12.0,15.1,438.0,0.315,1,14100.0,17,suburban,fulltime,1,1,1,482.0
Female,71,55_plus,GroupB,7700.0,8.7,45.0,309.0,0.4095,3,4900.0,17,urban,fulltime,0,0,0,300.0
Female,33,under_55,GroupA,28100.0,12.2,13.2,355.0,0.6456,2,9200.0,7,urban,fulltime,0,0,0,373.0
Female,53,under_55,GroupC,17700.0,10.8,39.4,479.0,0.3315,2,6500.0,9,urban,fulltime,0,0,0,464.0
Male,51,under_55,GroupA,16000.0,14.4,36.8,513.0,0.2305,0,13500.0,3,rural,fulltime,0,1,1,518.0
Male,31,under_55,GroupA,34600.0,17.9,8.6,518.0,0.4984,1,13600.0,1,suburban,fulltime,0,0,0,516.0
Female,45,under_55,GroupA,11800.0,11.3,30.7,478.0,0.233,1,9700.0,9,urban,parttime,0,0,0,484.0
Male,48,under_55,GroupA,21800.0,12.7,31.6,539.0,0.4291,0,6800.0,3,rural,fulltime,0,1,1,541.0
Female,30,under_55,GroupA,25000.0,13.7,10.1,471.0,0.4633,2,27900.0,12,suburban,parttime,0,0,0,488.0
Female,36,under_55,GroupA,34800.0,15.5,14.3,609.0,0.3141,0,9800.0,2,suburban,fulltime,1,1,1,625.0
Female,19,under_55,GroupA,26100.0,10.1,3.2,397.0,0.6837,1,3900.0,1,suburban,parttime,0,0,0,388.0
Male,59,55_plus,GroupB,28900.0,15.7,38.6,616.0,0.245,0,11800.0,3,rural,fulltime,0,1,1,600.0
Male,40,under_55,GroupC,27400.0,15.5,16.0,450.0,0.5136,1,10500.0,2,suburban,fulltime,0,0,0,491.0
Male,51,under_55,GroupA,32900.0,10.1,34.4,629.0,0.3225,0,13600.0,3,suburban,selfemployed,0,0,0,616.0
Female,40,under_55,GroupB,31000.0,19.2,16.6,669.0,0.099,0,14200.0,15,suburban,fulltime,0,1,1,674.0
Male,18,under_55,GroupA,35500.0,17.3,0.0,548.0,0.2129,0,25500.0,0,urban,fulltime,0,1,1,533.0
Female,42,under_55,GroupA,18100.0,10.5,30.6,530.0,0.3049,2,9200.0,12,suburban,parttime,0,0,0,498.0
Male,45,under_55,GroupB,37000.0,10.6,32.9,551.0,0.408,2,36600.0,0,urban,fulltime,0,0,0,489.0
Female,52,under_55,GroupC,26000.0,11.7,34.2,469.0,0.6221,0,7300.0,6,urban,fulltime,0,0,0,447.0
Male,38,under_55,GroupB,28600.0,14.3,19.9,558.0,0.4293,0,8600.0,3,urban,fulltime,0,0,0,557.0
Male,26,under_55,GroupA,27700.0,17.8,2.1,566.0,0.2037,0,24200.0,1,suburban,parttime,0,0,0,576.0
Female,40,under_55,GroupC,19000.0,11.1,20.5,594.0,0.3366,0,22700.0,11,urban,fulltime,0,0,0,564.0
Female,40,under_55,GroupA,32300.0,16.3,17.0,613.0,0.1709,0,10900.0,2,suburban,fulltime,0,1,1,648.0
Female,49,under_55,GroupA,20700.0,14.4,28.8,577.0,0.31,0,8500.0,14,urban,fulltime,0,0,0,592.0
Female,33,under_55,GroupB,25700.0,13.5,14.7,444.0,0.4619,1,9200.0,13,urban,parttime,0,1,1,466.0
Male,22,under_55,GroupA,17900.0,13.6,0.0,523.0,0.1387,0,9100.0,1,suburban,selfemployed,0,0,0,517.0
Female,65,55_plus,GroupA,29200.0,17.6,39.5,415.0,0.7777,0,15100.0,15,urban,fulltime,0,0,1,469.0
Female,53,under_55,GroupC,27400.0,22.0,22.4,707.0,0.1406,0,8700.0,1,urban,selfemployed,0,0,1,691.0
Male,43,under_55,GroupA,44700.0,14.7,12.7,724.0,0.3343,0,13900.0,14,urban,selfemployed,0,1,1,714.0
Male,48,under_55,GroupA,25300.0,16.5,22.7,576.0,0.2264,1,11200.0,2,suburban,fulltime,0,1,1,568.0
Female,52,under_55,GroupA,16400.0,12.7,40.5,396.0,0.5441,1,8400.0,10,rural,fulltime,0,0,0,414.0
Female,37,under_55,GroupA,21400.0,12.5,21.1,374.0,0.5512,3,17800.0,18,rural,parttime,1,0,0,342.0
Female,49,under_55,GroupA,23900.0,15.2,29.3,504.0,0.7078,0,17200.0,11,suburban,parttime,1,0,0,497.0
Female,30,under_55,GroupA,49200.0,14.6,9.0,492.0,0.6688,0,36800.0,6,suburban,fulltime,1,1,1,528.0
Male,41,under_55,GroupC,35200.0,18.8,16.7,728.0,0.1306,0,14800.0,3,urban,parttime,1,0,1,689.0
Female,35,under_55,GroupB,20700.0,12.0,14.7,494.0,0.4523,2,10700.0,14,rural,fulltime,0,0,0,453.0
Female,40,under_55,GroupA,22600.0,15.8,13.0,300.0,0.7239,3,11800.0,11,urban,fulltime,0,0,0,300.0
Female,23,under_55,GroupA,14500.0,14.1,3.7,316.0,0.6397,1,5000.0,8,urban,parttime,1,0,0,300.0
Female,42,under_55,GroupB,24600.0,13.6,25.0,648.0,0.2098,0,15100.0,11,urban,fulltime,0,0,0,673.0
Female,30,under_55,GroupA,11600.0,17.7,7.1,324.0,0.4822,2,11700.0,14,suburban,parttime,0,0,0,334.0
Female,39,under_55,GroupC,32300.0,13.1,17.0,371.0,0.8944,1,16000.0,15,rural,fulltime,0,0,0,389.0
Female,52,under_55,GroupA,31200.0,14.0,29.0,611.0,0.2804,0,14900.0,8,rural,parttime,1,1,1,608.0
Female,33,under_55,GroupA,26900.0,12.3,9.8,519.0,0.3289,1,10600.0,15,urban,fulltime,0,0,0,535.0
Female,40,under_55,GroupA,27700.0,13.8,24.7,544.0,0.2553,2,8100.0,5,rural,selfemployed,1,0,0,518.0
Male,20,under_55,GroupA,35500.0,13.1,0.1,338.0,0.6912,2,12300.0,0,suburban,fulltime,1,0,0,332.0
Male,59,55_plus,GroupA,36600.0,16.4,31.7,604.0,0.3377,0,15600.0,1,rural,fulltime,1,1,1,620.0
Male,51,under_55,GroupA,45600.0,15.3,32.2,629.0,0.2542,1,10300.0,1,suburban,fulltime,1,1,1,636.0
Female,27,under_55,GroupB,22500.0,13.5,9.3,448.0,0.431,1,16700.0,14,urban,fulltime,0,0,0,441.0
Male,55,55_plus,GroupB,27200.0,12.4,32.0,531.0,0.4395,0,46000.0,1,urban,fulltime,0,1,1,550.0
Male,43,under_55,GroupC,76000.0,11.8,30.9,671.0,0.2582,0,22900.0,2,rural,fulltime,0,0,1,707.0
Male,22,under_55,GroupA,40400.0,16.0,0.0,588.0,0.1397,0,19800.0,1,rural,fulltime,0,0,0,583.0
Female,55,55_plus,GroupA,19700.0,14.4,33.6,617.0,0.2738,0,9200.0,8,rural,selfemployed,0,0,0,580.0
Female,46,under_55,GroupA,15500.0,13.5,27.7,417.0,0.2606,1,7800.0,12,suburban,parttime,0,0,0,466.0
Male,19,under_55,GroupC,35500.0,16.6,0.0,566.0,0.4404,0,13700.0,0,urban,fulltime,0,1,1,506.0
Female,36,under_55,GroupA,13500.0,10.1,15.0,300.0,0.5968,4,7300.0,6,urban,fulltime,0,0,0,300.0
Female,18,under_55,GroupA,17500.0,14.2,0.0,345.0,0.4228,1,3600.0,19,urban,parttime,1,0,0,366.0
Male,38,under_55,GroupA,29400.0,19.0,9.0,572.0,0.3597,0,31900.0,1,urban,fulltime,0,1,1,562.0
Female,54,under_55,GroupA,23200.0,15.9,32.9,605.0,0.1703,0,21300.0,8,suburban,parttime,1,1,1,617.0
Male,34,under_55,GroupB,46300.0,10.0,26.0,433.0,0.7398,1,47200.0,2,urban,fulltime,1,0,0,441.0
Male,46,under_55,GroupB,22600.0,15.4,26.3,387.0,0.2872,2,7100.0,0,rural,parttime,0,1,1,453.0
Female,18,under_55,GroupA,14600.0,13.1,0.0,441.0,0.202,1,14400.0,7,urban,fulltime,0,0,0,412.0
Female,59,55_plus,GroupB,26200.0,14.6,40.4,416.0,0.768,0,20000.0,16,urban,selfemployed,0,0,0,427.0
Female,42,under_55,GroupA,72600.0,19.1,16.0,698.0,0.3533,0,27200.0,11,suburban,fulltime,1,1,1,714.0
Female,61,55_plus,GroupB,23100.0,11.2,40.6,475.0,0.504,1,14700.0,16,urban,fulltime,1,0,0,445.0
Female,53,under_55,GroupB,27000.0,14.0,35.3,497.0,0.4321,1,25200.0,13,urban,parttime,0,0,1,519.0
Female,18,under_55,GroupA,32000.0,14.0,0.0,528.0,0.378,0,36500.0,9,rural,fulltime,1,0,0,513.0
Female,46,under_55,GroupA,28500.0,15.2,27.5,415.0,0.781,2,34900.0,9,suburban,fulltime,0,0,0,392.0
Female,51,under_55,GroupC,28200.0,12.5,29.3,777.0,0.09,0,24700.0,7,suburban,selfemployed,0,0,1,719.0
Female,59,55_plus,GroupB,21000.0,17.7,31.4,375.0,0.5848,2,15700.0,1,suburban,parttime,0,0,0,359.0
Male,29,under_55,GroupB,40800.0,18.1,3.0,611.0,0.2272,0,16800.0,3,suburban,fulltime,0,1,1,623.0
Female,44,under_55,GroupA,29100.0,17.0,18.8,524.0,0.4157,0,20500.0,7,urban,fulltime,0,0,1,595.0
Female,36,under_55,GroupA,22700.0,14.8,12.8,635.0,0.4998,0,10400.0,17,suburban,fulltime,0,0,0,572.0
Male,31,under_55,GroupA,26700.0,12.0,16.4,576.0,0.2636,1,20100.0,2,suburban,fulltime,0,0,0,557.0
Male,41,under_55,GroupA,46500.0,16.0,24.3,635.0,0.4551,0,11600.0,2,urban,fulltime,0,1,1,636.0
Male,55,55_plus,GroupB,26700.0,16.4,32.1,631.0,0.2216,0,12700.0,2,rural,selfemployed,0,0,1,623.0
Female,30,under_55,GroupC,38400.0,13.2,15.1,611.0,0.2668,1,18900.0,19,suburban,fulltime,0,1,1,600.0
Male,51,under_55,GroupC,33200.0,13.7,34.4,628.0,0.4567,0,17300.0,0,urban,selfemployed,0,1,1,626.0
Male,50,under_55,GroupA,38200.0,13.0,30.3,566.0,0.3014,1,15100.0,1,suburban,parttime,0,0,0,564.0
Female,20,under_55,GroupA,21900.0,11.6,1.7,475.0,0.2686,0,7100.0,0,urban,parttime,0,0,0,509.0
Female,50,under_55,GroupA,37500.0,10.5,32.6,646.0,0.2595,1,11000.0,13,suburban,fulltime,0,0,0,599.0
Female,62,55_plus,GroupA,25500.0,12.0,38.5,628.0,0.1122,0,9000.0,0,suburban,fulltime,0,0,0,686.0
Female,52,under_55,GroupC,31500.0,11.2,33.7,664.0,0.1731,1,9400.0,14,suburban,fulltime,1,0,0,595.0
Male,24,under_55,GroupB,25800.0,14.5,2.8,393.0,0.4685,1,11400.0,1,urban,fulltime,1,0,0,420.0
Male,51,under_55,GroupA,38000.0,13.9,28.8,670.0,0.2355,0,20800.0,2,suburban,parttime,0,1,1,679.0
Male,55,55_plus,GroupB,29500.0,13.5,36.8,579.0,0.4378,0,16400.0,8,urban,fulltime,0,0,0,575.0
Female,34,under_55,GroupB,28900.0,14.9,21.3,732.0,0.4524,1,15900.0,10,rural,fulltime,0,0,1,532.0
Female,47,under_55,GroupA,43500.0,15.2,25.9,717.0,0.084,0,12600.0,11,suburban,fulltime,0,1,1,724.0
Female,51,under_55,GroupB,41700.0,13.5,29.3,616.0,0.1426,0,14600.0,1,suburban,fulltime,1,0,1,712.0
Female,40,under_55,GroupB,31600.0,14.0,22.5,478.0,0.6227,0,10900.0,12,suburban,fulltime,0,0,0,551.0
Male,47,under_55,GroupC,21900.0,9.8,28.9,545.0,0.3118,0,9800.0,0,suburban,parttime,0,0,0,602.0
Male,18,under_55,GroupB,30100.0,13.8,0.0,507.0,0.3139,0,27600.0,5,urban,fulltime,0,1,1,540.0
Male,39,under_55,GroupA,73900.0,15.4,14.9,754.0,0.31,0,40200.0,1,suburban,fulltime,0,1,1,752.0
Male,49,under_55,GroupA,28400.0,15.5,27.6,562.0,0.2602,1,8300.0,14,urban,fulltime,0,0,0,561.0
Female,55,55_plus,GroupC,19700.0,8.6,40.4,505.0,0.2514,0,8100.0,11,urban,fulltime,0,1,1,603.0
Male,18,under_55,GroupC,72900.0,16.4,0.0,692.0,0.2081,0,64700.0,1,suburban,selfemployed,0,1,1,668.0
Female,41,under_55,GroupA,28400.0,17.3,18.8,488.0,0.5222,1,17000.0,9,rural,selfemployed,0,0,0,497.0
Male,32,under_55,GroupA,12200.0,14.4,15.5,418.0,0.2176,1,4500.0,1,urban,fulltime,1,1,1,453.0
Female,39,under_55,GroupA,23000.0,17.3,12.3,605.0,0.201,0,11100.0,1,suburban,fulltime,1,1,1,562.0
Female,31,under_55,GroupC,11100.0,10.5,9.9,480.0,0.2567,2,5100.0,15,suburban,fulltime,0,0,0,425.0
Male,38,under_55,GroupA,36600.0,14.4,20.7,593.0,0.4131,0,13800.0,2,suburban,fulltime,0,1,1,575.0
Male,28,under_55,GroupC,38500.0,13.2,8.1,692.0,0.2488,0,21600.0,0,urban,fulltime,0,1,1,644.0
Female,58,55_plus,GroupC,13900.0,15.2,33.9,545.0,0.4447,1,3300.0,9,suburban,fulltime,0,0,0,463.0
Male,30,under_55,GroupA,50800.0,14.3,10.7,747.0,0.1428,0,18500.0,1,suburban,fulltime,1,1,1,734.0
Male,36,under_55,GroupA,23500.0,8.8,22.2,366.0,0.5403,2,14300.0,3,suburban,selfemployed,0,0,0,366.0
Female,30,under_55,GroupA,20700.0,17.5,3.6,313.0,0.4502,3,8800.0,23,rural,fulltime,0,0,0,300.0
Female,54,under_55,GroupA,42000.0,16.3,24.1,596.0,0.2291,1,44700.0,11,suburban,fulltime,0,0,0,574.0
Female,62,55_plus,GroupA,38100.0,13.6,42.6,607.0,0.2372,0,24200.0,18,suburban,fulltime,0,0,1,622.0
Male,51,under_55,GroupA,33100.0,13.5,32.4,716.0,0.1227,0,9500.0,1,suburban,fulltime,0,1,1,720.0
Male,44,under_55,GroupA,41300.0,16.2,20.9,664.0,0.3127,0,49900.0,1,suburban,selfemployed,0,1,1,655.0
Male,58,55_plus,GroupA,38800.0,13.5,40.4,690.0,0.2911,0,19500.0,2,urban,fulltime,0,1,1,683.0
Male,49,under_55,GroupB,35600.0,12.2,27.6,655.0,0.1222,0,25000.0,2,suburban,fulltime,1,1,1,689.0
Male,46,under_55,GroupA,50400.0,14.3,26.8,588.0,0.3558,1,27200.0,1,suburban,fulltime,0,1,1,596.0
Female,38,under_55,GroupA,34400.0,17.2,16.2,568.0,0.2661,1,21900.0,11,rural,parttime,0,1,1,617.0
Male,32,under_55,GroupA,25300.0,14.3,11.1,567.0,0.2633,1,15400.0,2,suburban,selfemployed,0,1,1,548.0
Female,50,under_55,GroupA,21200.0,11.2,31.1,442.0,0.3482,1,6400.0,17,suburban,parttime,0,0,0,473.0
Male,49,under_55,GroupB,41900.0,15.8,30.5,583.0,0.6338,0,31800.0,2,urban,fulltime,0,0,0,547.0
Male,54,under_55,GroupA,17800.0,13.7,35.7,571.0,0.2336,0,11200.0,8,urban,selfemployed,0,1,1,558.0
Male,33,under_55,GroupA,44700.0,15.1,10.0,750.0,0.1234,0,31600.0,1,urban,fulltime,0,1,1,746.0
Male,21,under_55,GroupA,30200.0,14.5,2.0,408.0,0.5688,1,35800.0,2,urban,fulltime,0,0,0,409.0
Male,44,under_55,GroupB,34700.0,14.7,21.0,495.0,0.3737,1,26300.0,15,urban,fulltime,0,1,1,533.0
Female,27,under_55,GroupA,19100.0,16.9,3.5,337.0,0.6172,0,22500.0,2,suburban,selfemployed,1,0,0,383.0
Male,44,under_55,GroupA,27600.0,11.4,26.8,368.0,0.95,1,19100.0,3,suburban,fulltime,0,0,0,366.0
Male,41,under_55,GroupC,26200.0,14.1,17.3,519.0,0.3074,1,12400.0,3,urban,fulltime,0,1,1,529.0
Male,42,under_55,GroupA,23200.0,14.2,17.4,548.0,0.2171,1,18800.0,3,suburban,fulltime,0,0,0,555.0
Female,45,under_55,GroupB,31100.0,13.5,26.0,617.0,0.2692,0,35500.0,2,urban,parttime,0,0,1,657.0
Male,24,under_55,GroupA,33700.0,14.0,3.1,372.0,0.7039,0,51800.0,1,urban,selfemployed,1,0,0,379.0
Female,64,55_plus,GroupA,27500.0,13.9,41.1,674.0,0.1351,0,10000.0,13,suburban,parttime,1,0,1,704.0
Male,46,under_55,GroupA,29400.0,14.4,26.4,662.0,0.1435,0,18600.0,1,suburban,fulltime,0,1,1,672.0
Male,56,55_plus,GroupA,37900.0,14.0,29.2,540.0,0.4578,2,15900.0,2,urban,fulltime,0,0,1,540.0
Female,49,under_55,GroupA,23100.0,14.6,21.8,503.0,0.4469,0,13800.0,12,urban,selfemployed,0,0,1,534.0
Female,38,under_55,GroupA,15700.0,12.3,21.9,612.0,0.2282,0,14100.0,18,suburban,parttime,0,1,1,564.0
Male,66,55_plus,GroupB,36900.0,12.5,41.3,622.0,0.1569,0,10100.0,0,urban,fulltime,0,0,1,656.0
Male,59,55_plus,GroupA,65000.0,16.5,35.1,614.0,0.6127,0,44600.0,1,urban,fulltime,0,1,1,620.0
Male,40,under_55,GroupA,38800.0,16.3,20.0,578.0,0.6178,0,35900.0,2,rural,fulltime,0,1,1,551.0
Male,45,under_55,GroupA,23000.0,10.8,27.8,515.0,0.1705,1,15000.0,1,rural,fulltime,0,1,1,522.0
Female,48,under_55,GroupA,36800.0,14.6,31.2,348.0,0.8863,2,13400.0,10,rural,fulltime,0,0,0,367.0
Male,41,under_55,GroupB,23200.0,14.8,17.3,388.0,0.5585,2,10100.0,0,urban,fulltime,0,0,0,389.0
Male,52,under_55,GroupC,23100.0,12.7,41.9,579.0,0.2201,0,7200.0,2,suburban,parttime,0,1,1,606.0
Male,50,under_55,GroupB,36600.0,14.0,31.5,718.0,0.1912,0,16000.0,2,urban,parttime,0,1,1,673.0
Female,36,under_55,GroupA,15300.0,13.6,15.9,442.0,0.8091,0,8600.0,16,urban,selfemployed,1,0,0,441.0
Female,52,under_55,GroupA,22400.0,13.6,27.5,506.0,0.1999,1,14800.0,11,suburban,fulltime,0,0,0,558.0
Female,25,under_55,GroupC,8300.0,11.2,8.5,300.0,0.7599,3,2200.0,0,suburban,parttime,0,0,0,300.0
Female,61,55_plus,GroupC,22400.0,10.5,45.0,440.0,0.5891,0,41300.0,10,urban,fulltime,0,0,0,496.0
Male,51,under_55,GroupA,66000.0,20.2,25.8,630.0,0.2161,1,66900.0,3,suburban,fulltime,0,1,1,634.0
Female,38,under_55,GroupC,17700.0,14.2,22.9,373.0,0.5477,3,14200.0,2,urban,selfemployed,0,0,0,300.0
Female,44,under_55,GroupA,21600.0,14.3,32.5,564.0,0.3115,0,16900.0,17,suburban,fulltime,0,1,1,563.0
Male,78,55_plus,GroupA,21500.0,14.2,45.0,488.0,0.6803,0,11500.0,3,suburban,fulltime,0,0,0,493.0
Female,30,under_55,GroupA,39400.0,16.5,8.8,494.0,0.3543,1,15600.0,3,suburban,fulltime,0,0,1,560.0
Male,27,under_55,GroupB,30900.0,14.9,5.2,461.0,0.4072,1,30500.0,0,rural,fulltime,0,1,1,457.0
Male,35,under_55,GroupA,38700.0,14.7,14.3,433.0,0.7359,2,44600.0,3,suburban,fulltime,1,0,0,433.0
Male,39,under_55,GroupA,88600.0,13.2,21.6,563.0,0.7223,0,40700.0,1,suburban,fulltime,0,1,1,567.0
Male,65,55_plus,GroupA,35500.0,16.3,39.9,626.0,0.2648,0,22400.0,3,suburban,selfemployed,0,1,1,632.0
Male,54,under_55,GroupA,23900.0,10.3,42.5,518.0,0.2509,1,12900.0,2,rural,parttime,0,1,1,542.0
Female,49,under_55,GroupB,21100.0,16.5,20.2,314.0,0.79,1,13800.0,14,urban,selfemployed,0,0,0,364.0
Female,44,under_55,GroupA,26400.0,13.5,25.2,590.0,0.3287,0,14000.0,0,urban,parttime,1,0,1,587.0
Male,54,under_55,GroupA,38000.0,13.1,36.7,693.0,0.1515,0,45300.0,13,suburban,fulltime,0,1,1,712.0
Male,18,under_55,GroupC,41300.0,16.3,0.1,415.0,0.6118,1,16900.0,2,urban,selfemployed,0,0,0,409.0
Male,44,under_55,GroupA,22100.0,13.7,24.0,403.0,0.4328,2,20200.0,11,suburban,fulltime,1,0,0,393.0
Male,51,under_55,GroupB,30200.0,16.5,31.0,464.0,0.6086,1,17800.0,3,urban,fulltime,0,0,0,485.0
Male,27,under_55,GroupA,26800.0,13.6,6.7,568.0,0.1122,1,26700.0,1,urban,parttime,0,0,0,553.0
Female,57,55_plus,GroupA,32700.0,12.2,36.5,590.0,0.1638,1,17700.0,13,suburban,fulltime,0,0,1,615.0
Male,25,under_55,GroupA,14700.0,13.0,5.4,306.0,0.4441,2,9100.0,3,suburban,fulltime,0,0,0,300.0
Female,57,55_plus,GroupB,12900.0,10.8,42.0,300.0,0.6307,2,7300.0,16,rural,parttime,0,0,0,300.0
Female,62,55_plus,GroupA,17500.0,13.1,42.3,536.0,0.423,0,5000.0,2,urban,fulltime,1,0,1,556.0
Female,52,under_55,GroupA,23200.0,13.5,33.7,509.0,0.4863,1,17700.0,13,rural,fulltime,1,0,0,480.0
Male,47,under_55,GroupB,39200.0,12.5,32.3,767.0,0.0917,0,21300.0,3,suburban,fulltime,0,1,1,734.0
Female,53,under_55,GroupC,21900.0,16.2,26.9,439.0,0.8027,1,22300.0,12,urban,fulltime,0,0,0,370.0
Female,18,under_55,GroupB,17500.0,12.7,1.1,470.0,0.3347,0,13400.0,0,rural,fulltime,0,0,0,452.0
Male,43,under_55,GroupA,41200.0,15.6,22.3,629.0,0.2348,0,35100.0,4,suburban,fulltime,1,1,1,643.0
Female,41,under_55,GroupC,25000.0,14.6,19.0,576.0,0.1037,1,10500.0,17,rural,fulltime,0,1,1,637.0
Male,57,55_plus,GroupB,42400.0,16.0,38.2,587.0,0.4867,0,13600.0,9,suburban,fulltime,0,1,1,594.0
Male,40,under_55,GroupA,20500.0,8.0,29.7,431.0,0.4506,1,12700.0,3,suburban,fulltime,1,0,0,430.0
Female,58,55_plus,GroupC,23100.0,12.8,40.3,431.0,0.3924,2,8000.0,9,suburban,fulltime,0,0,0,465.0
Male,18,under_55,GroupA,22800.0,8.9,2.1,514.0,0.2477,1,12500.0,1,suburban,selfemployed,0,0,0,503.0
Male,70,55_plus,GroupC,12100.0,14.7,45.0,428.0,0.427,1,7300.0,19,rural,fulltime,0,0,0,424.0
Female,31,under_55,GroupA,22200.0,13.2,10.1,597.0,0.5349,0,12500.0,20,suburban,fulltime,0,1,1,560.0
Male,52,under_55,GroupC,30300.0,10.4,32.1,518.0,0.4862,1,44200.0,2,urban,fulltime,1,0,0,491.0
Male,38,under_55,GroupA,26800.0,12.5,17.6,516.0,0.6114,0,26300.0,2,urban,fulltime,1,0,0,509.0
Female,45,under_55,GroupC,40700.0,14.3,23.5,576.0,0.4815,0,9000.0,13,rural,selfemployed,1,0,1,561.0
Male,64,55_plus,GroupA,35500.0,15.3,45.0,511.0,0.2735,2,18900.0,3,suburban,fulltime,0,0,0,530.0
Female,22,under_55,GroupA,12100.0,10.8,12.1,612.0,0.1005,0,4900.0,13,urban,parttime,1,1,1,587.0
Male,41,under_55,GroupC,56600.0,13.6,17.6,588.0,0.6332,0,17600.0,1,rural,fulltime,0,1,1,572.0
Male,33,under_55,GroupA,56100.0,18.9,8.0,590.0,0.6835,0,42500.0,1,urban,fulltime,1,1,1,574.0
Male,23,under_55,GroupA,34800.0,15.6,0.0,458.0,0.5019,0,19300.0,2,rural,selfemployed,0,0,0,448.0
Male,54,under_55,GroupA,27600.0,12.6,39.0,588.0,0.3672,0,19400.0,1,rural,fulltime,0,1,1,575.0
Male,21,under_55,GroupB,33200.0,13.3,3.4,508.0,0.2975,0,21800.0,6,urban,fulltime,0,0,0,548.0
Female,39,under_55,GroupA,14200.0,16.0,21.7,430.0,0.4787,1,10300.0,17,urban,parttime,0,0,0,416.0
Male,31,under_55,GroupA,34100.0,11.4,11.0,566.0,0.3333,1,38700.0,7,rural,fulltime,0,1,1,569.0
Male,43,under_55,GroupA,51400.0,16.7,24.6,654.0,0.3883,0,20000.0,0,suburban,selfemployed,0,1,1,652.0
Male,51,under_55,GroupA,20200.0,17.1,31.2,462.0,0.4498,1,11300.0,1,suburban,fulltime,0,0,0,467.0
Female,44,under_55,GroupA,31600.0,14.9,22.2,573.0,0.4045,1,16000.0,11,suburban,parttime,0,1,1,574.0
Male,33,under_55,GroupB,35300.0,15.7,12.1,470.0,0.5613,1,14800.0,2,rural,fulltime,0,0,0,488.0
Male,48,under_55,GroupA,31600.0,11.5,32.7,598.0,0.4967,0,15600.0,1,rural,fulltime,0,0,0,595.0
Female,29,under_55,GroupA,20300.0,9.8,11.4,532.0,0.429,0,11600.0,11,suburban,fulltime,0,1,1,520.0
Female,42,under_55,GroupC,22500.0,15.5,17.7,591.0,0.1114,0,9700.0,13,rural,parttime,1,1,1,626.0
Male,46,under_55,GroupA,40500.0,13.9,24.0,687.0,0.1658,0,27300.0,1,suburban,fulltime,0,1,1,685.0
Male,64,55_plus,GroupA,41200.0,17.2,38.1,768.0,0.1009,0,31000.0,1,rural,fulltime,1,1,1,776.0
Male,40,under_55,GroupB,32800.0,16.0,13.1,512.0,0.5182,1,20900.0,1,rural,selfemployed,0,0,0,488.0
Female,45,under_55,GroupA,9700.0,14.1,26.4,327.0,0.4641,2,4100.0,9,rural,selfemployed,0,0,0,347.0
Male,56,55_plus,GroupA,23500.0,14.8,31.5,362.0,0.5608,2,18900.0,4,rural,fulltime,0,0,0,347.0
Male,39,under_55,GroupA,52200.0,19.4,15.4,550.0,0.6009,0,33700.0,1,urban,fulltime,0,1,1,569.0
Male,28,under_55,GroupC,33400.0,14.7,10.5,598.0,0.507,0,14700.0,8,rural,fulltime,0,0,1,599.0
Female,43,under_55,GroupA,26100.0,11.3,25.0,585.0,0.1318,0,11600.0,11,suburban,parttime,0,1,1,682.0
Female,29,under_55,GroupB,28100.0,12.4,10.6,684.0,0.1846,0,14700.0,2,urban,fulltime,0,1,1,644.0
Female,32,under_55,GroupC,21000.0,14.1,13.0,361.0,0.5146,1,11900.0,14,suburban,parttime,0,0,0,438.0
Female,52,under_55,GroupB,30700.0,10.9,32.7,390.0,0.6603,2,26700.0,12,suburban,parttime,0,0,0,398.0
Male,36,under_55,GroupB,12600.0,10.0,18.4,346.0,0.3299,4,7100.0,2,urban,fulltime,1,0,0,300.0
Male,62,55_plus,GroupC,27100.0,18.8,36.1,608.0,0.2253,0,17900.0,4,urban,parttime,1,1,1,641.0
Male,69,55_plus,GroupA,28300.0,11.2,45.0,639.0,0.2051,0,16400.0,1,suburban,fulltime,0,1,1,638.0
Female,23,under_55,GroupA,16200.0,15.1,0.0,300.0,0.538,4,12500.0,19,suburban,parttime,0,0,0,300.0
Male,28,under_55,GroupA,20900.0,19.9,3.5,303.0,0.6456,2,4700.0,2,urban,fulltime,0,0,0,300.0
Female,40,under_55,GroupB,29900.0,10.1,24.9,323.0,0.5587,4,16000.0,0,urban,fulltime,0,0,0,320.0
Female,40,under_55,GroupA,45000.0,13.0,22.8,685.0,0.2096,1,40600.0,15,suburban,fulltime,1,1,1,680.0
Male,22,under_55,GroupB,39300.0,15.4,5.4,419.0,0.3902,2,35600.0,0,urban,fulltime,0,0,0,391.0
Female,39,under_55,GroupA,30800.0,12.1,18.7,572.0,0.3494,0,18600.0,20,suburban,fulltime,1,0,1,622.0
Male,38,under_55,GroupC,73800.0,13.3,22.0,794.0,0.1702,0,73000.0,1,suburban,fulltime,0,0,1,762.0
Male,40,under_55,GroupA,38100.0,15.8,21.2,574.0,0.546,0,9100.0,1,suburban,parttime,0,1,1,566.0
Male,42,under_55,GroupA,33000.0,15.1,23.6,496.0,0.3667,1,45100.0,1,suburban,fulltime,0,1,1,513.0
Female,38,under_55,GroupA,26600.0,15.7,18.2,631.0,0.2669,0,23300.0,12,suburban,parttime,0,0,1,636.0
Female,62,55_plus,GroupA,16600.0,14.1,45.0,641.0,0.2297,0,10800.0,9,suburban,fulltime,0,0,0,584.0
Male,35,under_55,GroupA,43700.0,16.6,15.8,515.0,0.7887,0,14300.0,11,urban,parttime,1,1,1,505.0
Female,41,under_55,GroupA,32200.0,9.7,26.0,610.0,0.3324,0,19700.0,1,urban,fulltime,0,1,1,602.0
Male,37,under_55,GroupB,44000.0,12.8,17.2,673.0,0.4601,0,20000.0,0,urban,selfemployed,0,1,1,627.0
Male,27,under_55,GroupA,24000.0,14.0,8.4,453.0,0.426,1,16400.0,2,rural,fulltime,0,0,0,439.0
Male,30,under_55,GroupA,23600.0,16.5,10.1,572.0,0.455,0,17200.0,2,suburban,fulltime,0,0,0,567.0
Female,46,under_55,GroupA,19700.0,17.4,20.4,335.0,0.4021,3,7800.0,0,urban,parttime,1,0,0,340.0
Female,38,under_55,GroupA,33000.0,14.6,20.2,661.0,0.4061,0,12100.0,13,suburban,fulltime,0,1,1,602.0
Male,48,under_55,GroupA,57100.0,15.5,26.3,681.0,0.3111,0,44800.0,1,rural,fulltime,0,1,1,697.0
Female,40,under_55,GroupA,25700.0,13.2,29.2,689.0,0.1418,0,21700.0,14,urban,fulltime,0,0,0,657.0
Female,18,under_55,GroupA,55400.0,15.9,0.0,458.0,0.4285,2,32500.0,13,suburban,fulltime,1,0,0,420.0
Male,44,under_55,GroupC,21100.0,16.7,21.1,576.0,0.2102,1,8500.0,1,urban,parttime,0,0,1,566.0
Male,54,under_55,GroupA,16200.0,12.5,37.0,564.0,0.2426,0,11600.0,1,rural,selfemployed,0,1,1,559.0
Male,67,55_plus,GroupA,27100.0,15.4,43.5,593.0,0.4138,0,11900.0,2,suburban,fulltime,0,0,0,612.0
Female,18,under_55,GroupA,38300.0,15.8,0.0,542.0,0.2656,0,24300.0,14,suburban,selfemployed,0,1,1,555.0
Male,62,55_plus,GroupA,29800.0,14.7,39.8,701.0,0.0669,0,16400.0,1,rural,parttime,0,0,1,703.0
Male,49,under_55,GroupA,34500.0,15.5,24.9,599.0,0.212,1,12300.0,2,suburban,fulltime,0,1,1,605.0
Female,62,55_plus,GroupA,31300.0,14.9,41.8,584.0,0.3197,1,28100.0,13,suburban,parttime,1,0,1,594.0
Male,34,under_55,GroupC,37300.0,15.9,7.7,525.0,0.2786,1,31200.0,1,suburban,fulltime,0,0,0,584.0
Male,45,under_55,GroupA,43400.0,10.3,30.8,409.0,0.7642,2,22100.0,3,suburban,fulltime,0,0,0,406.0
Female,53,under_55,GroupA,14200.0,12.7,35.2,444.0,0.3489,1,9000.0,10,urban,parttime,0,0,0,450.0
Male,30,under_55,GroupA,48100.0,15.3,6.1,670.0,0.2158,0,38800.0,0,suburban,fulltime,1,0,0,682.0
Female,18,under_55,GroupC,45900.0,15.4,0.0,517.0,0.5239,0,33000.0,0,urban,fulltime,0,0,0,514.0
Male,62,55_plus,GroupA,29000.0,13.2,41.9,622.0,0.2671,1,7200.0,1,suburban,parttime,0,1,1,628.0
Female,41,under_55,GroupB,19500.0,11.0,21.5,311.0,0.6365,3,8900.0,14,urban,parttime,1,0,0,309.0
Female,53,under_55,GroupA,23400.0,16.0,29.6,486.0,0.4847,1,10800.0,7,urban,fulltime,0,1,1,502.0
Male,60,55_plus,GroupA,53900.0,13.1,34.8,554.0,0.6404,0,40800.0,3,suburban,fulltime,0,1,1,555.0
Female,59,55_plus,GroupB,23600.0,14.0,41.8,466.0,0.3438,2,13600.0,17,suburban,fulltime,0,0,0,448.0
Female,65,55_plus,GroupA,27100.0,15.9,37.2,561.0,0.1428,1,25000.0,10,suburban,parttime,1,0,0,581.0
Female,23,under_55,GroupA,23000.0,13.3,3.1,381.0,0.6258,0,11800.0,17,suburban,fulltime,0,0,0,412.0
Male,44,under_55,GroupA,32100.0,10.8,26.2,680.0,0.129,0,29900.0,2,suburban,fulltime,1,1,1,687.0
Male,41,under_55,GroupA,14500.0,16.6,19.1,364.0,0.6347,2,4900.0,2,suburban,parttime,0,0,0,358.0
Female,18,under_55,GroupA,14900.0,14.3,0.0,375.0,0.5528,1,10700.0,13,suburban,parttime,0,0,0,302.0
Male,47,under_55,GroupA,41700.0,17.0,26.3,518.0,0.6521,1,21000.0,2,suburban,fulltime,0,0,0,514.0
Male,31,under_55,GroupA,61800.0,14.6,17.1,620.0,0.4239,0,25800.0,2,suburban,fulltime,0,1,1,644.0
Female,45,under_55,GroupA,33400.0,14.2,24.5,477.0,0.3815,2,27400.0,17,rural,selfemployed,1,0,0,505.0
Male,36,under_55,GroupA,41500.0,11.3,16.6,438.0,0.883,0,30100.0,0,suburban,fulltime,0,0,0,460.0
Male,50,under_55,GroupA,29600.0,9.7,31.9,444.0,0.4682,2,14500.0,3,suburban,fulltime,1,0,0,435.0
Male,60,55_plus,GroupB,62500.0,15.6,38.0,645.0,0.7441,0,21500.0,0,suburban,fulltime,1,1,1,605.0
Female,51,under_55,GroupA,18600.0,8.0,37.0,491.0,0.4049,2,10400.0,15,suburban,fulltime,0,0,0,456.0
Male,40,under_55,GroupA,48300.0,11.6,23.5,638.0,0.2189,1,26100.0,0,rural,fulltime,0,0,0,639.0
Male,46,under_55,GroupA,37000.0,11.4,30.3,593.0,0.4246,0,14000.0,0,urban,parttime,0,1,1,603.0
Male,52,under_55,GroupA,31900.0,13.6,36.6,525.0,0.5001,1,13900.0,2,rural,parttime,0,1,1,517.0
Male,69,55_plus,GroupA,28600.0,18.1,39.8,489.0,0.4422,2,15500.0,2,suburban,fulltime,1,0,0,488.0
Female,55,55_plus,GroupB,40700.0,15.1,33.9,512.0,0.5856,1,22800.0,16,urban,fulltime,0,0,0,474.0
Male,38,under_55,GroupA,39900.0,17.1,18.4,705.0,0.1278,0,24100.0,0,suburban,fulltime,0,1,1,704.0
Female,50,under_55,GroupA,28700.0,13.4,35.8,605.0,0.3397,1,15900.0,14,rural,parttime,0,1,1,555.0
Male,57,55_plus,GroupA,41200.0,16.8,33.9,626.0,0.3341,0,19900.0,2,suburban,fulltime,0,0,1,651.0
Male,49,under_55,GroupA,30500.0,12.0,32.1,564.0,0.3299,1,39000.0,0,suburban,fulltime,1,1,1,549.0
Male,48,under_55,GroupB,20000.0,11.7,28.4,517.0,0.4394,0,16900.0,2,urban,fulltime,0,0,0,508.0
Male,63,55_plus,GroupA,75400.0,16.5,45.0,707.0,0.4479,0,81300.0,3,suburban,fulltime,0,1,1,688.0
Female,44,under_55,GroupA,21800.0,16.7,22.0,313.0,0.7044,3,12500.0,14,rural,fulltime,1,0,0,300.0
Female,28,under_55,GroupA,21700.0,15.9,7.0,565.0,0.1687,0,17100.0,2,urban,fulltime,1,0,0,572.0
Female,35,under_55,GroupB,27600.0,15.3,13.1,426.0,0.4529,1,18800.0,14,rural,parttime,0,0,0,494.0
Male,50,under_55,GroupA,20500.0,11.1,39.7,440.0,0.7449,1,8300.0,1,rural,fulltime,0,0,0,426.0
Female,31,under_55,GroupA,22900.0,13.7,7.5,453.0,0.2941,2,10900.0,8,urban,fulltime,1,0,0,463.0
Female,51,under_55,GroupB,21200.0,19.2,21.9,338.0,0.446,2,11800.0,16,urban,fulltime,0,0,0,407.0
Female,48,under_55,GroupA,24700.0,10.3,33.1,551.0,0.1146,1,8200.0,21,suburban,parttime,0,1,1,588.0
Male,39,under_55,GroupA,36600.0,14.9,16.7,594.0,0.12,1,35200.0,4,suburban,fulltime,0,1,1,605.0
Male,42,under_55,GroupA,27000.0,12.1,28.9,398.0,0.7698,1,17800.0,4,suburban,fulltime,0,0,0,410.0
Male,52,under_55,GroupA,29600.0,12.5,34.3,382.0,0.6277,2,20300.0,0,suburban,fulltime,0,0,0,392.0
Female,43,under_55,GroupC,19200.0,16.0,21.9,491.0,0.1676,0,17200.0,0,urban,parttime,0,1,1,579.0
Male,24,under_55,GroupC,36100.0,15.3,8.8,553.0,0.2036,1,30700.0,7,urban,fulltime,0,1,1,577.0
Female,25,under_55,GroupB,16700.0,11.1,6.0,538.0,0.236,1,8000.0,15,urban,parttime,0,0,0,519.0
Male,48,under_55,GroupA,18600.0,14.3,25.5,516.0,0.3883,0,15500.0,11,rural,fulltime,0,1,1,519.0
Male,74,55_plus,GroupA,26300.0,16.1,45.0,526.0,0.2053,2,12500.0,3,suburban,selfemployed,1,0,0,527.0
Female,24,under_55,GroupB,11200.0,13.9,0.3,300.0,0.5313,0,8000.0,1,suburban,parttime,0,0,0,326.0
Female,43,under_55,GroupB,38600.0,12.4,19.9,635.0,0.4024,0,40500.0,1,suburban,fulltime,0,0,0,599.0
Male,41,under_55,GroupA,46700.0,12.9,19.9,590.0,0.5484,0,25500.0,5,urban,fulltime,0,0,0,596.0
Male,18,under_55,GroupA,27400.0,17.1,0.0,303.0,0.95,1,22600.0,1,suburban,fulltime,1,0,0,300.0
Female,31,under_55,GroupA,16000.0,19.6,2.7,383.0,0.2199,1,16300.0,9,suburban,fulltime,0,0,0,427.0
Female,42,under_55,GroupB,29400.0,17.2,20.6,493.0,0.6956,0,27500.0,17,suburban,fulltime,0,0,0,465.0
Male,30,under_55,GroupB,38400.0,13.3,7.2,475.0,0.4821,0,12200.0,1,urban,fulltime,0,0,0,524.0
Male,35,under_55,GroupA,35600.0,13.4,17.7,585.0,0.4016,0,56500.0,0,suburban,fulltime,1,0,0,584.0
Male,43,under_55,GroupA,25700.0,12.9,25.4,488.0,0.4535,1,6600.0,2,urban,fulltime,0,0,0,499.0
Male,47,under_55,GroupA,27900.0,15.1,26.0,445.0,0.456,1,10700.0,0,suburban,fulltime,0,0,0,475.0
Female,55,55_plus,GroupA,14600.0,13.6,30.9,478.0,0.3012,1,8700.0,21,rural,parttime,1,0,0,493.0
Male,58,55_plus,GroupA,17900.0,18.0,36.9,566.0,0.2712,0,10800.0,0,urban,fulltime,0,0,0,557.0
Male,39,under_55,GroupA,27700.0,12.5,21.9,684.0,0.1317,0,18200.0,0,suburban,fulltime,0,1,1,667.0
Female,38,under_55,GroupA,24400.0,13.7,21.1,623.0,0.1564,0,12000.0,16,urban,selfemployed,0,1,1,625.0
Female,40,under_55,GroupA,18400.0,11.7,18.4,442.0,0.5386,1,13900.0,21,suburban,selfemployed,0,0,0,429.0
Male,48,under_55,GroupB,78100.0,19.2,29.5,723.0,0.4923,0,66700.0,2,suburban,fulltime,0,1,1,691.0
Male,50,under_55,GroupC,24400.0,12.6,34.4,639.0,0.4151,0,12300.0,3,suburban,fulltime,0,0,0,596.0
Male,23,under_55,GroupB,18300.0,14.6,1.1,512.0,0.2805,1,22200.0,1,urban,fulltime,0,0,0,445.0
Female,55,55_plus,GroupA,24700.0,16.6,34.0,361.0,0.6354,2,22100.0,9,suburban,parttime,1,0,0,349.0
Female,42,under_55,GroupC,31400.0,13.7,17.4,410.0,0.7076,1,21800.0,16,suburban,parttime,0,0,0,416.0
Male,49,under_55,GroupA,37800.0,12.7,29.7,652.0,0.2457,0,41800.0,2,suburban,selfemployed,0,1,1,643.0
Female,48,under_55,GroupA,34500.0,16.2,29.1,688.0,0.0785,0,33200.0,11,rural,fulltime,0,1,1,690.0
Female,26,under_55,GroupB,38100.0,16.7,3.1,618.0,0.169,1,17800.0,10,urban,fulltime,0,1,1,582.0
Male,60,55_plus,GroupB,21300.0,12.0,43.2,397.0,0.6277,2,18300.0,1,suburban,fulltime,0,0,0,351.0
Female,42,under_55,GroupA,20000.0,9.1,23.9,491.0,0.2301,1,4600.0,2,suburban,selfemployed,0,0,0,471.0
Female,49,under_55,GroupB,31200.0,17.0,23.1,574.0,0.2847,1,20800.0,12,rural,fulltime,0,1,1,573.0
Male,54,under_55,GroupB,40200.0,13.8,36.5,671.0,0.1399,0,11800.0,2,rural,fulltime,1,1,1,671.0
Female,37,under_55,GroupB,15800.0,12.3,16.2,596.0,0.1381,0,27200.0,15,suburban,fulltime,0,0,0,600.0
Female,40,under_55,GroupA,45300.0,13.2,19.9,590.0,0.3691,0,38400.0,0,rural,fulltime,0,1,1,670.0
Male,62,55_plus,GroupA,10600.0,14.3,45.0,498.0,0.3916,0,5400.0,1,suburban,fulltime,0,0,0,494.0
Male,34,under_55,GroupA,25900.0,13.6,9.3,700.0,0.1383,0,10100.0,0,suburban,fulltime,0,1,1,701.0
Male,47,under_55,GroupB,38900.0,14.2,24.2,576.0,0.4002,1,32900.0,3,urban,selfemployed,1,0,0,509.0
Male,68,55_plus,GroupB,39800.0,15.0,45.0,524.0,0.5038,1,40500.0,3,urban,fulltime,0,1,1,533.0
Female,44,under_55,GroupA,48200.0,15.8,21.4,732.0,0.1152,1,45100.0,10,suburban,fulltime,0,1,1,700.0
Male,35,under_55,GroupA,23000.0,15.5,15.1,509.0,0.308,1,9100.0,1,urban,fulltime,0,1,1,509.0
Male,46,under_55,GroupB,23400.0,13.2,22.4,687.0,0.1345,0,10000.0,3,urban,fulltime,0,1,1,648.0
Male,52,under_55,GroupA,20800.0,11.6,35.9,497.0,0.5127,0,23300.0,14,suburban,fulltime,0,1,1,495.0
Male,53,under_55,GroupA,40100.0,13.0,31.5,594.0,0.4675,0,12300.0,1,urban,fulltime,0,1,1,594.0
Female,22,under_55,GroupC,31500.0,12.5,5.1,477.0,0.3429,2,14000.0,1,urban,parttime,0,0,0,499.0
Female,33,under_55,GroupC,25900.0,12.2,6.9,437.0,0.1612,2,17900.0,1,suburban,fulltime,0,0,0,485.0
Female,24,under_55,GroupB,40200.0,14.4,2.7,453.0,0.4691,2,75900.0,15,suburban,fulltime,1,0,0,426.0
Male,40,under_55,GroupB,29300.0,13.7,26.4,567.0,0.688,0,17800.0,0,urban,fulltime,0,0,0,534.0
Female,33,under_55,GroupB,11100.0,11.1,16.2,498.0,0.1124,1,8800.0,10,rural,fulltime,0,0,1,549.0
Male,33,under_55,GroupA,62000.0,16.9,9.3,788.0,0.0878,0,25200.0,1,suburban,fulltime,0,1,1,792.0
Male,62,55_plus,GroupB,18000.0,12.6,42.2,585.0,0.0652,0,9900.0,1,suburban,fulltime,0,1,1,579.0
Female,54,under_55,GroupC,20700.0,9.1,37.9,630.0,0.2054,1,25400.0,12,suburban,fulltime,0,0,0,575.0
Male,56,55_plus,GroupC,13600.0,15.6,35.9,486.0,0.3323,1,5000.0,2,urban,fulltime,0,0,0,454.0
Male,50,under_55,GroupA,39200.0,9.1,37.8,664.0,0.2392,0,35800.0,1,urban,selfemployed,1,1,1,656.0
Male,25,under_55,GroupA,30200.0,17.4,0.1,418.0,0.4396,1,9700.0,2,rural,fulltime,0,1,1,399.0
Male,45,under_55,GroupA,78000.0,15.0,25.8,786.0,0.0728,0,68800.0,3,suburban,fulltime,1,1,1,794.0
Male,54,under_55,GroupA,23300.0,17.3,30.3,594.0,0.1589,0,12200.0,2,urban,selfemployed,0,1,1,586.0
Male,51,under_55,GroupB,24400.0,12.8,31.6,575.0,0.3104,0,13000.0,2,suburban,fulltime,0,1,1,557.0
Male,42,under_55,GroupC,33300.0,13.6,24.3,374.0,0.7083,1,25700.0,1,urban,fulltime,0,0,0,437.0
Female,40,under_55,GroupA,19000.0,15.3,20.1,532.0,0.3693,0,11400.0,7,suburban,selfemployed,0,0,0,535.0
Female,49,under_55,GroupB,34300.0,8.0,32.5,501.0,0.4196,0,14300.0,17,suburban,fulltime,1,1,1,585.0
Male,63,55_plus,GroupA,26400.0,16.2,38.7,420.0,0.4862,2,9600.0,2,suburban,selfemployed,0,0,0,426.0
Male,21,under_55,GroupC,26500.0,14.6,0.0,381.0,0.7083,0,20200.0,1,urban,selfemployed,1,0,0,363.0
Male,51,under_55,GroupA,41000.0,17.3,27.8,476.0,0.4346,2,30800.0,12,suburban,fulltime,0,1,1,479.0
Male,34,under_55,GroupA,24700.0,9.3,20.3,481.0,0.3372,2,18100.0,12,suburban,fulltime,1,0,0,462.0
Female,62,55_plus,GroupA,14600.0,11.3,45.0,300.0,0.6835,2,3700.0,14,rural,fulltime,0,0,0,330.0
Female,22,under_55,GroupB,48700.0,16.1,0.0,583.0,0.1037,0,34600.0,1,suburban,fulltime,1,0,1,629.0
Male,59,55_plus,GroupC,18500.0,9.7,44.2,485.0,0.2729,1,14000.0,1,urban,fulltime,0,0,0,494.0
Female,62,55_plus,GroupC,30100.0,11.9,44.2,625.0,0.1519,0,11200.0,9,urban,parttime,0,1,1,641.0
Female,31,under_55,GroupA,12200.0,10.2,14.2,326.0,0.648,2,4200.0,1,suburban,parttime,0,0,0,320.0
Male,19,under_55,GroupA,39200.0,16.4,0.0,490.0,0.5171,0,23800.0,1,suburban,fulltime,0,0,0,486.0
Male,39,under_55,GroupA,23900.0,12.4,18.6,495.0,0.468,1,15600.0,2,suburban,fulltime,0,1,1,502.0
Male,45,under_55,GroupA,29400.0,15.8,19.6,583.0,0.3354,1,22500.0,2,urban,selfemployed,0,1,1,582.0
Male,65,55_plus,GroupC,33000.0,13.2,45.0,539.0,0.4216,1,13100.0,1,urban,fulltime,0,1,1,507.0
Female,46,under_55,GroupA,36500.0,15.8,25.1,452.0,0.465,3,15100.0,15,suburban,selfemployed,0,0,1,415.0
Male,33,under_55,GroupA,34000.0,13.5,18.6,489.0,0.4531,2,19500.0,2,suburban,fulltime,0,0,0,494.0
Female,46,under_55,GroupA,28100.0,16.5,23.4,529.0,0.3215,0,17400.0,0,suburban,fulltime,0,1,1,603.0
Male,39,under_55,GroupA,45500.0,12.7,16.1,698.0,0.1557,0,39500.0,1,urban,fulltime,1,1,1,711.0
Female,52,under_55,GroupB,29900.0,13.1,28.8,537.0,0.2641,1,16300.0,1,rural,fulltime,0,0,1,595.0
Female,44,under_55,GroupB,17000.0,8.0,32.6,530.0,0.2464,1,7500.0,11,rural,selfemployed,0,0,0,522.0
Female,61,55_plus,GroupA,24400.0,18.0,38.7,489.0,0.2496,2,15500.0,15,suburban,fulltime,0,0,0,495.0
Female,55,55_plus,GroupA,16500.0,11.5,38.9,563.0,0.144,0,11200.0,11,rural,fulltime,0,1,1,584.0
Male,30,under_55,GroupB,26800.0,14.9,7.4,508.0,0.2407,1,16900.0,1,urban,fulltime,0,0,0,540.0
Male,45,under_55,GroupB,36600.0,13.0,26.5,703.0,0.2522,0,12800.0,0,suburban,fulltime,0,1,1,670.0
Male,37,under_55,GroupA,55800.0,16.3,11.5,555.0,0.5803,1,37100.0,3,suburban,fulltime,0,0,0,553.0
Male,53,under_55,GroupA,39100.0,15.4,35.0,517.0,0.7433,0,19000.0,1,rural,fulltime,0,0,0,532.0
Male,57,55_plus,GroupB,25300.0,15.6,37.9,652.0,0.02,0,11800.0,0,urban,fulltime,0,1,1,679.0
Female,35,under_55,GroupA,23200.0,13.5,13.9,338.0,0.3773,3,13600.0,0,suburban,fulltime,0,0,0,382.0
Female,52,under_55,GroupA,32900.0,13.1,32.5,487.0,0.6365,1,28200.0,13,suburban,selfemployed,0,1,1,483.0
Male,33,under_55,GroupB,23400.0,12.8,17.2,681.0,0.1475,0,8600.0,7,urban,fulltime,0,1,1,645.0
Male,47,under_55,GroupA,59000.0,12.5,23.9,697.0,0.3244,0,41700.0,1,rural,fulltime,0,1,1,675.0
Male,24,under_55,GroupA,23300.0,13.5,0.0,446.0,0.4008,1,15100.0,0,urban,fulltime,1,0,0,445.0
Female,53,under_55,GroupA,40700.0,15.7,33.8,489.0,0.3151,2,27200.0,12,urban,selfemployed,1,0,0,534.0
Female,37,under_55,GroupA,82500.0,14.8,14.6,836.0,0.1093,0,36900.0,11,suburban,parttime,0,0,1,777.0
Female,38,under_55,GroupB,24600.0,13.8,19.0,459.0,0.6276,1,24000.0,11,suburban,parttime,0,0,0,426.0
Male,57,55_plus,GroupA,41500.0,15.4,36.3,530.0,0.576,0,14800.0,1,suburban,fulltime,1,0,1,549.0
Male,46,under_55,GroupA,24300.0,11.8,25.7,573.0,0.2878,0,3600.0,0,rural,fulltime,0,1,1,585.0
Female,30,under_55,GroupA,11300.0,10.8,4.9,403.0,0.137,2,16000.0,1,suburban,parttime,0,0,0,407.0
Male,31,under_55,GroupA,33500.0,15.3,9.9,558.0,0.3673,1,23300.0,2,suburban,fulltime,1,1,1,552.0
Female,41,under_55,GroupA,37000.0,14.6,22.9,404.0,0.7916,1,23900.0,10,urban,parttime,0,0,0,393.0
Female,24,under_55,GroupB,30700.0,14.3,0.0,499.0,0.3694,0,26300.0,12,rural,parttime,0,0,0,480.0
Male,68,55_plus,GroupB,18100.0,12.2,45.0,498.0,0.3059,0,11200.0,2,urban,selfemployed,0,0,0,589.0
Male,34,under_55,GroupB,51400.0,12.4,13.0,730.0,0.1166,1,42300.0,3,suburban,fulltime,0,1,1,709.0
Female,55,55_plus,GroupB,14300.0,12.8,35.6,529.0,0.298,0,16600.0,10,suburban,fulltime,1,1,1,528.0
Male,44,under_55,GroupA,25600.0,19.6,22.5,553.0,0.3514,1,18800.0,0,rural,parttime,0,0,0,544.0
Male,47,under_55,GroupA,32300.0,13.7,31.2,625.0,0.4021,0,27200.0,4,urban,fulltime,0,0,0,627.0
Male,37,under_55,GroupA,45000.0,14.0,15.8,643.0,0.3456,0,11200.0,9,rural,fulltime,0,1,1,633.0
Female,46,under_55,GroupC,29800.0,13.6,21.7,681.0,0.0794,0,21200.0,2,rural,fulltime,0,0,1,679.0
Male,39,under_55,GroupA,41000.0,11.7,25.3,633.0,0.287,0,9200.0,1,urban,fulltime,0,1,1,631.0
Female,48,under_55,GroupA,29700.0,14.0,26.8,583.0,0.4017,0,14700.0,16,suburban,parttime,0,1,1,559.0
Male,47,under_55,GroupA,37500.0,18.1,30.0,516.0,0.2821,2,26200.0,1,suburban,fulltime,0,1,1,515.0
Male,43,under_55,GroupC,21200.0,14.1,20.3,453.0,0.2237,2,31900.0,15,urban,fulltime,0,0,0,461.0
Male,47,under_55,GroupB,50400.0,14.2,30.0,615.0,0.1625,1,26300.0,8,urban,fulltime,0,1,1,663.0
Female,40,under_55,GroupA,16400.0,14.4,19.1,627.0,0.1528,0,6500.0,14,suburban,fulltime,1,1,1,595.0
Female,51,under_55,GroupC,25700.0,11.0,28.6,530.0,0.6079,1,20500.0,7,suburban,parttime,0,0,0,464.0
Male,36,under_55,GroupC,18000.0,13.0,15.0,404.0,0.4602,2,12900.0,2,urban,parttime,0,0,0,425.0
Female,50,under_55,GroupB,43200.0,12.0,32.3,572.0,0.552,0,17900.0,13,urban,parttime,0,0,1,551.0
Male,23,under_55,GroupB,41100.0,11.3,5.3,567.0,0.4815,0,25600.0,1,suburban,fulltime,0,0,0,592.0
Male,58,55_plus,GroupA,27300.0,14.1,40.1,612.0,0.4222,0,23200.0,0,suburban,fulltime,0,0,0,596.0
Male,33,under_55,GroupC,31800.0,14.9,13.7,582.0,0.3675,0,13300.0,1,suburban,fulltime,0,1,1,612.0
Male,76,55_plus,GroupA,10700.0,10.4,45.0,396.0,0.6599,0,9000.0,0,suburban,fulltime,0,0,0,402.0
Male,38,under_55,GroupA,58400.0,13.6,18.3,635.0,0.3898,0,29800.0,1,suburban,fulltime,0,1,1,638.0
Male,50,under_55,GroupB,38400.0,12.4,29.6,641.0,0.3682,0,19200.0,1,urban,parttime,0,1,1,624.0
Male,51,under_55,GroupB,35200.0,16.0,27.5,667.0,0.1955,1,11700.0,3,rural,fulltime,1,0,1,635.0
Male,46,under_55,GroupA,22400.0,18.0,16.4,523.0,0.4921,0,11000.0,8,suburban,fulltime,0,1,1,513.0
Male,51,under_55,GroupC,23000.0,10.0,41.8,389.0,0.462,2,6600.0,1,rural,selfemployed,0,0,0,418.0
Female,58,55_plus,GroupA,27200.0,11.6,42.0,606.0,0.0792,0,10300.0,9,rural,fulltime,0,1,1,656.0
Male,36,under_55,GroupC,24700.0,11.7,18.6,478.0,0.3153,2,32000.0,3,urban,fulltime,0,0,0,505.0
Male,46,under_55,GroupA,37000.0,16.0,27.5,567.0,0.2394,1,26400.0,1,suburban,selfemployed,0,0,0,572.0
Female,40,under_55,GroupA,29800.0,11.0,22.0,697.0,0.1448,0,18100.0,7,rural,fulltime,0,0,1,652.0
Female,26,under_55,GroupC,30400.0,15.7,4.5,578.0,0.1867,0,15300.0,9,urban,selfemployed,0,1,1,597.0
Male,46,under_55,GroupA,32300.0,15.3,26.5,332.0,0.5915,3,27500.0,2,suburban,fulltime,1,1,1,337.0
Female,78,55_plus,GroupB,44400.0,13.5,45.0,752.0,0.2546,0,26000.0,18,rural,fulltime,0,0,1,706.0
Female,22,under_55,GroupC,22100.0,13.7,3.8,347.0,0.7666,2,9000.0,6,urban,fulltime,0,0,0,300.0
Female,35,under_55,GroupA,24700.0,15.7,18.8,549.0,0.4312,0,33500.0,10,urban,fulltime,0,0,0,547.0
Male,57,55_plus,GroupA,42100.0,11.7,42.0,631.0,0.1865,1,9500.0,0,suburban,fulltime,0,0,0,639.0
Male,42,under_55,GroupA,9200.0,12.1,24.0,451.0,0.3093,1,3400.0,1,suburban,parttime,0,0,0,442.0
Male,37,under_55,GroupA,27200.0,13.0,21.4,386.0,0.8047,1,22700.0,0,rural,fulltime,0,0,0,396.0
Male,35,under_55,GroupA,21800.0,13.4,15.5,605.0,0.1988,0,6100.0,1,rural,fulltime,1,1,1,621.0
Female,53,under_55,GroupB,38600.0,14.4,28.9,633.0,0.3468,1,13900.0,13,rural,parttime,0,0,0,575.0
Male,33,under_55,GroupA,28600.0,12.3,13.8,492.0,0.5092,0,12600.0,11,suburban,fulltime,0,0,0,509.0
Male,30,under_55,GroupB,13900.0,15.4,8.3,450.0,0.7082,0,10300.0,9,suburban,fulltime,0,0,0,393.0
Female,33,under_55,GroupC,16500.0,13.5,10.3,514.0,0.1792,1,9000.0,1,suburban,selfemployed,0,0,1,537.0
Male,40,under_55,GroupA,29400.0,12.6,19.4,553.0,0.1355,1,16600.0,0,rural,fulltime,0,0,0,556.0
Female,40,under_55,GroupB,29000.0,11.1,21.4,559.0,0.3787,1,14800.0,8,suburban,fulltime,1,1,1,527.0
Male,45,under_55,GroupB,39400.0,13.9,23.4,648.0,0.1396,0,28900.0,0,urban,fulltime,0,1,1,702.0
Male,47,under_55,GroupB,42300.0,17.8,25.0,717.0,0.1584,0,28200.0,4,rural,fulltime,0,1,1,707.0
Male,40,under_55,GroupC,61200.0,18.8,15.9,743.0,0.249,0,21200.0,0,urban,selfemployed,1,1,1,712.0
Male,42,under_55,GroupA,59600.0,12.0,26.7,715.0,0.2218,0,30500.0,9,suburban,fulltime,0,1,1,697.0
Female,51,under_55,GroupA,39500.0,18.8,31.8,595.0,0.2741,1,18700.0,13,suburban,fulltime,1,1,1,581.0
Male,54,under_55,GroupA,46800.0,15.4,34.1,700.0,0.271,0,41400.0,1,suburban,parttime,0,1,1,689.0
Female,53,under_55,GroupA,32600.0,15.2,34.6,625.0,0.144,0,16000.0,16,suburban,fulltime,0,1,1,632.0
Male,44,under_55,GroupB,62900.0,13.5,28.3,734.0,0.0943,0,50200.0,0,urban,fulltime,0,1,1,771.0
Female,49,under_55,GroupA,47400.0,13.9,33.6,681.0,0.472,0,19400.0,15,suburban,fulltime,0,0,0,625.0
Male,56,55_plus,GroupA,19000.0,15.8,35.5,528.0,0.2249,1,21800.0,3,rural,fulltime,0,0,0,539.0
Female,42,under_55,GroupA,34600.0,12.2,24.2,588.0,0.5872,0,15200.0,14,suburban,fulltime,0,1,1,547.0
Male,49,under_55,GroupA,28700.0,14.7,22.4,490.0,0.7273,0,19900.0,2,urban,fulltime,0,0,0,493.0
Male,37,under_55,GroupC,37200.0,16.2,15.2,787.0,0.0933,0,22800.0,2,rural,fulltime,1,1,1,718.0
Female,67,55_plus,GroupB,17300.0,14.1,44.6,383.0,0.2792,3,13500.0,9,rural,fulltime,0,0,0,382.0
Male,26,under_55,GroupB,29100.0,10.8,7.8,576.0,0.7011,0,15800.0,0,suburban,fulltime,0,1,1,527.0
Female,41,under_55,GroupA,27400.0,13.6,20.6,391.0,0.6074,2,18700.0,20,suburban,parttime,0,0,0,394.0
Male,25,under_55,GroupA,38300.0,11.8,9.7,648.0,0.3589,0,9900.0,2,urban,fulltime,0,1,1,652.0
Male,48,under_55,GroupC,31500.0,12.1,26.6,600.0,0.2402,0,31000.0,1,urban,fulltime,0,0,0,646.0
Male,38,under_55,GroupA,35200.0,17.6,14.8,539.0,0.3358,1,34500.0,10,urban,fulltime,0,1,1,569.0
Male,65,55_plus,GroupA,17100.0,10.7,45.0,475.0,0.4706,0,5800.0,2,urban,parttime,0,0,0,481.0
Female,39,under_55,GroupA,12100.0,12.7,15.0,373.0,0.6089,1,8300.0,18,rural,selfemployed,0,0,0,372.0
Female,36,under_55,GroupB,22400.0,10.7,21.3,592.0,0.3147,0,27100.0,25,rural,selfemployed,0,0,1,576.0
Male,48,under_55,GroupC,18700.0,9.8,33.3,607.0,0.1727,0,11100.0,15,urban,fulltime,0,1,1,607.0
Male,78,55_plus,GroupA,48400.0,15.3,45.0,714.0,0.3341,0,34100.0,3,urban,fulltime,0,0,1,717.0
Female,27,under_55,GroupB,24600.0,18.6,7.7,588.0,0.1952,0,16000.0,11,urban,fulltime,0,0,0,585.0
Male,41,under_55,GroupA,40700.0,13.6,21.3,566.0,0.3167,1,24500.0,3,suburban,fulltime,0,1,1,558.0
Male,57,55_plus,GroupA,30300.0,18.2,31.5,471.0,0.6224,0,11600.0,1,rural,fulltime,0,1,1,484.0
Male,31,under_55,GroupA,76100.0,16.0,7.5,726.0,0.2718,0,53400.0,2,urban,fulltime,0,1,1,727.0
Male,34,under_55,GroupA,37800.0,10.4,15.3,451.0,0.6139,1,25400.0,2,suburban,selfemployed,0,0,0,453.0
Male,27,under_55,GroupB,17200.0,12.3,3.6,339.0,0.5167,2,10100.0,16,rural,fulltime,0,0,0,354.0
Male,57,55_plus,GroupA,26600.0,15.7,35.1,624.0,0.2936,0,11500.0,1,suburban,fulltime,0,1,1,624.0
Female,71,55_plus,GroupA,28300.0,13.4,45.0,518.0,0.2644,1,8400.0,14,suburban,fulltime,0,1,1,502.0
Male,25,under_55,GroupA,37700.0,19.2,5.2,592.0,0.2232,0,41200.0,1,suburban,fulltime,1,1,1,609.0
Female,49,under_55,GroupC,22500.0,17.6,24.6,524.0,0.2505,2,38000.0,16,suburban,parttime,0,0,0,521.0
Male,50,under_55,GroupA,25100.0,11.8,30.4,568.0,0.2589,1,14900.0,2,rural,fulltime,0,0,0,559.0
Male,40,under_55,GroupA,52400.0,16.6,16.8,653.0,0.3083,0,39900.0,0,rural,fulltime,1,1,1,658.0
Male,51,under_55,GroupA,47000.0,13.8,30.2,611.0,0.3077,0,27300.0,1,suburban,fulltime,0,1,1,623.0
Female,41,under_55,GroupA,21100.0,15.2,22.2,547.0,0.3254,1,14600.0,1,rural,parttime,1,0,0,525.0
Male,29,under_55,GroupA,54200.0,15.2,10.7,604.0,0.3467,1,39900.0,3,suburban,fulltime,0,1,1,606.0
Female,56,55_plus,GroupA,30500.0,14.4,37.0,634.0,0.4336,0,22800.0,1,suburban,fulltime,0,0,1,593.0
Female,35,under_55,GroupA,24900.0,12.2,21.3,588.0,0.1606,1,8500.0,21,urban,selfemployed,1,1,1,597.0
Male,33,under_55,GroupA,27400.0,15.3,20.9,518.0,0.422,1,14400.0,0,suburban,fulltime,0,0,0,536.0
Male,49,under_55,GroupB,41600.0,18.0,20.8,697.0,0.1383,0,27800.0,2,urban,fulltime,0,1,1,701.0
Male,44,under_55,GroupB,45200.0,16.4,22.1,603.0,0.3423,1,37600.0,2,urban,fulltime,0,1,1,574.0
Male,60,55_plus,GroupA,24900.0,18.8,32.5,574.0,0.4608,0,24200.0,0,suburban,fulltime,1,0,0,560.0
Female,34,under_55,GroupB,32400.0,15.7,14.2,594.0,0.1444,0,16400.0,14,suburban,fulltime,0,0,1,692.0
Male,41,under_55,GroupA,25200.0,11.2,24.1,511.0,0.3412,1,15200.0,1,suburban,fulltime,0,0,0,509.0
Male,35,under_55,GroupA,33900.0,16.3,14.0,450.0,0.7472,0,18400.0,13,urban,fulltime,0,0,0,451.0
Female,52,under_55,GroupA,13500.0,11.9,33.9,391.0,0.7004,1,8200.0,9,urban,parttime,0,0,0,338.0
Male,45,under_55,GroupA,24800.0,9.1,28.2,300.0,0.8711,2,7800.0,1,urban,fulltime,0,0,0,300.0
Male,43,under_55,GroupC,43400.0,13.0,24.4,574.0,0.3809,1,28300.0,2,urban,fulltime,0,1,1,582.0
Male,56,55_plus,GroupB,15100.0,14.5,36.4,433.0,0.4676,1,7400.0,1,urban,selfemployed,1,1,1,417.0
Female,44,under_55,GroupC,25400.0,11.1,21.9,411.0,0.6733,1,25600.0,9,urban,fulltime,1,0,0,446.0
Male,37,under_55,GroupA,24000.0,13.7,17.3,300.0,0.6433,3,27500.0,3,rural,fulltime,0,0,0,300.0
Male,56,55_plus,GroupA,28000.0,14.0,33.7,572.0,0.4039,0,9600.0,2,suburban,fulltime,0,0,1,581.0
Female,46,under_55,GroupA,25700.0,12.6,27.5,622.0,0.2468,0,11800.0,16,suburban,fulltime,1,1,1,609.0
Male,48,under_55,GroupA,32500.0,11.6,28.8,653.0,0.1901,0,20200.0,1,suburban,fulltime,1,1,1,652.0
Male,55,55_plus,GroupA,31500.0,15.3,36.1,618.0,0.134,1,14200.0,11,urban,selfemployed,0,0,0,624.0
Female,36,under_55,GroupA,25600.0,11.6,18.4,468.0,0.251,2,15400.0,12,rural,selfemployed,1,1,1,494.0
Female,35,under_55,GroupB,29200.0,12.6,16.7,644.0,0.5158,0,14200.0,16,urban,fulltime,0,1,1,584.0
Male,26,under_55,GroupB,36600.0,13.6,7.0,669.0,0.0654,0,46500.0,1,suburban,fulltime,1,1,1,674.0
Female,46,under_55,GroupA,41500.0,18.0,18.8,672.0,0.1783,0,16600.0,12,urban,fulltime,1,1,1,689.0
Female,30,under_55,GroupA,37000.0,12.4,15.3,517.0,0.4833,0,24900.0,1,rural,parttime,0,0,0,542.0
Male,58,55_plus,GroupB,39400.0,12.3,36.9,644.0,0.2336,0,13100.0,18,suburban,fulltime,0,1,1,651.0
Male,21,under_55,GroupB,20200.0,9.8,5.7,300.0,0.4128,3,26100.0,0,urban,fulltime,0,0,0,310.0
Female,49,under_55,GroupA,17800.0,16.4,28.2,512.0,0.3491,0,25500.0,15,suburban,selfemployed,0,0,0,523.0
Male,21,under_55,GroupC,16900.0,17.9,0.0,353.0,0.5063,1,9600.0,10,rural,fulltime,0,0,0,351.0
Female,61,55_plus,GroupC,20700.0,13.8,42.2,568.0,0.3574,0,8900.0,0,urban,fulltime,0,0,1,539.0
Female,33,under_55,GroupA,15000.0,15.5,10.9,300.0,0.5988,3,10700.0,15,urban,fulltime,0,0,0,300.0
Female,42,under_55,GroupC,13200.0,9.0,30.6,312.0,0.6115,1,3600.0,13,urban,selfemployed,1,1,1,347.0
Male,45,under_55,GroupC,27900.0,13.7,31.0,637.0,0.1918,0,21800.0,3,rural,fulltime,0,1,1,636.0
Male,52,under_55,GroupA,28800.0,15.1,26.6,623.0,0.4213,0,11200.0,0,urban,fulltime,0,1,1,620.0
Female,51,under_55,GroupA,29600.0,14.6,33.1,631.0,0.393,0,9000.0,5,suburban,parttime,0,1,1,606.0
Female,55,55_plus,GroupB,24600.0,15.9,32.6,590.0,0.2168,0,22700.0,11,urban,fulltime,0,1,1,654.0
Male,48,under_55,GroupA,40800.0,17.1,29.8,570.0,0.4222,1,46400.0,2,urban,fulltime,1,1,1,562.0
Female,32,under_55,GroupB,21700.0,11.1,11.4,532.0,0.3677,1,14900.0,1,urban,selfemployed,0,0,0,538.0
Female,32,under_55,GroupB,46300.0,14.6,9.6,731.0,0.2633,0,52800.0,1,urban,fulltime,0,1,1,692.0
Male,26,under_55,GroupB,25100.0,13.4,8.0,615.0,0.0431,0,13000.0,1,suburban,fulltime,0,1,1,681.0
Male,40,under_55,GroupA,31100.0,12.9,23.5,384.0,0.739,2,8500.0,1,suburban,selfemployed,0,0,0,384.0
Female,31,under_55,GroupA,36600.0,16.7,2.2,352.0,0.5864,2,14300.0,2,urban,fulltime,0,0,0,357.0
Female,38,under_55,GroupB,11300.0,11.0,24.4,352.0,0.1042,1,9900.0,1,urban,parttime,0,0,0,453.0
Male,40,under_55,GroupB,20800.0,10.6,20.5,502.0,0.4382,1,19300.0,2,urban,fulltime,1,1,1,469.0
Female,70,55_plus,GroupA,20100.0,13.1,45.0,622.0,0.0892,1,11700.0,14,rural,fulltime,0,0,0,605.0
Male,35,under_55,GroupA,35400.0,14.3,18.3,616.0,0.2663,1,32400.0,11,urban,fulltime,0,1,1,626.0
Male,31,under_55,GroupC,27200.0,13.5,4.5,404.0,0.5237,1,42600.0,2,suburban,parttime,0,0,0,418.0
Female,39,under_55,GroupC,20000.0,8.5,22.2,505.0,0.2021,2,13900.0,14,urban,fulltime,0,0,1,467.0
Male,68,55_plus,GroupA,24600.0,16.5,45.0,630.0,0.1141,0,12500.0,4,suburban,fulltime,0,1,1,625.0
Male,36,under_55,GroupB,38900.0,12.9,16.8,743.0,0.0469,0,20100.0,0,urban,fulltime,0,1,1,724.0
Male,18,under_55,GroupB,35800.0,15.1,0.0,513.0,0.3692,0,17400.0,3,suburban,fulltime,0,1,1,532.0
Female,44,under_55,GroupB,32900.0,17.4,22.7,606.0,0.1555,0,17900.0,20,rural,fulltime,1,1,1,663.0
Male,35,under_55,GroupA,59800.0,10.7,13.3,597.0,0.608,0,20400.0,1,suburban,fulltime,0,1,1,603.0
Female,37,under_55,GroupC,15500.0,13.1,16.7,685.0,0.089,0,3300.0,7,suburban,selfemployed,0,0,1,632.0
Female,44,under_55,GroupA,46100.0,16.3,20.0,677.0,0.2402,0,18300.0,7,urban,fulltime,0,0,1,696.0
Female,63,55_plus,GroupB,18400.0,9.1,45.0,578.0,0.3215,0,7200.0,11,rural,fulltime,0,0,1,612.0
Male,41,under_55,GroupC,26500.0,12.1,23.8,653.0,0.2051,0,8500.0,0,urban,fulltime,0,1,1,605.0
Male,47,under_55,GroupB,38500.0,15.9,24.1,671.0,0.1861,0,23900.0,2,urban,selfemployed,1,1,1,656.0
Male,30,under_55,GroupC,23800.0,15.7,9.6,449.0,0.5292,2,18500.0,2,urban,selfemployed,0,0,0,389.0
Male,76,55_plus,GroupA,20400.0,11.7,45.0,461.0,0.419,2,20500.0,1,rural,selfemployed,0,0,0,462.0
Female,23,under_55,GroupA,19300.0,13.2,0.0,358.0,0.3159,2,5700.0,10,suburban,fulltime,1,0,0,390.0
Female,55,55_plus,GroupA,24200.0,14.9,36.9,341.0,0.447,3,18600.0,1,suburban,fulltime,0,0,0,369.0
Male,56,55_plus,GroupB,14000.0,9.5,41.9,639.0,0.3735,0,10100.0,2,rural,selfemployed,0,0,0,534.0
Male,33,under_55,GroupB,33400.0,19.5,2.1,580.0,0.4548,1,39700.0,1,urban,fulltime,0,0,0,486.0
Female,47,under_55,GroupA,21800.0,15.7,24.2,463.0,0.31,1,10300.0,20,urban,parttime,0,1,1,505.0
Female,41,under_55,GroupA,37900.0,17.3,25.3,641.0,0.35,0,12700.0,18,suburban,fulltime,1,1,1,641.0
Male,23,under_55,GroupA,50500.0,10.5,6.9,589.0,0.3966,0,23000.0,0,suburban,fulltime,0,1,1,570.0
Male,36,under_55,GroupA,27900.0,11.3,14.4,511.0,0.3763,2,35500.0,9,suburban,fulltime,0,1,1,497.0
Male,55,55_plus,GroupB,39100.0,13.8,31.8,537.0,0.4307,0,37500.0,4,suburban,fulltime,0,0,0,581.0
Female,31,under_55,GroupC,14700.0,17.0,13.4,318.0,0.5859,1,8500.0,11,urban,parttime,1,0,0,379.0
Female,40,under_55,GroupA,28800.0,16.9,15.9,521.0,0.3636,0,27600.0,13,suburban,fulltime,0,1,1,575.0
Female,55,55_plus,GroupB,18600.0,15.6,31.0,645.0,0.3094,0,17400.0,2,suburban,fulltime,0,0,1,586.0
Male,43,under_55,GroupA,36300.0,13.8,22.6,678.0,0.0771,0,41200.0,1,suburban,fulltime,1,1,1,679.0
Male,52,under_55,GroupA,44900.0,12.4,35.0,710.0,0.1569,0,20000.0,1,suburban,fulltime,0,1,1,712.0
Male,20,under_55,GroupA,32000.0,15.6,0.0,335.0,0.6892,2,11700.0,1,suburban,fulltime,0,0,0,323.0
Male,28,under_55,GroupA,49200.0,13.1,11.3,532.0,0.4048,1,16300.0,4,suburban,fulltime,1,1,1,537.0
Male,36,under_55,GroupA,39800.0,12.6,16.6,499.0,0.4223,2,38800.0,2,urban,selfemployed,0,0,0,498.0
Female,43,under_55,GroupC,59100.0,14.5,17.9,615.0,0.4326,0,11800.0,9,rural,selfemployed,0,1,1,654.0
Male,58,55_plus,GroupA,41900.0,13.4,40.4,629.0,0.3699,0,13100.0,2,urban,selfemployed,0,0,1,641.0
Male,35,under_55,GroupB,29700.0,12.3,20.5,668.0,0.0993,0,18200.0,2,urban,selfemployed,0,1,1,676.0
Male,38,under_55,GroupA,26800.0,19.7,12.2,416.0,0.8496,0,10900.0,17,suburban,fulltime,0,0,0,424.0
Male,54,under_55,GroupA,50600.0,17.2,30.4,591.0,0.4951,0,42900.0,1,urban,fulltime,0,0,0,585.0
Male,67,55_plus,GroupA,28000.0,13.6,45.0,619.0,0.0603,1,39800.0,0,suburban,selfemployed,0,1,1,629.0
Male,23,under_55,GroupA,44700.0,11.7,4.1,639.0,0.1741,0,11000.0,2,suburban,fulltime,0,1,1,635.0
Male,18,under_55,GroupA,30600.0,16.6,0.0,430.0,0.5154,0,28800.0,5,urban,fulltime,0,0,0,441.0
Male,57,55_plus,GroupA,61000.0,11.3,39.5,534.0,0.5155,1,43900.0,2,rural,fulltime,1,1,1,535.0
Male,45,under_55,GroupC,30000.0,11.0,29.3,474.0,0.7735,0,14400.0,0,urban,fulltime,0,0,0,483.0
Female,24,under_55,GroupB,24200.0,15.5,2.7,477.0,0.3056,0,13300.0,19,urban,fulltime,0,0,0,476.0
Male,55,55_plus,GroupA,31900.0,12.2,39.9,636.0,0.0602,1,24500.0,13,urban,fulltime,0,1,1,645.0
Male,38,under_55,GroupA,76000.0,21.4,9.8,737.0,0.3689,0,31800.0,12,rural,fulltime,0,1,1,748.0
Female,25,under_55,GroupA,50200.0,15.8,0.0,502.0,0.333,0,33700.0,0,suburban,fulltime,0,0,0,538.0
Male,39,under_55,GroupA,50300.0,14.4,22.8,569.0,0.5692,0,49100.0,5,suburban,fulltime,0,0,0,560.0
Female,40,under_55,GroupA,37700.0,12.6,22.0,430.0,0.5783,2,26200.0,15,suburban,fulltime,0,1,1,447.0
Male,70,55_plus,GroupA,23900.0,13.1,45.0,529.0,0.2192,1,12500.0,0,urban,parttime,0,1,1,528.0
Male,40,under_55,GroupA,43400.0,14.2,19.3,529.0,0.7587,0,17300.0,1,urban,fulltime,1,0,0,527.0
Male,43,under_55,GroupA,59000.0,16.7,15.3,729.0,0.259,0,52800.0,1,suburban,selfemployed,0,1,1,711.0
Female,26,under_55,GroupB,27200.0,12.0,6.3,487.0,0.4667,0,10700.0,2,suburban,parttime,1,0,0,475.0
Male,24,under_55,GroupA,32900.0,18.3,0.0,623.0,0.1101,0,17000.0,1,urban,fulltime,0,1,1,617.0
Male,36,under_55,GroupA,23400.0,16.5,11.1,469.0,0.4648,1,12400.0,2,suburban,fulltime,1,0,0,482.0
Female,28,under_55,GroupA,26800.0,13.8,11.7,653.0,0.0887,0,26200.0,13,rural,fulltime,1,1,1,707.0
Female,57,55_plus,GroupA,18300.0,14.0,38.4,507.0,0.5143,0,9400.0,12,rural,parttime,0,0,0,491.0
Female,34,under_55,GroupB,19500.0,15.8,8.3,463.0,0.6368,1,23800.0,1,urban,parttime,0,0,0,456.0
Female,34,under_55,GroupC,18800.0,14.0,12.5,523.0,0.4627,1,14200.0,15,suburban,fulltime,0,0,0,480.0
Female,46,under_55,GroupB,12800.0,10.2,27.7,408.0,0.7013,0,9000.0,11,urban,parttime,0,0,0,394.0
Female,38,under_55,GroupC,21400.0,13.1,12.2,554.0,0.1482,0,11200.0,2,rural,fulltime,0,0,1,649.0
Female,40,under_55,GroupB,26800.0,12.5,18.1,440.0,0.5299,0,9200.0,16,rural,parttime,0,0,0,550.0
Female,42,under_55,GroupB,29000.0,17.4,14.3,599.0,0.3816,0,34200.0,9,rural,parttime,0,1,1,532.0
Male,29,under_55,GroupA,31000.0,13.0,6.7,411.0,0.5062,1,12200.0,9,suburban,fulltime,1,1,1,421.0
Male,44,under_55,GroupC,44200.0,16.7,22.7,603.0,0.1887,1,39800.0,2,rural,parttime,0,1,1,604.0
Male,78,55_plus,GroupA,12400.0,10.2,45.0,488.0,0.1591,2,21300.0,1,rural,fulltime,0,0,0,488.0
Male,58,55_plus,GroupA,29600.0,15.5,37.6,608.0,0.3775,0,26900.0,0,urban,fulltime,0,0,0,606.0
Male,39,under_55,GroupA,49200.0,14.3,16.7,713.0,0.147,0,68600.0,2,suburban,fulltime,0,0,0,697.0
Male,27,under_55,GroupA,13600.0,12.1,5.1,514.0,0.1791,0,7700.0,2,urban,parttime,1,0,0,521.0
Male,31,under_55,GroupB,23400.0,14.2,13.3,586.0,0.3656,0,10900.0,2,urban,fulltime,1,1,1,609.0
Female,52,under_55,GroupA,17600.0,16.3,31.5,353.0,0.4942,3,16000.0,16,suburban,parttime,0,0,0,344.0
Female,41,under_55,GroupB,21800.0,10.4,24.0,560.0,0.3376,1,4800.0,13,rural,fulltime,0,0,0,511.0
Female,18,under_55,GroupA,16300.0,13.6,2.2,300.0,0.7391,1,19900.0,12,rural,fulltime,1,0,0,300.0
Male,46,under_55,GroupB,18500.0,16.6,16.6,536.0,0.5955,0,18300.0,0,suburban,fulltime,0,1,1,522.0
Female,45,under_55,GroupA,28200.0,15.8,24.5,577.0,0.3644,1,12100.0,1,urban,fulltime,0,0,0,555.0
Male,33,under_55,GroupC,40800.0,13.4,10.1,505.0,0.7827,0,18900.0,2,suburban,fulltime,1,1,1,512.0
Female,57,55_plus,GroupC,11300.0,8.3,41.2,417.0,0.2797,0,9800.0,1,urban,fulltime,0,0,0,537.0
Female,21,under_55,GroupB,23100.0,15.9,0.0,433.0,0.3952,0,17500.0,12,suburban,fulltime,0,0,0,463.0
Male,31,under_55,GroupA,24300.0,14.2,10.0,495.0,0.4335,1,15700.0,2,suburban,fulltime,0,0,0,484.0
Male,28,under_55,GroupA,25000.0,9.7,14.9,320.0,0.6524,4,11800.0,1,suburban,fulltime,1,0,0,300.0
Female,49,under_55,GroupA,24600.0,15.0,26.7,615.0,0.2424,1,26500.0,11,suburban,parttime,0,0,0,561.0
Male,38,under_55,GroupA,19600.0,11.8,20.6,514.0,0.2847,1,9000.0,0,rural,fulltime,1,0,0,508.0
Female,18,under_55,GroupB,21200.0,15.8,0.0,318.0,0.242,3,5700.0,4,urban,parttime,0,0,0,305.0
Male,56,55_plus,GroupA,31400.0,11.8,39.0,519.0,0.3459,1,17200.0,1,suburban,fulltime,0,0,0,534.0
Female,29,under_55,GroupA,15800.0,14.0,4.0,317.0,0.3682,2,17200.0,8,suburban,parttime,0,0,0,361.0
Female,33,under_55,GroupA,31300.0,14.8,11.1,538.0,0.3658,1,25500.0,15,suburban,fulltime,0,0,0,522.0
Male,36,under_55,GroupA,37400.0,15.7,8.4,758.0,0.0509,0,24900.0,4,urban,selfemployed,0,1,1,762.0
Female,78,55_plus,GroupA,8700.0,12.7,45.0,320.0,0.4384,4,5700.0,16,urban,fulltime,0,0,0,300.0
Female,36,under_55,GroupC,24800.0,14.5,13.6,495.0,0.2264,0,8500.0,20,urban,fulltime,0,0,1,682.0
Female,45,under_55,GroupA,23000.0,14.2,22.5,759.0,0.1307,0,17100.0,10,suburban,parttime,0,1,1,673.0
Female,28,under_55,GroupA,29500.0,14.9,8.4,531.0,0.4114,0,26500.0,7,suburban,fulltime,0,0,0,563.0
Female,32,under_55,GroupA,14700.0,14.5,7.1,300.0,0.5594,3,6900.0,14,rural,parttime,0,0,0,300.0
Female,67,55_plus,GroupA,27900.0,16.6,45.0,625.0,0.1506,0,11800.0,8,suburban,fulltime,0,0,1,627.0
Male,50,under_55,GroupA,43600.0,19.2,19.7,619.0,0.2462,1,23700.0,1,suburban,fulltime,0,1,1,633.0
Male,37,under_55,GroupB,39600.0,14.9,23.0,557.0,0.3796,1,10100.0,1,suburban,parttime,0,0,1,554.0
Female,63,55_plus,GroupA,17000.0,13.7,32.8,502.0,0.383,0,11400.0,8,rural,fulltime,0,0,0,507.0
Male,35,under_55,GroupC,27100.0,14.5,13.7,546.0,0.3445,0,25800.0,20,urban,fulltime,0,1,1,598.0
Female,18,under_55,GroupA,10500.0,15.4,0.0,328.0,0.5049,1,8400.0,12,suburban,parttime,0,0,0,322.0
Female,45,under_55,GroupB,36800.0,14.9,22.4,578.0,0.3416,0,11500.0,6,suburban,selfemployed,1,1,1,630.0
Male,46,under_55,GroupC,25400.0,12.7,23.4,530.0,0.1531,1,23300.0,0,urban,fulltime,0,0,0,563.0
Male,26,under_55,GroupA,43500.0,15.6,8.6,540.0,0.355,1,36300.0,1,suburban,fulltime,0,1,1,542.0
Male,53,under_55,GroupA,39900.0,14.0,33.3,595.0,0.3085,1,47300.0,9,suburban,fulltime,0,1,1,596.0
Male,41,under_55,GroupA,21600.0,13.5,23.4,602.0,0.2514,0,13300.0,3,suburban,selfemployed,0,1,1,599.0
Male,48,under_55,GroupA,36200.0,12.0,28.6,540.0,0.6292,0,38500.0,1,suburban,fulltime,0,1,1,546.0
Male,64,55_plus,GroupA,45900.0,16.5,41.2,738.0,0.2231,0,29600.0,0,rural,fulltime,0,1,1,737.0
Male,41,under_55,GroupA,24500.0,15.6,22.4,724.0,0.0757,0,4700.0,1,suburban,fulltime,0,1,1,728.0
Male,53,under_55,GroupB,43500.0,11.7,36.6,621.0,0.1805,1,11500.0,2,urban,fulltime,1,1,1,619.0
Male,45,under_55,GroupA,26100.0,8.0,29.8,591.0,0.4749,0,8900.0,2,rural,fulltime,0,0,0,581.0
Female,46,under_55,GroupC,13300.0,13.0,27.8,312.0,0.3205,4,5300.0,19,rural,fulltime,0,0,0,318.0
Female,63,55_plus,GroupA,25600.0,17.5,40.7,433.0,0.6513,0,17800.0,2,rural,parttime,1,0,0,447.0
Male,51,under_55,GroupB,33900.0,15.0,30.5,710.0,0.1563,0,15200.0,1,urban,fulltime,1,1,1,665.0
Male,53,under_55,GroupB,57100.0,17.2,27.7,495.0,0.8387,0,79800.0,1,suburban,fulltime,0,0,0,497.0
Female,66,55_plus,GroupA,34100.0,13.3,45.0,515.0,0.6769,0,12700.0,9,urban,parttime,0,0,0,554.0
Male,47,under_55,GroupA,45000.0,17.8,22.4,715.0,0.0764,0,25900.0,2,suburban,fulltime,0,1,1,725.0
Female,42,under_55,GroupC,30900.0,13.2,22.7,405.0,0.604,1,20200.0,2,suburban,selfemployed,0,0,0,484.0
Female,48,under_55,GroupA,36100.0,13.0,31.2,545.0,0.4787,1,40800.0,12,suburban,fulltime,0,0,0,494.0
Female,20,under_55,GroupA,10800.0,15.0,0.0,387.0,0.446,0,4500.0,17,rural,fulltime,0,0,0,372.0
Female,33,under_55,GroupC,8500.0,13.2,13.1,300.0,0.646,0,3400.0,11,urban,parttime,0,0,0,415.0
Male,57,55_plus,GroupC,22500.0,14.9,35.0,550.0,0.5001,0,30100.0,6,urban,selfemployed,0,0,0,536.0
Female,49,under_55,GroupC,22300.0,15.7,24.5,566.0,0.1609,0,10800.0,13,urban,fulltime,0,0,0,617.0
Male,52,under_55,GroupB,29000.0,12.6,33.2,639.0,0.2023,1,47200.0,0,urban,fulltime,0,0,0,590.0
Male,27,under_55,GroupA,52600.0,13.9,10.6,730.0,0.1712,0,44300.0,0,suburban,fulltime,0,1,1,728.0
Male,26,under_55,GroupB,53500.0,14.3,2.5,623.0,0.19,1,25300.0,3,rural,fulltime,0,1,1,604.0
Female,57,55_plus,GroupA,27800.0,11.6,38.2,744.0,0.0613,0,22800.0,12,suburban,fulltime,0,1,1,674.0
Male,30,under_55,GroupC,15500.0,10.4,15.2,434.0,0.5476,0,7300.0,1,urban,parttime,0,0,0,472.0
Male,22,under_55,GroupA,30200.0,12.1,11.1,609.0,0.3003,1,22700.0,1,urban,fulltime,0,1,1,610.0
Male,44,under_55,GroupB,18200.0,11.3,22.2,414.0,0.4692,1,10400.0,0,urban,fulltime,1,1,1,478.0
Male,37,under_55,GroupB,23500.0,14.3,17.8,509.0,0.6188,0,23900.0,2,rural,parttime,1,0,0,497.0
Female,46,under_55,GroupA,22200.0,12.4,29.6,467.0,0.4807,1,28900.0,12,suburban,fulltime,0,0,0,449.0
Male,62,55_plus,GroupA,28500.0,16.0,42.6,533.0,0.348,2,16500.0,19,suburban,fulltime,0,0,0,523.0
Male,27,under_55,GroupA,29600.0,19.4,2.6,478.0,0.5224,0,15500.0,2,urban,parttime,0,1,1,489.0
Female,29,under_55,GroupC,19900.0,13.2,9.8,377.0,0.8214,1,6600.0,11,urban,parttime,0,0,0,364.0
Male,39,under_55,GroupA,33700.0,13.4,20.2,410.0,0.8431,1,25900.0,2,suburban,fulltime,0,0,0,423.0
Female,32,under_55,GroupC,26800.0,15.7,4.6,549.0,0.2036,1,14500.0,17,suburban,selfemployed,1,0,0,510.0
Female,72,55_plus,GroupA,18200.0,14.4,45.0,478.0,0.4113,0,19300.0,9,suburban,fulltime,0,0,0,517.0
Female,30,under_55,GroupC,41800.0,13.8,9.2,619.0,0.2657,0,15900.0,2,urban,fulltime,0,1,1,641.0
Female,39,under_55,GroupA,26600.0,9.5,21.9,599.0,0.4435,0,7400.0,7,suburban,parttime,0,0,0,576.0
Male,23,under_55,GroupA,16500.0,13.8,0.9,397.0,0.328,1,14000.0,1,urban,fulltime,0,1,1,392.0
Male,27,under_55,GroupA,19700.0,9.8,15.1,551.0,0.0764,1,5900.0,3,rural,fulltime,0,1,1,559.0
Female,49,under_55,GroupA,28300.0,16.7,28.5,521.0,0.3064,1,11900.0,17,suburban,selfemployed,1,1,1,557.0
Male,72,55_plus,GroupC,48200.0,12.5,45.0,534.0,0.6253,0,53800.0,0,suburban,fulltime,0,0,0,537.0
Female,55,55_plus,GroupB,25900.0,16.7,29.9,588.0,0.3084,1,7500.0,17,urban,fulltime,1,0,1,551.0
Male,42,under_55,GroupA,47500.0,18.7,16.5,711.0,0.2496,0,21300.0,5,suburban,fulltime,0,1,1,694.0
Female,42,under_55,GroupB,38400.0,11.6,25.0,497.0,0.6385,0,18000.0,0,suburban,parttime,1,0,0,573.0
Male,36,under_55,GroupA,53700.0,16.0,13.0,707.0,0.2358,0,14000.0,1,suburban,fulltime,1,1,1,700.0
Male,42,under_55,GroupA,18200.0,10.9,28.9,528.0,0.3207,0,7700.0,1,suburban,selfemployed,0,0,0,526.0
Male,51,under_55,GroupA,31800.0,14.0,32.2,573.0,0.4237,0,12000.0,0,suburban,fulltime,0,1,1,583.0
Female,48,under_55,GroupA,23400.0,13.3,31.0,671.0,0.1833,0,11200.0,7,rural,fulltime,0,0,1,639.0
Male,30,under_55,GroupB,33400.0,14.8,12.0,581.0,0.1787,0,57400.0,2,urban,fulltime,0,0,0,603.0
Female,23,under_55,GroupA,37500.0,15.4,8.4,590.0,0.2042,1,21600.0,14,suburban,fulltime,0,0,1,604.0
Female,41,under_55,GroupB,31300.0,14.3,19.8,500.0,0.2706,2,6100.0,10,urban,fulltime,0,1,1,503.0
Male,48,under_55,GroupB,23500.0,15.0,25.9,629.0,0.0907,1,15100.0,3,rural,fulltime,1,1,1,638.0
Female,35,under_55,GroupC,54200.0,17.7,15.7,784.0,0.3042,0,64100.0,9,rural,fulltime,0,1,1,695.0
Male,38,under_55,GroupA,25500.0,13.7,14.8,563.0,0.2218,1,8100.0,15,urban,fulltime,0,0,0,555.0
Male,33,under_55,GroupA,60600.0,15.6,14.2,649.0,0.3449,0,42500.0,0,suburban,fulltime,0,0,0,657.0
Female,58,55_plus,GroupC,31800.0,11.4,43.6,553.0,0.4767,0,11200.0,9,rural,fulltime,0,0,1,585.0
Male,50,under_55,GroupC,53800.0,13.7,27.3,755.0,0.2462,0,28900.0,0,suburban,fulltime,0,1,1,719.0
Male,53,under_55,GroupA,37800.0,17.7,30.1,547.0,0.2494,2,12300.0,5,rural,fulltime,0,1,1,559.0
Female,27,under_55,GroupA,55700.0,12.2,11.0,670.0,0.4408,0,28100.0,10,suburban,fulltime,0,0,1,673.0
Female,41,under_55,GroupB,23900.0,16.1,18.4,469.0,0.4801,1,19600.0,12,suburban,fulltime,0,0,0,428.0
Male,45,under_55,GroupA,33700.0,14.8,24.3,708.0,0.0533,0,36000.0,0,suburban,fulltime,0,0,0,719.0
Male,36,under_55,GroupA,51500.0,18.9,6.0,590.0,0.5285,0,50500.0,3,suburban,fulltime,0,0,0,587.0
Female,38,under_55,GroupA,27100.0,17.6,9.9,659.0,0.2864,0,16800.0,0,suburban,parttime,0,1,1,622.0
Male,47,under_55,GroupA,53900.0,13.9,18.5,769.0,0.0456,0,36800.0,1,rural,selfemployed,1,1,1,782.0
Male,37,under_55,GroupC,22500.0,13.2,19.3,700.0,0.1717,0,11500.0,2,urban,fulltime,0,1,1,645.0
Female,31,under_55,GroupA,17800.0,13.0,16.0,558.0,0.284,0,12200.0,12,rural,parttime,0,1,1,555.0
Female,40,under_55,GroupB,20200.0,14.5,20.3,628.0,0.1974,0,11500.0,1,urban,selfemployed,0,1,1,598.0
Female,23,under_55,GroupB,19500.0,11.6,9.3,391.0,0.3995,2,21100.0,19,suburban,fulltime,0,0,0,405.0
Female,39,under_55,GroupC,25300.0,10.5,23.3,419.0,0.4542,2,19200.0,0,urban,parttime,0,0,0,452.0
Male,43,under_55,GroupA,38000.0,15.5,25.9,590.0,0.2779,1,28600.0,0,suburban,fulltime,0,0,0,599.0
Male,23,under_55,GroupB,11000.0,8.9,16.4,344.0,0.5481,1,4300.0,0,urban,fulltime,0,0,0,361.0
Male,32,under_55,GroupA,26900.0,16.1,11.5,461.0,0.4125,2,27000.0,5,suburban,parttime,0,0,0,459.0
Male,42,under_55,GroupB,19100.0,8.0,30.5,526.0,0.1511,1,10300.0,2,urban,selfemployed,0,0,0,588.0
Male,27,under_55,GroupA,48300.0,13.5,9.5,596.0,0.3769,1,24600.0,2,suburban,fulltime,0,0,0,592.0
Female,39,under_55,GroupA,23500.0,17.1,14.8,471.0,0.6099,1,7800.0,2,suburban,selfemployed,0,0,0,477.0
Male,32,under_55,GroupB,57200.0,17.4,13.0,707.0,0.204,0,23300.0,0,suburban,fulltime,0,1,1,756.0
Female,37,under_55,GroupC,13600.0,13.6,15.9,361.0,0.6465,2,8100.0,15,urban,parttime,0,0,0,375.0
Male,18,under_55,GroupA,19400.0,13.5,1.8,453.0,0.3029,0,8100.0,2,suburban,selfemployed,1,0,0,470.0
Female,32,under_55,GroupA,27000.0,17.4,8.0,472.0,0.2598,1,27600.0,3,urban,selfemployed,0,0,0,478.0
Male,55,55_plus,GroupA,52000.0,12.7,40.3,737.0,0.0804,0,20300.0,16,suburban,fulltime,0,1,1,733.0
Male,55,55_plus,GroupA,33800.0,17.2,37.6,526.0,0.4132,0,43100.0,2,urban,fulltime,0,0,0,532.0
Male,42,under_55,GroupB,14400.0,14.0,17.0,300.0,0.6208,2,3100.0,1,urban,fulltime,1,0,0,306.0
Female,48,under_55,GroupA,18300.0,15.8,23.1,604.0,0.2696,1,8700.0,2,urban,parttime,0,0,0,515.0
Male,36,under_55,GroupB,24700.0,13.9,17.5,518.0,0.2622,1,8300.0,2,suburban,fulltime,0,0,0,535.0
Female,69,55_plus,GroupA,19300.0,12.2,45.0,556.0,0.2243,0,5800.0,9,suburban,selfemployed,0,1,1,609.0
Female,34,under_55,GroupA,22400.0,16.2,12.6,395.0,0.6014,2,15900.0,12,suburban,parttime,0,0,0,416.0
Male,60,55_plus,GroupB,24800.0,11.0,42.3,613.0,0.4374,0,13300.0,1,urban,fulltime,0,0,0,564.0
Male,51,under_55,GroupA,52300.0,16.6,28.0,724.0,0.0793,0,46200.0,1,suburban,parttime,1,1,1,718.0
Male,22,under_55,GroupB,44900.0,12.1,3.1,729.0,0.1695,0,16600.0,2,urban,fulltime,0,0,0,700.0
Male,44,under_55,GroupB,19200.0,9.9,28.3,607.0,0.4332,0,7600.0,4,urban,fulltime,0,0,0,553.0
Male,54,under_55,GroupA,31700.0,14.0,32.9,622.0,0.3096,0,14900.0,1,suburban,parttime,0,1,1,645.0
Female,46,under_55,GroupC,21200.0,11.0,30.8,601.0,0.236,0,7900.0,15,urban,fulltime,0,1,1,591.0
Male,41,under_55,GroupA,23900.0,15.0,18.4,677.0,0.0817,0,10100.0,0,rural,fulltime,0,1,1,679.0
Female,68,55_plus,GroupA,20700.0,17.2,45.0,548.0,0.2038,1,4900.0,12,suburban,fulltime,0,0,0,577.0
Male,31,under_55,GroupA,43100.0,19.9,11.2,625.0,0.3369,0,13800.0,17,urban,fulltime,0,1,1,620.0
Male,21,under_55,GroupA,41700.0,15.3,0.0,450.0,0.7829,0,25000.0,2,urban,fulltime,0,0,0,443.0
Male,37,under_55,GroupC,49800.0,14.6,12.8,584.0,0.3152,1,29600.0,4,urban,fulltime,0,1,1,598.0
Female,32,under_55,GroupA,30600.0,13.8,13.2,638.0,0.4851,0,17100.0,11,urban,fulltime,0,1,1,594.0
Male,27,under_55,GroupB,33200.0,10.2,13.2,472.0,0.6697,1,15800.0,3,urban,fulltime,1,0,0,470.0
Male,44,under_55,GroupB,33300.0,13.2,28.2,480.0,0.4821,1,20100.0,1,urban,fulltime,0,0,0,467.0
Female,28,under_55,GroupA,19100.0,12.0,12.6,551.0,0.3043,0,13100.0,2,suburban,fulltime,1,0,0,560.0
Male,18,under_55,GroupA,32600.0,15.5,0.0,517.0,0.2774,0,18200.0,2,suburban,fulltime,0,0,0,526.0
Male,64,55_plus,GroupA,21300.0,14.1,42.7,607.0,0.2114,0,13700.0,13,suburban,fulltime,0,1,1,621.0
Male,37,under_55,GroupA,17700.0,15.6,12.5,483.0,0.4717,0,11100.0,12,suburban,selfemployed,1,0,0,476.0
Female,42,under_55,GroupB,18100.0,10.9,24.4,576.0,0.0907,1,8000.0,13,rural,fulltime,0,1,1,546.0
Male,53,under_55,GroupA,64000.0,16.9,32.0,611.0,0.5297,0,27400.0,1,rural,fulltime,0,1,1,605.0
Female,40,under_55,GroupA,25800.0,13.3,16.7,745.0,0.0617,0,17700.0,12,suburban,fulltime,1,0,1,698.0
Male,50,under_55,GroupA,25500.0,16.7,27.6,627.0,0.3991,0,28800.0,5,urban,selfemployed,0,1,1,616.0
Male,49,under_55,GroupA,63800.0,13.5,28.2,658.0,0.3507,0,40800.0,9,urban,fulltime,0,1,1,653.0
Male,18,under_55,GroupB,19400.0,11.5,0.0,511.0,0.2733,0,12300.0,3,urban,fulltime,1,0,0,478.0
Female,37,under_55,GroupA,18100.0,14.5,18.5,449.0,0.4251,1,10400.0,3,urban,selfemployed,0,1,1,487.0
Female,51,under_55,GroupC,27100.0,14.6,28.6,525.0,0.3937,1,20500.0,2,rural,fulltime,0,0,0,526.0
Male,19,under_55,GroupA,37800.0,13.2,0.0,586.0,0.3634,0,18800.0,3,suburban,selfemployed,0,0,0,581.0
Female,57,55_plus,GroupB,27100.0,15.0,37.2,592.0,0.1708,1,16200.0,7,suburban,parttime,1,0,0,612.0
Male,18,under_55,GroupC,32800.0,12.9,4.0,569.0,0.2947,0,36700.0,1,suburban,parttime,0,0,1,572.0
Male,68,55_plus,GroupA,45700.0,16.0,45.0,593.0,0.5584,0,27600.0,3,urban,selfemployed,0,1,1,603.0
Male,51,under_55,GroupC,36100.0,12.4,33.3,616.0,0.2003,0,9300.0,1,urban,fulltime,0,1,1,660.0
Male,48,under_55,GroupA,30300.0,11.2,33.4,372.0,0.6422,2,12200.0,0,suburban,fulltime,0,0,0,388.0
Male,53,under_55,GroupA,26100.0,12.9,36.7,598.0,0.2176,0,20900.0,17,suburban,fulltime,0,0,0,583.0
Male,49,under_55,GroupC,30400.0,11.6,31.8,543.0,0.3357,1,12800.0,2,urban,fulltime,0,0,0,548.0
Female,41,under_55,GroupA,34300.0,8.6,28.9,608.0,0.2179,1,26800.0,13,urban,fulltime,0,0,0,609.0
Male,31,under_55,GroupA,32800.0,13.2,14.4,556.0,0.4885,0,30300.0,5,suburban,fulltime,1,1,1,571.0
Male,31,under_55,GroupA,38500.0,15.5,13.1,463.0,0.6024,2,30700.0,1,suburban,selfemployed,0,1,1,451.0
Male,45,under_55,GroupA,48000.0,12.0,28.1,613.0,0.3648,0,44000.0,1,suburban,fulltime,0,1,1,615.0
Male,58,55_plus,GroupC,35600.0,14.0,43.7,656.0,0.2275,0,25000.0,5,urban,fulltime,0,1,1,679.0
Female,29,under_55,GroupC,10200.0,9.6,13.9,549.0,0.2513,0,4700.0,19,urban,parttime,0,0,1,530.0
Male,63,55_plus,GroupA,22400.0,12.8,40.9,626.0,0.1672,0,7300.0,8,rural,fulltime,0,0,1,624.0
Female,37,under_55,GroupB,39800.0,12.9,18.3,720.0,0.2125,0,23500.0,2,suburban,fulltime,0,1,1,660.0
Male,22,under_55,GroupB,20600.0,13.4,6.9,421.0,0.489,1,9600.0,1,urban,fulltime,1,0,0,422.0
Male,36,under_55,GroupA,37600.0,13.1,19.5,485.0,0.5708,1,34800.0,0,suburban,fulltime,1,1,1,475.0
Male,53,under_55,GroupA,42700.0,16.9,28.7,616.0,0.3762,0,37300.0,1,rural,fulltime,0,1,1,622.0
Female,55,55_plus,GroupB,24700.0,17.3,35.9,669.0,0.1182,0,8000.0,11,urban,fulltime,1,0,1,661.0
Female,43,under_55,GroupA,16400.0,13.7,20.4,404.0,0.4339,1,4700.0,3,urban,parttime,1,0,0,444.0
Male,47,under_55,GroupA,26900.0,10.8,29.7,465.0,0.5363,1,9900.0,7,suburban,fulltime,0,0,0,442.0
Female,54,under_55,GroupA,37400.0,14.7,34.9,600.0,0.2967,0,7800.0,4,urban,fulltime,0,1,1,647.0
Female,66,55_plus,GroupA,22700.0,17.2,41.0,569.0,0.346,1,18800.0,18,urban,fulltime,0,0,1,568.0
Female,26,under_55,GroupA,28100.0,14.4,5.8,403.0,0.8081,1,14500.0,0,suburban,fulltime,0,0,0,369.0
Female,51,under_55,GroupA,23100.0,10.7,31.1,613.0,0.2896,1,14600.0,10,suburban,fulltime,0,0,1,570.0
Female,59,55_plus,GroupC,11000.0,9.7,40.6,300.0,0.6151,2,9600.0,10,urban,parttime,0,0,0,300.0
Male,32,under_55,GroupB,27600.0,9.5,14.8,579.0,0.438,0,28500.0,0,rural,fulltime,0,0,0,603.0
Male,27,under_55,GroupA,14800.0,13.5,8.1,453.0,0.5927,0,5500.0,0,suburban,fulltime,0,0,0,432.0
Male,52,under_55,GroupB,33300.0,14.9,32.3,743.0,0.2628,0,18200.0,1,suburban,fulltime,0,1,1,681.0
Male,36,under_55,GroupB,12400.0,8.0,19.8,451.0,0.3786,2,2600.0,1,urban,fulltime,0,0,0,401.0
Male,39,under_55,GroupB,13500.0,9.2,28.2,331.0,0.7312,1,5200.0,5,suburban,fulltime,1,0,0,342.0
Male,28,under_55,GroupB,22500.0,11.5,8.9,661.0,0.4564,0,12600.0,0,urban,fulltime,0,0,0,536.0
Male,54,under_55,GroupB,30200.0,19.6,32.1,530.0,0.5411,0,14400.0,2,suburban,parttime,0,1,1,537.0
Male,45,under_55,GroupA,26200.0,14.3,22.5,370.0,0.7056,2,15200.0,0,suburban,parttime,0,0,0,375.0
Female,71,55_plus,GroupB,14100.0,10.3,45.0,439.0,0.5043,0,3300.0,9,urban,parttime,0,0,0,448.0
Female,51,under_55,GroupA,20400.0,14.2,26.1,602.0,0.2805,0,5900.0,4,suburban,fulltime,0,1,1,585.0
Male,42,under_55,GroupB,24500.0,13.6,25.1,447.0,0.4947,1,14200.0,0,suburban,selfemployed,0,0,0,485.0
Male,60,55_plus,GroupA,29300.0,18.9,34.7,583.0,0.2627,1,30200.0,0,urban,fulltime,1,1,1,569.0
Male,40,under_55,GroupB,33600.0,15.0,19.2,577.0,0.4394,0,9400.0,10,urban,fulltime,0,1,1,615.0
Male,56,55_plus,GroupB,19900.0,13.2,38.3,595.0,0.2004,1,10900.0,11,suburban,fulltime,0,0,0,571.0
Male,59,55_plus,GroupA,33200.0,12.6,43.1,515.0,0.5714,1,22700.0,0,urban,fulltime,0,0,0,513.0
Male,33,under_55,GroupA,37300.0,13.6,12.4,628.0,0.4868,0,25800.0,2,suburban,fulltime,0,1,1,614.0
Male,38,under_55,GroupB,25300.0,10.4,22.1,640.0,0.133,1,12800.0,1,urban,fulltime,0,0,0,641.0
Male,54,under_55,GroupB,67900.0,10.3,29.8,689.0,0.2973,0,55200.0,1,urban,fulltime,0,1,1,676.0
Male,36,under_55,GroupA,31200.0,15.1,9.0,627.0,0.3207,0,7100.0,0,urban,fulltime,1,1,1,640.0
Male,26,under_55,GroupA,23800.0,12.3,9.1,488.0,0.3058,2,19100.0,2,urban,fulltime,0,0,0,497.0
Male,42,under_55,GroupA,38300.0,17.7,19.9,581.0,0.5527,0,37700.0,8,urban,fulltime,0,1,1,552.0
Male,41,under_55,GroupA,42500.0,11.7,23.7,723.0,0.1555,0,21400.0,5,rural,fulltime,1,1,1,705.0
Male,40,under_55,GroupA,29800.0,18.0,15.0,424.0,0.7513,0,22600.0,7,suburban,fulltime,0,0,0,431.0
Male,61,55_plus,GroupB,27800.0,15.6,38.4,586.0,0.3715,0,19300.0,1,urban,fulltime,0,1,1,596.0
Male,46,under_55,GroupB,26300.0,13.3,28.8,603.0,0.1684,1,15400.0,3,suburban,fulltime,0,0,0,604.0
Male,44,under_55,GroupB,37800.0,19.7,20.9,411.0,0.5349,1,36500.0,2,suburban,fulltime,0,0,0,486.0
Female,39,under_55,GroupA,21100.0,13.0,23.2,300.0,0.831,1,9400.0,0,suburban,fulltime,0,0,0,325.0
Male,78,55_plus,GroupA,30400.0,16.1,45.0,668.0,0.0508,0,25200.0,0,urban,fulltime,0,1,1,664.0
Female,38,under_55,GroupB,27400.0,14.6,15.1,580.0,0.3139,0,18000.0,1,urban,fulltime,0,0,0,625.0
Female,42,under_55,GroupA,16600.0,13.7,28.7,603.0,0.1273,0,6800.0,2,urban,parttime,0,0,1,597.0
Male,49,under_55,GroupC,34100.0,14.7,25.6,525.0,0.5701,1,22100.0,2,urban,selfemployed,0,0,1,496.0
Male,48,under_55,GroupA,17400.0,14.6,29.0,426.0,0.6732,0,7700.0,0,suburban,parttime,0,0,0,408.0
Female,34,under_55,GroupC,15200.0,14.5,10.8,574.0,0.3466,1,8100.0,1,urban,fulltime,1,0,0,521.0
Male,45,under_55,GroupA,40800.0,14.9,20.7,523.0,0.3938,1,40700.0,4,suburban,fulltime,0,1,1,536.0
Male,59,55_plus,GroupB,22700.0,18.4,38.2,597.0,0.2867,1,22600.0,12,urban,fulltime,1,0,0,549.0
Male,36,under_55,GroupA,50300.0,12.4,18.6,746.0,0.0658,0,28100.0,0,urban,selfemployed,0,1,1,758.0
Female,18,under_55,GroupB,20900.0,10.2,4.3,634.0,0.3304,0,21100.0,10,urban,fulltime,0,0,0,544.0
Male,50,under_55,GroupC,24200.0,12.2,32.7,486.0,0.6686,0,16500.0,4,rural,fulltime,1,0,0,460.0
Male,46,under_55,GroupA,38200.0,14.2,23.8,644.0,0.3153,0,11300.0,0,suburban,fulltime,0,1,1,623.0
Male,46,under_55,GroupA,51400.0,15.4,25.4,574.0,0.5418,1,41200.0,0,suburban,fulltime,0,1,1,573.0
Female,31,under_55,GroupB,17400.0,8.9,13.9,300.0,0.7279,3,7400.0,13,urban,parttime,0,0,0,300.0
Female,33,under_55,GroupC,32900.0,18.7,11.7,605.0,0.1393,1,12900.0,12,urban,parttime,0,0,0,614.0
Female,47,under_55,GroupA,20400.0,10.7,29.7,439.0,0.5769,1,6300.0,14,suburban,fulltime,0,0,0,427.0
Male,26,under_55,GroupA,18600.0,14.7,8.4,510.0,0.239,1,10500.0,1,suburban,fulltime,0,1,1,524.0
Female,60,55_plus,GroupB,26100.0,11.9,42.2,605.0,0.3594,0,23000.0,14,suburban,fulltime,0,0,0,609.0
Male,71,55_plus,GroupA,22600.0,15.1,45.0,526.0,0.2659,2,15000.0,4,urban,fulltime,1,0,0,512.0
Female,51,under_55,GroupA,11200.0,10.0,36.8,571.0,0.1777,0,8600.0,0,urban,parttime,0,1,1,553.0
Male,27,under_55,GroupC,24500.0,12.5,5.7,495.0,0.4129,0,12900.0,1,suburban,fulltime,1,0,0,485.0
Male,63,55_plus,GroupA,14400.0,13.0,45.0,451.0,0.3073,2,10100.0,2,suburban,fulltime,0,1,1,435.0
Female,39,under_55,GroupA,35700.0,12.6,15.9,574.0,0.4251,0,22100.0,12,suburban,fulltime,1,1,1,545.0
Male,45,under_55,GroupB,44400.0,13.4,33.5,572.0,0.5083,0,21800.0,2,suburban,fulltime,0,1,1,594.0
Female,49,under_55,GroupA,44800.0,14.5,30.1,670.0,0.1635,0,35600.0,6,suburban,fulltime,0,0,1,719.0
Male,51,under_55,GroupB,17800.0,13.3,30.0,505.0,0.3837,1,7900.0,1,urban,fulltime,0,0,0,490.0
Male,59,55_plus,GroupC,25800.0,14.4,36.0,697.0,0.0259,0,22000.0,2,urban,fulltime,0,0,0,717.0
Female,67,55_plus,GroupA,21200.0,14.1,44.8,495.0,0.6004,0,19900.0,1,suburban,fulltime,0,0,0,475.0
Female,59,55_plus,GroupB,24400.0,14.8,36.8,503.0,0.247,1,10300.0,8,rural,fulltime,1,0,0,504.0
Male,50,under_55,GroupA,19100.0,13.7,31.8,509.0,0.5092,0,13700.0,1,suburban,fulltime,0,0,0,533.0
Male,44,under_55,GroupA,29600.0,15.1,24.7,664.0,0.0891,0,12500.0,3,suburban,selfemployed,1,1,1,670.0
Female,44,under_55,GroupA,45700.0,16.2,19.3,572.0,0.504,1,22900.0,1,suburban,fulltime,0,0,1,544.0
Male,18,under_55,GroupA,30300.0,16.5,0.0,300.0,0.7754,2,19400.0,0,suburban,fulltime,0,0,0,300.0
Male,47,under_55,GroupA,38300.0,11.6,33.9,632.0,0.1432,1,14400.0,1,suburban,fulltime,0,1,1,631.0
Female,29,under_55,GroupB,24200.0,15.0,10.0,676.0,0.142,0,10900.0,19,urban,parttime,0,1,1,648.0
Female,31,under_55,GroupA,23100.0,15.1,7.7,573.0,0.2057,1,14000.0,12,urban,fulltime,0,0,0,563.0
Female,45,under_55,GroupA,16000.0,14.0,24.7,534.0,0.212,0,7700.0,12,rural,fulltime,0,0,0,576.0
Female,32,under_55,GroupA,39600.0,12.3,15.8,682.0,0.1886,0,11700.0,8,suburban,fulltime,0,0,1,708.0
Female,43,under_55,GroupA,43500.0,12.3,29.6,619.0,0.3006,0,12600.0,8,suburban,parttime,0,1,1,653.0
Male,57,55_plus,GroupA,53000.0,17.5,31.4,678.0,0.399,0,65400.0,2,suburban,fulltime,1,1,1,684.0
Female,42,under_55,GroupA,16200.0,10.8,23.5,463.0,0.3594,2,6900.0,10,rural,fulltime,1,0,0,439.0
Male,63,55_plus,GroupC,19900.0,11.6,45.0,676.0,0.0596,0,14500.0,1,rural,fulltime,0,1,1,697.0
Male,24,under_55,GroupB,32200.0,16.5,0.0,477.0,0.3646,0,16400.0,1,urban,parttime,0,1,1,504.0
Male,38,under_55,GroupA,24400.0,15.6,11.2,435.0,0.59,1,14500.0,1,urban,selfemployed,0,0,0,420.0
Male,29,under_55,GroupA,60200.0,14.4,8.7,590.0,0.3777,1,71000.0,1,rural,selfemployed,0,1,1,601.0
Female,56,55_plus,GroupA,29400.0,12.5,31.7,528.0,0.1198,2,24400.0,12,suburban,fulltime,0,0,0,586.0
Male,46,under_55,GroupA,50300.0,13.5,26.4,599.0,0.5798,0,27900.0,1,suburban,fulltime,0,1,1,617.0
Male,58,55_plus,GroupA,38100.0,18.6,37.8,615.0,0.2282,0,25200.0,0,rural,fulltime,0,1,1,622.0
Female,58,55_plus,GroupA,26400.0,15.1,41.7,442.0,0.5781,1,30400.0,8,suburban,parttime,0,0,0,434.0
Male,22,under_55,GroupA,24200.0,15.3,0.0,440.0,0.34,0,7600.0,1,suburban,fulltime,0,1,1,438.0
Female,47,under_55,GroupC,29800.0,10.6,29.5,646.0,0.1769,1,9700.0,12,urban,fulltime,0,1,1,608.0
Male,46,under_55,GroupA,42300.0,12.9,26.9,641.0,0.3793,0,12900.0,1,suburban,fulltime,0,1,1,664.0
Male,42,under_55,GroupC,20800.0,8.2,31.4,500.0,0.5296,0,8100.0,12,urban,selfemployed,0,0,0,488.0
Female,52,under_55,GroupB,17300.0,13.9,31.0,382.0,0.4635,2,12200.0,9,urban,parttime,1,0,0,384.0
Male,61,55_plus,GroupB,20800.0,14.3,38.5,472.0,0.3661,1,10300.0,1,urban,fulltime,0,0,0,531.0
Male,32,under_55,GroupA,18100.0,15.9,17.8,503.0,0.4714,1,11600.0,4,urban,fulltime,0,0,0,485.0
Male,49,under_55,GroupB,33500.0,9.3,31.3,499.0,0.6079,1,20200.0,0,suburban,fulltime,0,0,0,494.0
Male,41,under_55,GroupA,43100.0,18.5,16.4,631.0,0.5122,0,54400.0,2,suburban,fulltime,0,1,1,628.0
Female,39,under_55,GroupB,23500.0,12.5,20.6,664.0,0.2997,0,14600.0,16,suburban,selfemployed,0,1,1,596.0
Male,45,under_55,GroupB,29400.0,17.4,22.6,587.0,0.2332,0,18100.0,4,urban,fulltime,0,1,1,576.0
Female,55,55_plus,GroupB,21300.0,12.7,40.6,665.0,0.154,0,17800.0,1,urban,selfemployed,0,0,1,640.0
Female,37,under_55,GroupA,18300.0,14.7,10.5,465.0,0.5562,0,10800.0,3,suburban,parttime,0,1,1,470.0
Female,50,under_55,GroupB,24100.0,11.4,36.8,603.0,0.1031,1,33800.0,2,rural,selfemployed,0,0,0,570.0
Male,47,under_55,GroupB,33000.0,18.1,21.2,564.0,0.5891,0,28000.0,2,urban,fulltime,1,0,0,530.0
Female,32,under_55,GroupA,20900.0,12.2,13.1,381.0,0.95,1,14200.0,0,suburban,fulltime,0,0,0,351.0
Male,46,under_55,GroupA,24800.0,14.6,24.3,368.0,0.8508,1,18900.0,1,rural,fulltime,0,0,0,369.0
Female,35,under_55,GroupA,17600.0,14.9,16.3,417.0,0.7268,1,8600.0,10,urban,parttime,0,0,0,360.0
Female,37,under_55,GroupC,18300.0,14.4,19.3,364.0,0.7012,1,4300.0,16,suburban,fulltime,0,0,0,358.0
Female,19,under_55,GroupC,16500.0,12.1,0.0,530.0,0.2124,1,18200.0,18,urban,selfemployed,0,0,0,457.0
Male,44,under_55,GroupB,26300.0,12.5,28.5,430.0,0.555,1,67800.0,1,suburban,fulltime,0,1,1,486.0
Female,67,55_plus,GroupB,14600.0,10.6,45.0,473.0,0.4677,1,6900.0,8,urban,fulltime,0,0,0,432.0
Female,67,55_plus,GroupA,40700.0,11.4,45.0,601.0,0.4942,0,39600.0,10,suburban,fulltime,0,0,0,611.0
Male,60,55_plus,GroupA,28900.0,13.5,35.8,533.0,0.4651,1,10100.0,6,suburban,fulltime,0,1,1,535.0
Male,46,under_55,GroupA,25300.0,14.3,31.9,576.0,0.519,0,14600.0,1,suburban,fulltime,0,1,1,558.0
Male,63,55_plus,GroupA,29200.0,14.5,44.7,410.0,0.4431,2,18300.0,8,suburban,fulltime,0,0,0,424.0
Male,51,under_55,GroupA,26400.0,13.1,32.0,677.0,0.1295,1,11400.0,2,suburban,fulltime,0,1,1,668.0
Female,41,under_55,GroupA,65100.0,12.7,22.6,599.0,0.5703,0,20500.0,6,urban,fulltime,0,1,1,627.0
Male,21,under_55,GroupA,35600.0,14.2,0.1,382.0,0.5634,1,26000.0,1,suburban,fulltime,0,0,0,378.0
Male,31,under_55,GroupA,36600.0,12.8,13.7,463.0,0.5811,1,25800.0,2,suburban,fulltime,0,0,0,477.0
Female,58,55_plus,GroupA,32300.0,14.9,38.6,457.0,0.4611,1,20100.0,1,urban,parttime,0,1,1,522.0
Female,44,under_55,GroupB,16400.0,13.9,21.6,523.0,0.23,1,11500.0,13,urban,fulltime,1,0,0,495.0
Female,36,under_55,GroupA,17900.0,16.5,17.8,589.0,0.049,0,11400.0,7,rural,parttime,0,1,1,663.0
Male,51,under_55,GroupA,47800.0,12.3,27.7,682.0,0.173,0,35400.0,1,urban,fulltime,0,1,1,663.0
Female,45,under_55,GroupA,16800.0,13.3,23.4,430.0,0.4601,2,10800.0,18,suburban,parttime,0,0,0,424.0
Female,61,55_plus,GroupA,32600.0,19.2,38.0,426.0,0.3412,3,8700.0,12,rural,selfemployed,0,0,1,428.0
Female,61,55_plus,GroupC,14400.0,12.4,42.3,348.0,0.6953,4,6300.0,12,urban,parttime,0,0,0,300.0
Female,45,under_55,GroupB,19100.0,17.5,18.9,524.0,0.4347,0,7600.0,12,urban,fulltime,0,1,1,495.0
Male,48,under_55,GroupA,27400.0,16.1,22.9,640.0,0.2225,0,8200.0,1,urban,selfemployed,0,1,1,619.0
Female,38,under_55,GroupC,13600.0,12.0,22.3,464.0,0.3034,2,9400.0,10,urban,parttime,0,0,0,432.0
Male,44,under_55,GroupA,45500.0,16.3,23.0,679.0,0.1936,0,33600.0,1,urban,fulltime,0,1,1,675.0
Male,53,under_55,GroupA,19000.0,10.2,34.7,528.0,0.3116,1,7700.0,0,suburban,fulltime,0,0,0,540.0
Male,36,under_55,GroupA,30100.0,17.3,12.9,489.0,0.4897,2,18400.0,2,urban,fulltime,1,0,0,484.0
Male,30,under_55,GroupA,26500.0,17.7,2.4,497.0,0.3418,0,6200.0,1,suburban,fulltime,1,0,0,493.0
Male,38,under_55,GroupA,47500.0,15.1,18.1,540.0,0.489,1,16200.0,9,rural,fulltime,0,1,1,551.0
Male,41,under_55,GroupA,24900.0,15.5,19.8,629.0,0.1864,0,16500.0,1,suburban,fulltime,0,1,1,624.0
Male,43,under_55,GroupB,29300.0,12.1,25.4,377.0,0.427,3,14700.0,2,urban,fulltime,0,0,0,411.0
Male,31,under_55,GroupB,13400.0,10.5,17.0,545.0,0.2361,1,5900.0,1,urban,parttime,0,1,1,517.0
Male,61,55_plus,GroupA,39700.0,13.5,45.0,645.0,0.4,0,11100.0,1,urban,fulltime,0,1,1,641.0
Male,54,under_55,GroupA,45500.0,15.9,32.3,737.0,0.2147,0,13400.0,0,rural,fulltime,0,1,1,724.0
Male,35,under_55,GroupA,47100.0,15.6,17.5,546.0,0.7228,0,28900.0,0,suburban,fulltime,1,0,0,525.0
Male,33,under_55,GroupB,50800.0,18.3,11.1,666.0,0.2447,0,23100.0,0,urban,parttime,0,1,1,691.0
Male,55,55_plus,GroupB,25100.0,14.0,33.2,525.0,0.3554,1,16000.0,11,urban,selfemployed,0,0,0,512.0
Male,23,under_55,GroupC,17100.0,12.2,1.4,440.0,0.3067,1,7400.0,2,suburban,fulltime,0,0,0,393.0
Male,55,55_plus,GroupA,42800.0,13.7,30.4,705.0,0.1914,0,14100.0,1,suburban,selfemployed,0,1,1,708.0
Male,53,under_55,GroupA,20500.0,11.1,39.4,571.0,0.1551,1,25700.0,0,suburban,fulltime,0,0,0,596.0
Female,41,under_55,GroupA,14100.0,16.6,14.8,473.0,0.4734,0,6200.0,11,suburban,fulltime,1,0,0,478.0
Female,39,under_55,GroupA,18800.0,12.7,12.7,565.0,0.417,0,17500.0,10,urban,fulltime,0,0,0,529.0
Male,57,55_plus,GroupA,48200.0,13.0,40.0,704.0,0.136,0,24300.0,1,suburban,fulltime,0,0,1,698.0
Male,52,under_55,GroupC,35900.0,17.0,29.2,650.0,0.1157,0,40600.0,2,rural,fulltime,0,1,1,680.0
Male,53,under_55,GroupC,25400.0,13.1,30.0,536.0,0.1366,1,15300.0,0,rural,fulltime,0,0,0,576.0
Male,68,55_plus,GroupC,14900.0,9.3,45.0,360.0,0.4954,1,5100.0,3,urban,fulltime,1,0,0,415.0
Female,68,55_plus,GroupA,18300.0,11.2,44.8,461.0,0.4728,1,16400.0,5,rural,fulltime,0,0,0,443.0
Female,18,under_55,GroupA,11000.0,11.7,2.0,314.0,0.2519,3,3700.0,9,suburban,fulltime,1,0,0,310.0
Male,49,under_55,GroupA,43800.0,15.1,23.1,599.0,0.2805,1,38900.0,0,urban,selfemployed,1,1,1,594.0
Male,46,under_55,GroupB,47200.0,15.6,23.1,741.0,0.1605,0,83900.0,1,urban,fulltime,0,1,1,751.0
Male,54,under_55,GroupB,20600.0,8.0,40.2,714.0,0.1324,0,13400.0,1,urban,parttime,0,1,1,671.0
Female,50,under_55,GroupC,30000.0,16.1,30.5,431.0,0.3074,1,11100.0,12,urban,fulltime,0,0,0,547.0
Female,37,under_55,GroupA,40900.0,12.8,18.5,661.0,0.154,0,38100.0,10,rural,parttime,1,1,1,661.0
Female,68,55_plus,GroupC,27500.0,18.0,40.6,641.0,0.2883,0,13000.0,11,urban,fulltime,0,1,1,666.0
Male,46,under_55,GroupA,25400.0,12.7,28.0,423.0,0.5289,2,13400.0,1,urban,fulltime,0,0,0,415.0
Female,39,under_55,GroupA,12200.0,15.0,18.3,300.0,0.5212,3,5800.0,9,suburban,parttime,0,0,0,300.0
Female,45,under_55,GroupA,26400.0,17.1,20.0,500.0,0.3637,1,25400.0,13,suburban,parttime,0,0,1,515.0
Male,29,under_55,GroupA,26600.0,13.9,10.7,648.0,0.1958,0,16000.0,12,suburban,fulltime,0,1,1,636.0
Female,30,under_55,GroupA,32400.0,16.1,11.8,609.0,0.276,0,26500.0,18,suburban,parttime,0,0,0,630.0
Female,35,under_55,GroupB,16800.0,12.6,15.6,535.0,0.428,0,7900.0,11,urban,parttime,0,0,1,524.0
Female,18,under_55,GroupA,15400.0,13.2,0.0,391.0,0.2533,1,15700.0,7,urban,parttime,0,0,0,360.0
Female,46,under_55,GroupA,30100.0,11.5,26.2,620.0,0.2876,0,12300.0,11,urban,fulltime,0,0,0,598.0
Female,48,under_55,GroupA,22900.0,13.0,30.5,360.0,0.5026,2,14700.0,9,urban,parttime,0,0,0,377.0
Male,47,under_55,GroupA,30500.0,15.0,28.7,341.0,0.7519,2,9200.0,2,urban,fulltime,1,0,0,357.0
Female,19,under_55,GroupA,21000.0,11.8,2.2,507.0,0.1951,0,11000.0,9,suburban,fulltime,0,0,1,554.0
Male,36,under_55,GroupA,59100.0,16.2,16.2,744.0,0.1001,0,32900.0,0,suburban,fulltime,0,1,1,743.0
Male,31,under_55,GroupC,33000.0,16.3,12.8,581.0,0.4091,0,25200.0,2,urban,fulltime,0,0,0,584.0
Female,52,under_55,GroupC,22400.0,14.8,30.5,648.0,0.0868,1,9900.0,13,urban,fulltime,0,1,1,621.0
Female,47,under_55,GroupB,25200.0,12.5,26.5,540.0,0.1575,1,21900.0,16,urban,fulltime,0,0,0,601.0
Male,74,55_plus,GroupB,27100.0,13.4,45.0,456.0,0.7763,1,21100.0,4,urban,fulltime,0,0,0,413.0
Female,48,under_55,GroupC,14700.0,13.1,27.7,554.0,0.1972,0,6500.0,12,urban,fulltime,1,0,0,531.0
Female,49,under_55,GroupA,27500.0,18.2,27.1,643.0,0.3078,0,9900.0,16,suburban,fulltime,1,1,1,607.0
Female,46,under_55,GroupA,14300.0,15.2,22.2,466.0,0.4583,0,6000.0,2,suburban,parttime,0,0,1,466.0
Female,40,under_55,GroupB,27300.0,14.7,17.7,646.0,0.3314,0,11100.0,10,rural,selfemployed,0,1,1,617.0
Male,31,under_55,GroupB,24600.0,10.3,19.3,584.0,0.5178,0,20100.0,0,rural,fulltime,0,0,0,564.0
Female,43,under_55,GroupA,29500.0,14.2,22.5,524.0,0.3815,1,13300.0,11,rural,selfemployed,0,1,1,527.0
Female,57,55_plus,GroupA,25000.0,15.0,36.0,501.0,0.4462,1,21700.0,15,suburban,parttime,1,1,1,476.0
Male,42,under_55,GroupB,29100.0,12.9,24.4,628.0,0.4115,0,13100.0,15,rural,fulltime,0,1,1,642.0
Female,55,55_plus,GroupA,48900.0,17.2,26.8,582.0,0.5233,0,56200.0,2,urban,fulltime,0,0,0,618.0
Male,51,under_55,GroupB,24000.0,15.1,33.6,576.0,0.4079,0,18100.0,0,urban,fulltime,1,1,1,568.0
Female,18,under_55,GroupA,36200.0,14.1,0.0,487.0,0.2895,0,10900.0,11,urban,fulltime,0,0,0,514.0
Male,52,under_55,GroupA,46300.0,11.3,37.5,611.0,0.2736,1,9900.0,3,suburban,fulltime,0,1,1,601.0
Male,49,under_55,GroupB,23200.0,16.1,27.3,547.0,0.1125,0,13300.0,1,urban,fulltime,0,1,1,622.0
Male,46,under_55,GroupB,25400.0,16.3,22.9,668.0,0.1706,0,11600.0,1,suburban,fulltime,1,0,1,656.0
Male,51,under_55,GroupA,74200.0,16.2,25.8,686.0,0.3987,0,81200.0,1,suburban,selfemployed,0,1,1,690.0
Female,35,under_55,GroupA,18600.0,12.3,18.0,583.0,0.3231,0,17000.0,12,urban,fulltime,1,1,1,564.0
Male,47,under_55,GroupB,15900.0,10.9,35.4,300.0,0.6482,3,6400.0,6,suburban,selfemployed,0,0,0,300.0
Female,53,under_55,GroupB,13400.0,16.1,29.0,626.0,0.3427,0,11200.0,12,rural,parttime,0,0,0,468.0
Male,30,under_55,GroupA,37900.0,16.7,8.2,502.0,0.2723,3,14200.0,1,suburban,fulltime,0,0,0,491.0
Male,31,under_55,GroupA,25100.0,14.2,6.8,410.0,0.5147,2,9200.0,2,suburban,fulltime,1,0,0,384.0
Female,34,under_55,GroupA,24600.0,14.3,5.1,614.0,0.1511,0,18300.0,14,urban,parttime,0,1,1,643.0
Female,34,under_55,GroupB,28600.0,15.9,12.3,439.0,0.4971,1,30700.0,1,urban,parttime,1,0,0,470.0
Male,56,55_plus,GroupB,14100.0,12.8,33.2,300.0,0.8862,0,9200.0,4,urban,fulltime,1,0,0,304.0
Female,36,under_55,GroupB,42700.0,13.2,13.9,732.0,0.0448,0,27200.0,8,urban,fulltime,0,1,1,781.0
Female,26,under_55,GroupA,23100.0,15.9,3.5,561.0,0.2991,0,15000.0,2,urban,fulltime,0,0,0,503.0
Female,49,under_55,GroupC,31300.0,12.7,26.3,530.0,0.7711,0,17000.0,10,suburban,fulltime,1,0,1,471.0
Female,34,under_55,GroupA,26800.0,14.5,14.7,552.0,0.3415,0,13000.0,3,suburban,fulltime,0,1,1,589.0
Male,47,under_55,GroupA,62600.0,19.1,19.9,694.0,0.2543,0,70100.0,2,suburban,fulltime,0,1,1,703.0
Female,60,55_plus,GroupA,18600.0,11.1,43.1,593.0,0.1089,0,9200.0,15,rural,selfemployed,0,1,1,612.0
Male,36,under_55,GroupC,47300.0,14.1,13.2,572.0,0.3641,0,49500.0,2,urban,fulltime,0,1,1,622.0
Male,34,under_55,GroupA,38700.0,12.8,19.8,597.0,0.4895,0,17200.0,1,suburban,fulltime,1,0,0,593.0
Male,42,under_55,GroupA,36500.0,12.9,22.7,652.0,0.3305,0,35300.0,2,rural,parttime,0,1,1,644.0
Male,41,under_55,GroupA,41100.0,14.9,22.4,751.0,0.0892,0,45200.0,0,suburban,fulltime,1,1,1,734.0
Female,28,under_55,GroupB,27800.0,10.7,13.6,462.0,0.6184,0,16800.0,1,suburban,fulltime,0,0,0,471.0
Female,57,55_plus,GroupA,48700.0,17.5,31.4,479.0,0.8251,0,17200.0,10,rural,fulltime,0,1,1,509.0
Female,45,under_55,GroupB,13200.0,14.1,28.4,400.0,0.646,1,11700.0,16,suburban,selfemployed,0,0,0,385.0
Female,39,under_55,GroupB,14900.0,15.4,16.8,351.0,0.5461,1,9100.0,0,suburban,fulltime,0,0,0,431.0
Male,40,under_55,GroupA,32200.0,13.8,20.0,614.0,0.3617,0,27400.0,1,suburban,fulltime,1,1,1,613.0
Female,46,under_55,GroupB,47800.0,17.1,24.2,703.0,0.1215,0,94200.0,13,suburban,fulltime,1,0,0,725.0
Male,50,under_55,GroupC,40800.0,17.3,26.2,660.0,0.3633,0,45000.0,3,urban,fulltime,0,0,0,657.0
Female,28,under_55,GroupB,13200.0,10.8,17.2,333.0,0.6427,4,10000.0,15,urban,parttime,0,0,0,300.0
Female,70,55_plus,GroupB,19500.0,12.7,45.0,713.0,0.1445,0,15400.0,2,suburban,parttime,0,0,0,607.0
Male,45,under_55,GroupB,32100.0,14.0,29.8,658.0,0.1149,0,9800.0,2,urban,fulltime,0,1,1,677.0
Male,30,under_55,GroupB,36600.0,17.9,4.1,506.0,0.5105,1,29500.0,1,urban,fulltime,1,0,0,469.0
Male,28,under_55,GroupB,44000.0,14.3,11.1,673.0,0.2976,0,17700.0,2,urban,fulltime,0,1,1,660.0
Female,39,under_55,GroupA,28100.0,17.1,21.9,630.0,0.1499,0,29300.0,18,suburban,parttime,0,1,1,677.0
Female,37,under_55,GroupB,17300.0,12.0,17.0,300.0,0.8406,3,14100.0,13,rural,fulltime,1,0,0,300.0
Female,23,under_55,GroupC,19300.0,13.0,0.0,371.0,0.6994,0,14400.0,11,urban,fulltime,1,0,0,330.0
Female,34,under_55,GroupA,35900.0,18.6,8.5,552.0,0.4273,0,38100.0,11,urban,fulltime,0,1,1,592.0
Male,52,under_55,GroupA,27800.0,13.3,32.7,683.0,0.1208,0,20700.0,2,suburban,fulltime,1,1,1,672.0
Female,68,55_plus,GroupC,20700.0,14.6,45.0,465.0,0.7652,0,17700.0,20,urban,fulltime,0,0,0,455.0
Male,59,55_plus,GroupB,29300.0,12.1,36.4,542.0,0.2346,2,29300.0,0,urban,fulltime,0,1,1,514.0
Male,45,under_55,GroupA,25600.0,15.6,18.7,653.0,0.1938,0,14700.0,15,urban,fulltime,0,1,1,655.0
Male,42,under_55,GroupA,40200.0,12.6,24.7,687.0,0.1824,0,16000.0,0,suburban,parttime,0,1,1,695.0
Male,29,under_55,GroupC,23600.0,9.6,13.1,577.0,0.2017,0,14600.0,2,urban,fulltime,1,0,1,589.0
Male,39,under_55,GroupA,45800.0,16.8,18.1,691.0,0.2114,0,41400.0,1,urban,fulltime,0,1,1,661.0
Female,58,55_plus,GroupA,15300.0,11.5,40.7,319.0,0.884,2,6600.0,14,suburban,parttime,0,0,0,300.0
Male,33,under_55,GroupB,13900.0,14.9,15.2,358.0,0.5681,1,6700.0,18,urban,fulltime,1,0,0,402.0
Male,40,under_55,GroupC,52400.0,12.4,22.7,626.0,0.51,0,25300.0,1,rural,fulltime,1,1,1,646.0
Male,58,55_plus,GroupB,20800.0,13.3,34.2,612.0,0.1476,0,9300.0,0,urban,parttime,1,0,1,574.0
Male,18,under_55,GroupB,33100.0,16.5,0.0,514.0,0.4334,0,9100.0,0,suburban,fulltime,0,1,1,525.0
Male,52,under_55,GroupA,84800.0,18.8,24.9,736.0,0.3055,0,35800.0,0,urban,fulltime,0,1,1,741.0
Male,38,under_55,GroupA,53700.0,14.8,18.3,552.0,0.5869,0,9900.0,1,suburban,selfemployed,0,1,1,556.0
Female,24,under_55,GroupA,37500.0,13.1,5.9,606.0,0.2782,0,51400.0,26,suburban,selfemployed,1,1,1,638.0
Male,23,under_55,GroupC,30900.0,12.6,3.2,659.0,0.0988,0,38600.0,1,urban,fulltime,1,1,1,636.0
Male,62,55_plus,GroupB,26100.0,15.2,36.8,415.0,0.4993,2,9500.0,0,urban,fulltime,0,0,0,436.0
Male,44,under_55,GroupA,44700.0,14.4,25.5,691.0,0.2397,0,31500.0,2,urban,fulltime,0,0,0,671.0
Male,57,55_plus,GroupB,21800.0,10.9,40.3,569.0,0.1951,0,18200.0,4,urban,fulltime,0,0,0,579.0
Male,20,under_55,GroupB,29200.0,14.1,0.0,501.0,0.5211,0,26200.0,1,rural,selfemployed,0,0,0,487.0
Female,67,55_plus,GroupA,25800.0,15.7,44.1,590.0,0.2126,0,12600.0,11,suburban,parttime,1,0,0,609.0
Male,41,under_55,GroupC,29500.0,13.2,18.3,462.0,0.4839,1,10900.0,1,urban,fulltime,1,1,1,465.0
Male,53,under_55,GroupB,41200.0,13.8,29.9,682.0,0.1435,1,14400.0,2,suburban,selfemployed,0,0,1,659.0
Male,54,under_55,GroupB,16400.0,15.2,36.6,396.0,0.5361,2,6900.0,2,urban,fulltime,0,0,0,352.0
Female,35,under_55,GroupA,19500.0,16.7,4.7,495.0,0.3103,0,10900.0,9,urban,selfemployed,0,0,0,531.0
Female,33,under_55,GroupA,13400.0,16.6,11.4,507.0,0.2851,1,7100.0,15,urban,fulltime,1,0,0,529.0
Male,47,under_55,GroupB,22600.0,15.0,26.7,571.0,0.2821,0,10200.0,3,urban,selfemployed,0,0,0,572.0
Male,23,under_55,GroupA,65700.0,14.3,0.0,611.0,0.2307,0,33600.0,3,suburban,fulltime,1,1,1,611.0
Male,58,55_plus,GroupA,24000.0,10.2,41.4,524.0,0.4038,0,20700.0,2,suburban,fulltime,1,0,0,548.0
Male,43,under_55,GroupC,20600.0,12.0,23.8,480.0,0.4321,1,19100.0,2,urban,parttime,0,1,1,475.0
Male,57,55_plus,GroupA,17900.0,11.5,39.0,457.0,0.6142,0,7200.0,2,suburban,selfemployed,0,0,0,460.0
Female,31,under_55,GroupB,11500.0,13.4,11.2,420.0,0.339,3,5100.0,8,urban,parttime,1,0,0,398.0
Male,61,55_plus,GroupA,41900.0,14.1,41.3,548.0,0.3202,1,16700.0,1,suburban,fulltime,0,1,1,573.0
Male,46,under_55,GroupA,26400.0,14.4,29.7,462.0,0.514,1,22500.0,2,suburban,fulltime,0,0,0,473.0
Female,18,under_55,GroupB,22000.0,10.9,0.0,476.0,0.1152,1,13100.0,8,urban,fulltime,0,0,0,492.0
Female,46,under_55,GroupA,21200.0,12.1,31.5,660.0,0.1153,0,10500.0,13,suburban,fulltime,0,1,1,651.0
Male,21,under_55,GroupA,26900.0,13.0,5.6,475.0,0.4966,1,14000.0,5,suburban,fulltime,0,0,0,488.0
Female,55,55_plus,GroupA,20500.0,15.0,31.3,433.0,0.576,1,7700.0,20,suburban,fulltime,0,0,0,437.0
Male,66,55_plus,GroupB,26000.0,17.1,41.1,557.0,0.1642,0,28800.0,3,urban,fulltime,0,1,1,625.0
Female,46,under_55,GroupA,17600.0,16.1,25.9,478.0,0.3294,1,7300.0,11,urban,selfemployed,0,1,1,496.0
Male,47,under_55,GroupA,53100.0,14.0,34.3,652.0,0.4238,0,49600.0,0,suburban,fulltime,0,1,1,646.0
Male,36,under_55,GroupA,51800.0,16.9,13.4,658.0,0.21,1,33300.0,1,suburban,selfemployed,0,0,0,663.0
Female,42,under_55,GroupA,32800.0,15.9,23.4,678.0,0.1642,0,27900.0,5,rural,fulltime,0,0,1,712.0
Male,35,under_55,GroupA,46200.0,15.5,13.0,698.0,0.1554,0,21600.0,1,urban,fulltime,1,1,1,706.0
Male,50,under_55,GroupA,28500.0,14.1,31.5,521.0,0.65,0,13700.0,3,suburban,fulltime,1,0,0,515.0
Male,73,55_plus,GroupA,13900.0,12.4,45.0,445.0,0.4423,0,4200.0,1,suburban,fulltime,0,0,0,457.0
Male,64,55_plus,GroupC,20200.0,12.2,45.0,617.0,0.507,0,8200.0,1,suburban,fulltime,0,0,0,538.0
Male,21,under_55,GroupA,61200.0,17.7,0.6,624.0,0.1256,1,24300.0,3,suburban,fulltime,0,1,1,618.0
Male,36,under_55,GroupB,18400.0,8.4,18.8,400.0,0.3503,2,8100.0,2,suburban,parttime,0,0,0,451.0
Male,43,under_55,GroupC,29000.0,14.0,24.7,683.0,0.2687,0,16100.0,2,rural,fulltime,0,1,1,650.0
Male,49,under_55,GroupC,25700.0,12.8,26.9,641.0,0.2803,0,15600.0,14,urban,fulltime,0,1,1,619.0
Male,43,under_55,GroupA,35000.0,13.1,22.2,595.0,0.2677,0,32500.0,1,suburban,parttime,1,1,1,593.0
Male,31,under_55,GroupA,18500.0,14.3,11.3,489.0,0.4158,1,4300.0,1,urban,fulltime,0,0,0,470.0
Female,34,under_55,GroupB,19200.0,15.0,16.3,624.0,0.229,0,21000.0,12,urban,fulltime,0,1,1,607.0
Female,42,under_55,GroupA,39900.0,13.8,22.0,566.0,0.5829,0,16900.0,1,suburban,parttime,1,0,0,583.0
Female,25,under_55,GroupA,47700.0,13.4,5.4,582.0,0.4471,0,38900.0,14,suburban,fulltime,0,0,1,570.0
Male,46,under_55,GroupA,40000.0,14.4,23.2,562.0,0.398,1,41000.0,2,suburban,fulltime,1,1,1,561.0
Male,62,55_plus,GroupA,28500.0,12.6,45.0,598.0,0.2392,0,31100.0,1,suburban,selfemployed,1,0,0,614.0
Male,63,55_plus,GroupA,18900.0,14.6,38.0,548.0,0.1931,1,19500.0,4,rural,fulltime,0,1,1,541.0
Male,49,under_55,GroupC,18300.0,10.4,30.1,445.0,0.5719,1,8000.0,2,urban,fulltime,0,0,0,407.0
Male,35,under_55,GroupA,28200.0,18.5,7.2,553.0,0.2788,1,17000.0,16,suburban,fulltime,1,1,1,555.0
Male,55,55_plus,GroupA,55000.0,16.0,36.5,633.0,0.304,1,25900.0,0,suburban,selfemployed,0,1,1,639.0
Male,50,under_55,GroupA,49000.0,13.6,29.4,602.0,0.3803,1,42100.0,1,suburban,fulltime,0,1,1,609.0
Male,42,under_55,GroupA,25800.0,17.9,15.9,505.0,0.5797,1,21200.0,0,rural,fulltime,0,0,0,510.0
Male,49,under_55,GroupA,18100.0,12.5,32.6,406.0,0.5692,0,29700.0,0,suburban,fulltime,0,0,0,412.0
Male,44,under_55,GroupB,63100.0,14.5,29.3,679.0,0.1286,1,38400.0,5,suburban,fulltime,0,0,0,666.0
Female,46,under_55,GroupA,22200.0,14.5,29.8,651.0,0.1066,1,9100.0,11,rural,parttime,0,0,1,622.0
Male,61,55_plus,GroupA,33100.0,11.8,45.0,537.0,0.549,0,18500.0,2,urban,selfemployed,0,1,1,553.0
Male,43,under_55,GroupB,30500.0,17.8,21.7,740.0,0.3216,0,30900.0,2,rural,fulltime,1,1,1,661.0
Female,51,under_55,GroupB,21900.0,11.0,35.3,554.0,0.3288,1,19600.0,8,rural,fulltime,1,0,0,529.0
Male,46,under_55,GroupB,49700.0,10.9,24.5,658.0,0.2203,0,14600.0,1,rural,fulltime,1,1,1,700.0
Male,18,under_55,GroupB,17500.0,11.0,1.1,466.0,0.2902,0,8600.0,15,urban,fulltime,1,0,0,489.0
Female,50,under_55,GroupA,23600.0,18.1,25.7,668.0,0.2819,0,23700.0,10,suburban,selfemployed,0,1,1,637.0
Male,37,under_55,GroupB,40600.0,16.5,19.4,550.0,0.5411,1,17100.0,3,suburban,fulltime,0,1,1,543.0
Female,34,under_55,GroupA,25300.0,15.1,11.6,559.0,0.4713,0,14000.0,3,rural,parttime,0,1,1,544.0
Female,43,under_55,GroupA,21500.0,13.7,24.8,527.0,0.1961,1,18900.0,15,urban,selfemployed,0,1,1,535.0
Male,40,under_55,GroupB,26200.0,13.6,20.2,606.0,0.3545,0,10000.0,10,urban,fulltime,0,1,1,608.0
Male,41,under_55,GroupA,34200.0,18.7,20.2,580.0,0.4881,0,32900.0,3,rural,parttime,0,0,0,563.0
Male,29,under_55,GroupA,56300.0,16.1,11.1,604.0,0.3813,1,42400.0,3,suburban,fulltime,0,1,1,618.0
Male,34,under_55,GroupA,44100.0,13.0,12.3,591.0,0.4603,0,12300.0,1,urban,selfemployed,0,1,1,582.0
Male,32,under_55,GroupA,31300.0,14.1,15.3,653.0,0.1172,0,32300.0,2,suburban,fulltime,1,1,1,648.0
Male,50,under_55,GroupA,46200.0,17.7,28.9,639.0,0.2243,1,34000.0,2,rural,fulltime,1,0,0,630.0
Male,21,under_55,GroupA,26500.0,15.2,0.0,456.0,0.4039,0,24300.0,1,rural,fulltime,1,0,0,457.0
Male,48,under_55,GroupA,25200.0,11.7,28.1,471.0,0.1456,2,10000.0,3,urban,fulltime,0,0,0,495.0
Male,30,under_55,GroupA,50400.0,15.0,8.8,649.0,0.2573,0,26900.0,0,suburban,fulltime,0,1,1,636.0
Male,18,under_55,GroupA,46800.0,16.7,0.0,659.0,0.1478,0,41400.0,1,rural,fulltime,0,1,1,637.0
Female,28,under_55,GroupA,25200.0,15.7,8.8,591.0,0.4294,0,16400.0,12,rural,selfemployed,0,0,0,550.0
Male,36,under_55,GroupA,57800.0,15.4,12.1,633.0,0.4291,0,39700.0,1,rural,fulltime,0,1,1,657.0
Male,46,under_55,GroupA,28500.0,16.4,24.8,613.0,0.3413,0,22000.0,2,suburban,fulltime,1,1,1,604.0
Female,38,under_55,GroupA,16600.0,19.1,10.2,522.0,0.4893,0,8400.0,16,rural,selfemployed,1,1,1,515.0
Male,27,under_55,GroupA,47300.0,19.6,1.3,350.0,0.8026,1,24100.0,1,suburban,selfemployed,0,0,0,348.0
Male,54,under_55,GroupA,25900.0,11.8,37.6,523.0,0.6596,0,18000.0,2,suburban,fulltime,0,0,0,515.0
Female,51,under_55,GroupB,43100.0,17.1,28.8,713.0,0.5639,0,60800.0,3,urban,fulltime,0,0,1,619.0
Male,40,under_55,GroupB,28700.0,15.4,20.2,693.0,0.2016,0,34900.0,2,suburban,selfemployed,0,0,0,647.0
Male,56,55_plus,GroupB,33700.0,12.8,38.4,710.0,0.0486,0,27600.0,1,urban,fulltime,1,1,1,700.0
Female,46,under_55,GroupB,22300.0,14.8,21.7,594.0,0.2155,1,21000.0,9,suburban,parttime,0,0,0,592.0
Female,44,under_55,GroupA,13600.0,15.5,21.6,400.0,0.3987,1,7500.0,14,rural,parttime,0,0,0,457.0
Male,60,55_plus,GroupB,32100.0,15.3,36.7,690.0,0.1864,0,15600.0,11,urban,fulltime,0,1,1,675.0
Male,51,under_55,GroupA,25500.0,12.2,27.9,418.0,0.383,3,17700.0,0,rural,fulltime,1,0,0,427.0
Female,52,under_55,GroupA,23500.0,11.2,37.6,637.0,0.2775,0,11900.0,1,suburban,parttime,0,0,0,623.0
Male,37,under_55,GroupB,44100.0,19.9,14.5,557.0,0.5755,0,25800.0,12,urban,fulltime,0,0,0,545.0
Female,66,55_plus,GroupB,16900.0,9.9,45.0,465.0,0.2981,3,8300.0,0,urban,selfemployed,1,0,0,433.0
Male,45,under_55,GroupA,18700.0,12.5,25.7,531.0,0.2409,1,15800.0,4,urban,selfemployed,0,0,0,540.0
Female,65,55_plus,GroupA,28900.0,16.8,41.3,473.0,0.6386,0,18300.0,11,suburban,fulltime,0,0,0,506.0
Female,38,under_55,GroupA,30000.0,12.4,27.9,574.0,0.2276,1,16800.0,11,urban,fulltime,0,0,1,590.0
Female,51,under_55,GroupA,33500.0,13.0,32.8,441.0,0.5212,2,29000.0,12,suburban,fulltime,0,1,1,472.0
Male,49,under_55,GroupA,56300.0,14.9,32.0,777.0,0.0848,0,25600.0,2,suburban,fulltime,0,1,1,779.0
Male,46,under_55,GroupA,36700.0,18.6,22.2,528.0,0.7296,0,7800.0,1,suburban,fulltime,0,1,1,531.0
Female,38,under_55,GroupA,16100.0,11.0,20.8,453.0,0.5252,1,9900.0,14,urban,fulltime,0,0,0,479.0
Male,27,under_55,GroupB,43100.0,10.6,3.6,457.0,0.4491,1,7600.0,1,rural,fulltime,0,1,1,480.0
Male,47,under_55,GroupA,56800.0,15.5,19.5,582.0,0.6352,0,33200.0,14,suburban,selfemployed,0,1,1,591.0
Male,52,under_55,GroupB,51600.0,17.5,28.0,497.0,0.6801,0,27800.0,3,urban,fulltime,0,0,0,511.0
Female,44,under_55,GroupA,31600.0,12.8,25.3,499.0,0.2108,2,22400.0,14,suburban,fulltime,1,1,1,505.0
Male,31,under_55,GroupA,35500.0,13.4,12.8,602.0,0.2311,1,8200.0,2,suburban,fulltime,1,1,1,605.0
Male,58,55_plus,GroupB,27000.0,12.6,39.3,590.0,0.2867,1,20600.0,1,rural,fulltime,1,1,1,585.0
Female,33,under_55,GroupA,30000.0,14.0,16.2,652.0,0.1755,0,22000.0,14,suburban,parttime,0,1,1,665.0
Female,47,under_55,GroupA,41700.0,12.7,24.9,577.0,0.6978,0,37900.0,14,suburban,fulltime,0,0,0,554.0
Male,18,under_55,GroupA,37100.0,11.2,4.1,470.0,0.3578,1,13500.0,0,suburban,fulltime,0,0,0,494.0
Male,48,under_55,GroupA,30200.0,15.5,27.2,484.0,0.5481,1,17200.0,2,suburban,fulltime,0,1,1,481.0
Male,44,under_55,GroupA,66900.0,12.5,21.7,639.0,0.5961,0,21400.0,9,suburban,fulltime,0,1,1,647.0
Female,32,under_55,GroupA,25600.0,12.8,15.7,581.0,0.3746,1,29200.0,9,rural,fulltime,1,0,0,526.0
Female,62,55_plus,GroupC,21000.0,11.7,41.0,696.0,0.2479,0,6700.0,5,rural,selfemployed,0,1,1,563.0
Male,45,under_55,GroupA,23500.0,12.6,24.8,438.0,0.4335,2,12300.0,1,rural,fulltime,0,0,0,444.0
Male,45,under_55,GroupC,28000.0,11.1,25.2,612.0,0.0995,1,23700.0,1,suburban,fulltime,0,1,1,586.0
Female,36,under_55,GroupB,31300.0,12.2,19.6,698.0,0.281,0,8700.0,11,suburban,fulltime,0,1,1,648.0
Male,40,under_55,GroupA,43300.0,17.4,16.0,681.0,0.2628,0,35900.0,3,urban,fulltime,0,1,1,687.0
Female,55,55_plus,GroupA,41400.0,13.3,29.3,326.0,0.7196,2,18300.0,13,suburban,fulltime,0,0,0,364.0
Male,40,under_55,GroupA,43300.0,14.3,20.7,502.0,0.7503,0,49200.0,3,urban,fulltime,1,1,1,504.0
Male,47,under_55,GroupA,19300.0,15.6,26.6,512.0,0.3744,1,15000.0,1,urban,fulltime,0,0,0,510.0
Male,60,55_plus,GroupA,24200.0,15.6,37.0,510.0,0.3145,1,21000.0,0,suburban,fulltime,0,1,1,510.0
Male,42,under_55,GroupC,21300.0,16.9,16.5,420.0,0.5458,0,11200.0,2,urban,fulltime,0,0,0,430.0
Female,39,under_55,GroupA,24600.0,10.5,22.9,303.0,0.7753,2,12300.0,14,rural,parttime,0,0,0,327.0
Female,48,under_55,GroupA,22400.0,13.8,29.9,648.0,0.2587,1,16100.0,12,suburban,selfemployed,0,0,0,545.0
Female,43,under_55,GroupB,50000.0,14.3,26.9,618.0,0.1507,0,17600.0,11,urban,fulltime,0,1,1,731.0
Female,34,under_55,GroupB,30900.0,13.5,10.3,634.0,0.3716,0,19100.0,10,urban,fulltime,0,1,1,611.0
Female,59,55_plus,GroupA,38000.0,15.8,33.9,629.0,0.1328,1,14100.0,13,suburban,fulltime,1,1,1,632.0
Female,51,under_55,GroupA,48100.0,16.7,30.5,573.0,0.7002,0,19000.0,12,urban,parttime,1,0,0,529.0
Female,28,under_55,GroupB,25300.0,11.8,9.1,489.0,0.1834,1,10600.0,1,urban,parttime,0,1,1,544.0
Male,51,under_55,GroupA,22400.0,19.0,27.4,330.0,0.5807,3,7300.0,1,suburban,fulltime,0,0,0,323.0
Male,60,55_plus,GroupA,35100.0,17.0,37.8,620.0,0.2442,0,26800.0,1,suburban,fulltime,1,1,1,640.0
Male,41,under_55,GroupA,30100.0,13.5,17.7,719.0,0.1352,0,17000.0,0,suburban,parttime,0,1,1,713.0
Female,39,under_55,GroupC,16000.0,13.4,17.4,383.0,0.5776,1,9100.0,13,urban,fulltime,0,0,0,387.0
Female,58,55_plus,GroupA,31500.0,15.8,37.2,697.0,0.1478,0,8200.0,2,rural,fulltime,0,0,1,683.0
Male,38,under_55,GroupA,69100.0,18.1,16.6,680.0,0.2208,0,36300.0,16,suburban,fulltime,0,1,1,694.0
Female,30,under_55,GroupB,29800.0,16.1,8.4,562.0,0.3108,0,10800.0,12,suburban,fulltime,1,1,1,544.0
Male,32,under_55,GroupA,79700.0,13.3,10.3,605.0,0.5807,0,46900.0,2,suburban,fulltime,0,1,1,614.0
Male,40,under_55,GroupA,31900.0,15.0,13.8,655.0,0.1579,0,22200.0,1,suburban,fulltime,0,1,1,659.0
Female,50,under_55,GroupA,28200.0,13.3,27.6,582.0,0.2774,0,10800.0,12,suburban,parttime,0,0,0,640.0
Female,34,under_55,GroupA,21400.0,10.4,12.9,574.0,0.4139,0,14900.0,1,suburban,fulltime,0,1,1,556.0
Female,22,under_55,GroupA,61200.0,16.1,0.0,641.0,0.049,0,117700.0,10,rural,fulltime,0,0,0,653.0
Female,55,55_plus,GroupC,19900.0,12.6,39.6,600.0,0.3798,0,17800.0,13,urban,fulltime,1,0,0,540.0
Female,36,under_55,GroupC,24500.0,13.8,12.6,518.0,0.3715,2,9800.0,7,urban,fulltime,0,0,0,443.0
Male,27,under_55,GroupB,38600.0,13.8,5.3,509.0,0.4688,0,50600.0,2,suburban,selfemployed,0,0,0,555.0
Female,24,under_55,GroupC,13600.0,10.7,4.5,444.0,0.3601,1,6200.0,0,rural,parttime,1,0,0,406.0
Female,44,under_55,GroupA,9200.0,12.6,22.5,452.0,0.2298,1,12800.0,9,rural,parttime,1,0,1,433.0
Female,63,55_plus,GroupB,20600.0,15.6,37.3,482.0,0.5601,1,7200.0,3,urban,selfemployed,1,0,0,436.0
Male,57,55_plus,GroupB,26700.0,14.6,39.0,469.0,0.5289,1,15200.0,0,urban,parttime,0,0,1,478.0
Male,62,55_plus,GroupA,24800.0,13.6,45.0,336.0,0.8679,1,9000.0,0,suburban,fulltime,0,0,0,336.0
Female,41,under_55,GroupB,28700.0,12.4,16.6,367.0,0.4324,3,36500.0,1,suburban,selfemployed,0,0,0,411.0
Female,55,55_plus,GroupB,24700.0,12.1,39.7,518.0,0.4144,0,23700.0,15,urban,fulltime,0,0,0,569.0
Male,53,under_55,GroupA,26000.0,13.9,37.0,543.0,0.4728,0,16400.0,1,suburban,fulltime,0,0,0,553.0
Male,40,under_55,GroupA,23000.0,11.1,20.2,524.0,0.5078,0,7100.0,4,rural,selfemployed,0,0,0,516.0
Female,34,under_55,GroupB,18100.0,14.3,20.2,473.0,0.6102,1,11900.0,11,urban,parttime,0,0,0,401.0
Male,43,under_55,GroupA,29300.0,15.5,21.9,434.0,0.7361,1,18500.0,1,suburban,selfemployed,0,0,0,435.0
Male,50,under_55,GroupA,55600.0,16.1,30.4,604.0,0.5107,0,46000.0,19,rural,selfemployed,1,1,1,599.0
Male,52,under_55,GroupA,44000.0,13.8,31.4,610.0,0.2639,1,53400.0,0,suburban,fulltime,0,1,1,609.0
Female,37,under_55,GroupA,26700.0,14.0,20.8,515.0,0.402,1,13100.0,13,suburban,fulltime,0,0,0,514.0
Male,34,under_55,GroupA,62900.0,13.2,11.1,585.0,0.5019,0,40800.0,3,rural,fulltime,1,1,1,604.0
Female,49,under_55,GroupB,28300.0,13.1,29.1,565.0,0.3261,0,11100.0,11,urban,selfemployed,0,0,1,620.0
Female,45,under_55,GroupA,19500.0,13.7,25.8,591.0,0.312,0,10400.0,7,urban,fulltime,0,0,0,537.0
Female,23,under_55,GroupB,13200.0,9.6,7.1,300.0,0.8366,2,10000.0,12,suburban,selfemployed,1,0,0,300.0
Female,37,under_55,GroupA,21200.0,15.4,12.1,499.0,0.3527,1,11700.0,12,suburban,parttime,0,0,0,518.0
Female,41,under_55,GroupB,43700.0,12.9,18.5,634.0,0.362,1,30200.0,1,suburban,selfemployed,1,1,1,585.0
Female,44,under_55,GroupB,20400.0,11.9,27.5,506.0,0.2653,1,16900.0,12,suburban,parttime,0,0,0,517.0
Female,18,under_55,GroupA,20100.0,11.9,0.0,415.0,0.2439,2,31600.0,15,rural,selfemployed,0,0,0,405.0
Female,39,under_55,GroupA,27100.0,14.2,19.2,609.0,0.439,0,17400.0,22,urban,parttime,1,0,1,560.0
Male,57,55_plus,GroupA,30500.0,20.4,32.5,537.0,0.6213,0,55200.0,3,urban,fulltime,0,1,1,525.0
Female,50,under_55,GroupA,23500.0,16.7,28.6,364.0,0.7945,2,29200.0,16,suburban,fulltime,0,0,0,343.0
Female,47,under_55,GroupA,27800.0,10.4,32.3,513.0,0.3017,1,10300.0,8,suburban,fulltime,0,0,0,543.0
Male,24,under_55,GroupA,56700.0,12.9,7.7,643.0,0.516,0,27800.0,1,rural,selfemployed,0,1,1,631.0
Female,24,under_55,GroupB,15500.0,12.3,2.0,427.0,0.6006,2,9900.0,9,urban,fulltime,0,0,0,311.0
Male,52,under_55,GroupA,20300.0,12.7,27.4,430.0,0.5084,1,10000.0,13,suburban,fulltime,0,0,0,417.0
Female,67,55_plus,GroupB,25800.0,15.2,43.3,524.0,0.3419,2,7300.0,0,suburban,parttime,0,1,1,456.0
Female,66,55_plus,GroupB,24700.0,12.8,45.0,534.0,0.255,2,27200.0,6,urban,parttime,0,1,1,506.0
Male,35,under_55,GroupB,24900.0,14.5,17.0,626.0,0.2631,2,21700.0,4,rural,fulltime,0,1,1,555.0
Male,57,55_plus,GroupA,56000.0,15.5,33.1,500.0,0.7989,0,33600.0,2,suburban,fulltime,0,0,1,513.0
Female,40,under_55,GroupA,34700.0,14.2,17.7,627.0,0.2475,0,37400.0,6,urban,fulltime,0,0,1,664.0
Male,48,under_55,GroupA,13300.0,12.6,27.5,467.0,0.3205,1,4000.0,2,suburban,fulltime,1,0,0,475.0
Male,55,55_plus,GroupA,26500.0,12.6,35.1,621.0,0.108,0,34000.0,2,rural,fulltime,0,1,1,635.0
Female,48,under_55,GroupB,26600.0,15.1,28.1,545.0,0.2983,1,15500.0,14,urban,fulltime,0,1,1,558.0
Male,22,under_55,GroupA,15400.0,14.3,1.9,367.0,0.4338,1,15500.0,8,suburban,fulltime,0,0,0,364.0
Male,72,55_plus,GroupA,21000.0,15.1,45.0,568.0,0.2185,0,19100.0,3,suburban,fulltime,0,0,0,583.0
Male,54,under_55,GroupC,47000.0,15.2,35.0,499.0,0.5288,1,45200.0,1,suburban,fulltime,0,0,0,470.0
Male,41,under_55,GroupA,15800.0,14.0,21.2,404.0,0.4234,2,16000.0,0,suburban,fulltime,0,0,0,398.0
Male,67,55_plus,GroupA,20500.0,18.1,42.5,671.0,0.122,0,4900.0,1,suburban,parttime,0,1,1,646.0
Female,42,under_55,GroupC,25700.0,13.5,24.0,625.0,0.0651,0,20200.0,7,urban,fulltime,0,0,1,686.0
Male,40,under_55,GroupA,39200.0,17.7,16.3,565.0,0.4178,1,27800.0,0,urban,fulltime,1,1,1,577.0
Female,44,under_55,GroupA,27500.0,20.1,15.0,498.0,0.3357,1,43800.0,11,suburban,fulltime,0,0,1,558.0
Male,50,under_55,GroupA,30300.0,12.7,32.7,330.0,0.5967,3,27000.0,2,suburban,fulltime,0,0,0,359.0
Male,36,under_55,GroupC,30300.0,12.7,15.9,590.0,0.2818,1,13200.0,1,rural,selfemployed,0,1,1,594.0
Male,54,under_55,GroupB,39700.0,16.2,34.3,502.0,0.4944,1,12700.0,1,urban,selfemployed,0,1,1,548.0
Female,31,under_55,GroupA,24100.0,10.3,12.6,538.0,0.5498,0,17400.0,14,suburban,parttime,0,0,0,532.0
Female,43,under_55,GroupA,42100.0,18.3,16.4,629.0,0.3889,0,11400.0,13,suburban,fulltime,0,1,1,613.0
Female,46,under_55,GroupA,37400.0,15.7,21.7,525.0,0.3698,1,11800.0,13,suburban,selfemployed,0,1,1,579.0
Male,40,under_55,GroupA,39400.0,18.6,14.6,702.0,0.0907,0,15600.0,0,rural,fulltime,0,1,1,721.0
Female,25,under_55,GroupC,17600.0,14.3,1.5,300.0,0.7742,3,19800.0,3,urban,parttime,0,0,0,300.0
Male,33,under_55,GroupA,35800.0,17.0,13.9,580.0,0.4742,1,16200.0,2,urban,fulltime,0,0,0,573.0
Male,78,55_plus,GroupC,20200.0,12.3,45.0,425.0,0.5161,1,19900.0,0,suburban,selfemployed,0,0,0,449.0
Female,22,under_55,GroupC,14900.0,11.3,5.3,314.0,0.6279,2,15700.0,11,suburban,parttime,0,0,0,300.0
Male,24,under_55,GroupA,26900.0,13.3,5.2,404.0,0.5194,1,27500.0,16,rural,fulltime,0,0,0,401.0
Male,60,55_plus,GroupA,36900.0,16.3,38.2,562.0,0.3856,0,13500.0,3,suburban,fulltime,1,0,1,574.0
Male,26,under_55,GroupA,61900.0,15.6,4.9,599.0,0.4906,0,81000.0,1,rural,selfemployed,0,0,0,574.0
Female,27,under_55,GroupA,25400.0,15.1,8.2,461.0,0.5107,1,19000.0,14,suburban,selfemployed,0,0,0,420.0
Male,27,under_55,GroupA,31000.0,12.2,8.0,503.0,0.2393,2,10800.0,1,suburban,fulltime,0,1,1,519.0
Female,70,55_plus,GroupA,17000.0,15.2,45.0,550.0,0.2643,0,5900.0,3,urban,parttime,0,0,0,585.0
Female,43,under_55,GroupA,51200.0,15.9,19.1,661.0,0.3779,0,86400.0,14,suburban,fulltime,0,1,1,672.0
Male,47,under_55,GroupB,33000.0,12.2,24.1,462.0,0.7764,1,31200.0,1,suburban,fulltime,0,1,1,442.0
Male,50,under_55,GroupA,37500.0,16.6,23.2,585.0,0.4729,0,21500.0,16,suburban,fulltime,0,0,0,613.0
Female,34,under_55,GroupC,18600.0,16.9,15.1,562.0,0.386,0,9200.0,11,suburban,parttime,0,1,1,555.0
Female,43,under_55,GroupA,27600.0,13.0,18.3,593.0,0.2102,1,29000.0,1,suburban,fulltime,0,0,0,553.0
Male,37,under_55,GroupB,23900.0,13.5,20.5,589.0,0.3425,0,28400.0,1,suburban,fulltime,0,1,1,587.0
Female,53,under_55,GroupB,26000.0,10.0,38.3,672.0,0.2857,0,11200.0,11,suburban,fulltime,1,1,1,641.0
Male,73,55_plus,GroupA,32800.0,11.8,45.0,689.0,0.0775,0,30800.0,1,suburban,fulltime,0,1,1,698.0
Female,42,under_55,GroupA,17800.0,17.1,20.7,391.0,0.4963,2,9600.0,13,urban,parttime,0,0,0,360.0
Female,39,under_55,GroupA,39300.0,16.4,14.7,682.0,0.186,0,12600.0,2,suburban,parttime,0,1,1,697.0
Male,51,under_55,GroupC,14300.0,16.1,27.5,515.0,0.5533,0,7000.0,2,rural,fulltime,1,0,0,453.0
Male,33,under_55,GroupB,39900.0,17.2,10.8,470.0,0.8235,0,24800.0,1,urban,fulltime,0,0,0,509.0
Male,27,under_55,GroupA,39800.0,15.5,6.1,588.0,0.1579,1,15200.0,14,rural,fulltime,0,1,1,572.0
Male,37,under_55,GroupA,11100.0,11.3,21.9,412.0,0.3615,2,7600.0,0,suburban,fulltime,0,0,0,425.0
Male,46,under_55,GroupB,26700.0,15.0,30.0,433.0,0.5065,2,23700.0,1,suburban,selfemployed,0,0,0,442.0
Female,51,under_55,GroupA,24100.0,16.0,29.7,636.0,0.2951,0,10400.0,0,urban,fulltime,0,1,1,604.0
Male,42,under_55,GroupB,32800.0,13.7,20.8,544.0,0.3318,0,23600.0,2,urban,fulltime,0,1,1,579.0
Female,24,under_55,GroupA,38800.0,16.5,0.0,529.0,0.2704,0,20000.0,14,suburban,fulltime,0,1,1,561.0
Male,52,under_55,GroupA,23800.0,14.0,31.8,545.0,0.2193,1,23200.0,1,urban,selfemployed,0,1,1,558.0
Female,31,under_55,GroupA,28000.0,13.6,8.8,611.0,0.1378,1,20500.0,15,suburban,parttime,0,1,1,593.0
Female,40,under_55,GroupC,18900.0,13.3,26.2,524.0,0.5456,1,13500.0,15,urban,fulltime,1,1,1,431.0
Male,70,55_plus,GroupA,33500.0,15.3,45.0,609.0,0.2034,1,12600.0,2,rural,fulltime,0,0,0,619.0
Female,47,under_55,GroupB,18900.0,12.4,25.7,537.0,0.5248,0,22300.0,17,urban,fulltime,0,0,0,494.0
Female,58,55_plus,GroupA,29500.0,11.8,42.0,568.0,0.2351,0,13500.0,16,suburban,parttime,0,1,1,606.0
Male,60,55_plus,GroupA,34300.0,16.1,41.1,636.0,0.1645,1,34400.0,18,suburban,fulltime,0,1,1,631.0
Male,31,under_55,GroupB,19200.0,16.7,9.3,542.0,0.2733,0,6300.0,2,urban,selfemployed,0,0,0,546.0
Female,34,under_55,GroupA,27300.0,15.8,15.1,567.0,0.2022,1,12200.0,17,urban,parttime,1,1,1,575.0
Female,45,under_55,GroupC,23200.0,10.2,27.7,515.0,0.2957,1,13200.0,19,suburban,parttime,0,1,1,539.0
Male,45,under_55,GroupB,46600.0,14.1,25.1,582.0,0.4701,1,28400.0,2,suburban,fulltime,0,1,1,515.0
Male,69,55_plus,GroupA,36100.0,15.3,45.0,482.0,0.5816,2,21300.0,3,suburban,fulltime,1,0,0,474.0
Female,60,55_plus,GroupB,16200.0,15.3,41.4,539.0,0.2782,1,7000.0,14,urban,fulltime,0,0,1,508.0
Female,18,under_55,GroupA,44900.0,20.1,0.0,553.0,0.2879,0,15300.0,11,suburban,selfemployed,1,0,0,591.0
Female,27,under_55,GroupB,37800.0,16.7,5.5,686.0,0.0951,0,22800.0,9,urban,parttime,0,0,1,674.0
Male,60,55_plus,GroupA,26400.0,16.0,38.9,514.0,0.3788,1,22800.0,2,urban,fulltime,0,0,0,518.0
Male,28,under_55,GroupA,41300.0,16.3,2.5,514.0,0.5849,0,14000.0,2,urban,fulltime,0,1,1,509.0
Female,26,under_55,GroupA,16700.0,13.5,7.4,300.0,0.6505,2,16200.0,10,suburban,parttime,1,0,0,319.0
Female,37,under_55,GroupC,23400.0,18.1,12.2,434.0,0.2898,1,13800.0,11,urban,fulltime,1,1,1,529.0
Female,30,under_55,GroupA,22400.0,14.0,4.7,541.0,0.3329,0,9300.0,11,urban,parttime,0,1,1,536.0
Female,49,under_55,GroupA,19100.0,11.7,30.8,518.0,0.5541,1,11200.0,3,urban,fulltime,0,0,0,490.0
Male,71,55_plus,GroupA,47600.0,14.3,45.0,601.0,0.6489,0,24400.0,3,suburban,fulltime,0,1,1,600.0
Female,44,under_55,GroupA,30500.0,17.9,22.4,370.0,0.73,2,19000.0,16,urban,fulltime,0,0,0,379.0
Male,62,55_plus,GroupB,20100.0,12.3,43.9,613.0,0.2523,0,8800.0,2,urban,fulltime,1,0,0,595.0
Female,40,under_55,GroupB,16500.0,13.6,22.1,518.0,0.4022,1,5700.0,18,urban,parttime,0,0,0,460.0
Female,42,under_55,GroupA,33000.0,14.2,23.6,593.0,0.3166,0,16000.0,3,suburban,parttime,1,0,1,606.0
Male,20,under_55,GroupA,22800.0,16.9,0.0,489.0,0.2164,1,11800.0,0,suburban,parttime,0,1,1,453.0
Male,26,under_55,GroupA,36100.0,15.4,7.5,438.0,0.905,0,15800.0,0,suburban,fulltime,1,0,0,432.0
Male,59,55_plus,GroupA,32200.0,16.0,33.4,526.0,0.6362,0,19400.0,1,rural,fulltime,0,1,1,524.0
Female,57,55_plus,GroupB,18600.0,10.9,41.5,408.0,0.3224,2,4400.0,13,urban,parttime,1,0,1,441.0
Male,47,under_55,GroupA,32100.0,13.5,28.4,633.0,0.3862,0,12600.0,3,suburban,fulltime,0,1,1,630.0
Male,47,under_55,GroupC,46700.0,15.0,27.6,730.0,0.0557,0,27900.0,2,urban,fulltime,0,0,1,727.0
Male,53,under_55,GroupB,44200.0,11.5,34.5,684.0,0.1786,0,25300.0,4,suburban,fulltime,0,1,1,680.0
Male,36,under_55,GroupA,25500.0,16.5,13.1,563.0,0.3755,0,7700.0,1,urban,fulltime,1,1,1,560.0
Female,78,55_plus,GroupA,26200.0,13.8,45.0,422.0,0.7492,0,16200.0,11,rural,fulltime,0,0,0,450.0
Female,59,55_plus,GroupA,23800.0,12.4,41.9,406.0,0.5002,2,53700.0,13,suburban,fulltime,0,0,0,388.0
Male,58,55_plus,GroupC,29100.0,11.9,34.7,656.0,0.0616,1,26300.0,1,urban,fulltime,0,0,0,677.0
Female,59,55_plus,GroupC,24900.0,14.4,37.1,573.0,0.3353,1,9200.0,12,urban,fulltime,0,1,1,563.0
Female,43,under_55,GroupA,24400.0,11.7,25.1,514.0,0.3152,1,11700.0,13,urban,fulltime,0,0,0,500.0
Female,35,under_55,GroupB,49700.0,17.3,14.0,704.0,0.2718,0,30600.0,12,urban,selfemployed,1,1,1,751.0
Male,47,under_55,GroupC,45800.0,11.3,29.1,627.0,0.4963,0,35600.0,1,suburban,fulltime,0,0,0,637.0
Male,42,under_55,GroupB,29600.0,10.1,22.2,561.0,0.1562,2,8000.0,14,urban,selfemployed,0,0,0,525.0
Female,32,under_55,GroupA,37100.0,15.5,17.7,778.0,0.1291,0,14700.0,17,suburban,parttime,0,0,1,719.0
Male,37,under_55,GroupB,20200.0,11.6,17.3,525.0,0.2447,1,7000.0,1,urban,fulltime,0,0,0,504.0
Male,42,under_55,GroupC,25200.0,12.2,25.2,532.0,0.5107,0,8000.0,1,suburban,fulltime,0,1,1,537.0
Female,40,under_55,GroupA,19600.0,14.2,17.3,509.0,0.2721,1,14200.0,2,rural,fulltime,0,0,0,512.0
Male,30,under_55,GroupA,24500.0,16.0,8.5,585.0,0.2428,0,10200.0,0,suburban,selfemployed,0,1,1,598.0
Male,56,55_plus,GroupB,30600.0,17.2,28.8,437.0,0.6772,1,19900.0,3,urban,selfemployed,1,0,0,438.0
Female,51,under_55,GroupA,23300.0,15.3,30.7,529.0,0.3783,1,8400.0,1,urban,parttime,1,0,0,517.0
Female,45,under_55,GroupA,20400.0,13.1,23.0,666.0,0.0539,0,10400.0,10,suburban,fulltime,0,0,0,640.0
Male,34,under_55,GroupB,26900.0,9.2,17.9,593.0,0.2031,1,15400.0,2,urban,fulltime,0,0,0,596.0
Male,35,under_55,GroupB,34500.0,13.3,17.9,495.0,0.5051,1,22800.0,2,urban,fulltime,0,1,1,530.0
Male,39,under_55,GroupB,46400.0,12.1,19.9,578.0,0.8907,0,11500.0,1,urban,fulltime,0,1,1,527.0
Female,50,under_55,GroupC,22400.0,16.4,30.7,594.0,0.0703,1,15800.0,3,rural,fulltime,0,0,0,585.0
Male,36,under_55,GroupA,21600.0,13.2,18.0,581.0,0.2779,0,15900.0,0,suburban,fulltime,0,0,0,575.0
Male,30,under_55,GroupA,27100.0,14.7,8.1,515.0,0.4281,1,14700.0,2,suburban,fulltime,1,1,1,529.0
Male,56,55_plus,GroupA,34800.0,13.3,35.2,537.0,0.4536,0,27800.0,2,suburban,fulltime,1,0,0,549.0
Male,46,under_55,GroupA,33100.0,14.7,23.1,694.0,0.1249,0,26500.0,3,suburban,fulltime,0,1,1,692.0
Male,43,under_55,GroupA,34300.0,16.5,22.1,548.0,0.3565,2,12400.0,17,rural,fulltime,0,1,1,546.0
Male,60,55_plus,GroupA,37300.0,12.9,44.2,399.0,0.7932,2,13000.0,4,urban,fulltime,1,0,0,394.0
Male,30,under_55,GroupA,20300.0,10.3,12.6,386.0,0.6958,1,11600.0,2,suburban,fulltime,0,0,0,393.0
Female,40,under_55,GroupB,25900.0,16.7,11.1,515.0,0.5793,0,18000.0,0,rural,fulltime,0,0,0,507.0
Female,62,55_plus,GroupA,28200.0,10.8,44.8,492.0,0.341,3,20300.0,11,rural,fulltime,0,0,0,466.0
Male,43,under_55,GroupA,50100.0,14.5,24.4,635.0,0.2823,1,20300.0,2,suburban,fulltime,1,0,0,629.0
Female,78,55_plus,GroupB,17800.0,13.0,45.0,441.0,0.3208,1,6800.0,1,suburban,fulltime,0,0,0,539.0
Male,40,under_55,GroupB,19300.0,11.7,24.7,495.0,0.5654,0,10900.0,3,urban,fulltime,0,1,1,496.0
Male,54,under_55,GroupB,32300.0,9.3,35.2,565.0,0.3679,1,7600.0,2,rural,fulltime,0,0,0,545.0
Male,44,under_55,GroupA,26800.0,20.9,16.8,512.0,0.5992,0,17700.0,1,urban,fulltime,0,1,1,502.0
Male,39,under_55,GroupA,27200.0,12.0,22.9,525.0,0.4531,0,13100.0,2,suburban,fulltime,1,0,0,525.0
Male,42,under_55,GroupA,42200.0,17.5,22.8,604.0,0.4391,0,16400.0,1,suburban,fulltime,1,1,1,607.0
Male,31,under_55,GroupB,15200.0,12.4,10.9,569.0,0.2756,1,5000.0,2,suburban,fulltime,0,1,1,515.0
Male,43,under_55,GroupB,29300.0,16.7,21.1,471.0,0.3887,2,10300.0,1,urban,fulltime,0,0,0,429.0
Male,57,55_plus,GroupA,32600.0,11.1,39.8,592.0,0.2415,1,47600.0,15,rural,fulltime,0,0,0,598.0
Female,44,under_55,GroupA,67100.0,17.0,20.9,707.0,0.1716,0,55300.0,13,urban,selfemployed,0,1,1,737.0
Male,56,55_plus,GroupA,23500.0,14.7,35.6,550.0,0.3232,1,13500.0,15,urban,fulltime,0,0,1,540.0
Female,19,under_55,GroupA,27600.0,12.8,0.0,391.0,0.5107,2,15600.0,10,urban,fulltime,0,0,0,376.0
Male,44,under_55,GroupB,22300.0,14.8,20.2,589.0,0.2551,0,15600.0,14,urban,fulltime,0,1,1,549.0
Male,56,55_plus,GroupA,35100.0,13.5,37.1,711.0,0.0667,0,17400.0,1,suburban,fulltime,0,1,1,725.0
Male,28,under_55,GroupC,13700.0,13.6,9.7,303.0,0.3455,3,7900.0,12,urban,fulltime,0,0,0,361.0
Female,41,under_55,GroupA,26100.0,18.0,13.0,535.0,0.4307,1,13200.0,16,suburban,parttime,0,0,0,534.0
Female,51,under_55,GroupA,44400.0,15.8,27.1,694.0,0.1675,0,44000.0,0,urban,selfemployed,0,1,1,701.0
Male,52,under_55,GroupA,56400.0,14.8,32.0,603.0,0.5807,0,21300.0,3,suburban,fulltime,0,1,1,591.0
Female,38,under_55,GroupA,48700.0,14.4,17.2,649.0,0.4092,0,14400.0,1,suburban,fulltime,0,1,1,621.0
Female,61,55_plus,GroupA,13300.0,16.9,41.3,467.0,0.1496,1,3700.0,2,suburban,parttime,1,1,1,513.0
Male,48,under_55,GroupB,33300.0,15.2,31.3,513.0,0.3641,2,18700.0,0,suburban,fulltime,0,0,0,472.0
Male,49,under_55,GroupB,24900.0,11.4,33.7,496.0,0.5927,0,15000.0,0,rural,fulltime,0,0,0,543.0
Male,39,under_55,GroupA,35700.0,14.5,19.4,511.0,0.5781,0,48200.0,9,rural,fulltime,1,0,0,501.0
Female,48,under_55,GroupA,15600.0,10.2,29.2,407.0,0.3898,1,5600.0,17,suburban,fulltime,0,0,0,432.0
Male,75,55_plus,GroupB,18300.0,11.8,45.0,496.0,0.3169,2,7300.0,1,suburban,fulltime,0,0,0,484.0
Male,43,under_55,GroupB,38200.0,17.2,17.7,632.0,0.1889,1,10700.0,16,urban,fulltime,0,1,1,624.0
Male,20,under_55,GroupB,28600.0,12.9,0.0,472.0,0.1327,1,24300.0,1,urban,selfemployed,0,0,0,483.0
Male,36,under_55,GroupB,36700.0,9.8,17.0,396.0,0.3692,3,19300.0,0,urban,selfemployed,0,1,1,437.0
Male,38,under_55,GroupB,22500.0,15.1,15.7,444.0,0.5699,1,18000.0,0,urban,fulltime,0,0,0,423.0
Female,71,55_plus,GroupA,22600.0,11.5,45.0,567.0,0.3991,0,10000.0,4,suburban,parttime,0,0,0,577.0
Male,55,55_plus,GroupA,36200.0,17.5,30.9,476.0,0.6602,1,24000.0,1,suburban,fulltime,0,0,0,476.0
Female,32,under_55,GroupB,25500.0,13.3,14.2,615.0,0.2633,0,17300.0,16,urban,fulltime,0,0,0,595.0
Male,46,under_55,GroupA,29100.0,15.9,20.8,541.0,0.5337,0,9400.0,1,suburban,fulltime,0,1,1,538.0
Female,21,under_55,GroupA,11700.0,13.2,3.0,300.0,0.7047,3,11400.0,10,urban,parttime,0,0,0,300.0
Female,43,under_55,GroupA,46000.0,15.4,24.0,737.0,0.127,0,21200.0,15,suburban,parttime,0,1,1,710.0
Male,36,under_55,GroupB,33900.0,11.9,19.3,639.0,0.2016,1,15200.0,0,suburban,fulltime,0,0,1,633.0
Male,38,under_55,GroupC,14300.0,14.4,21.9,469.0,0.3242,1,8100.0,21,rural,selfemployed,0,0,0,472.0
Male,43,under_55,GroupB,35200.0,14.7,19.8,448.0,0.7912,0,25300.0,0,urban,selfemployed,0,0,0,468.0
Male,33,under_55,GroupA,37900.0,10.7,14.7,379.0,0.5446,3,25500.0,0,suburban,fulltime,0,0,0,393.0
Female,42,under_55,GroupA,41900.0,12.3,23.6,567.0,0.528,1,24100.0,7,suburban,fulltime,0,0,1,547.0
Male,50,under_55,GroupA,42400.0,12.1,24.2,564.0,0.4045,1,23300.0,1,rural,fulltime,0,1,1,597.0
Female,32,under_55,GroupA,19800.0,15.3,10.9,309.0,0.7612,2,25900.0,2,rural,parttime,0,0,0,300.0
Male,25,under_55,GroupA,19200.0,14.9,2.7,467.0,0.3318,0,16000.0,3,suburban,fulltime,0,1,1,463.0
Female,24,under_55,GroupA,23500.0,10.8,9.3,300.0,0.95,4,11200.0,12,suburban,selfemployed,0,0,0,300.0
Male,31,under_55,GroupB,37200.0,13.6,11.1,505.0,0.5721,0,14600.0,2,urban,fulltime,1,1,1,561.0
Female,35,under_55,GroupA,23100.0,19.7,9.1,602.0,0.2787,0,7000.0,8,urban,fulltime,1,1,1,630.0
Female,58,55_plus,GroupC,29800.0,18.1,31.5,537.0,0.5241,0,33100.0,10,urban,parttime,0,0,0,527.0
Male,46,under_55,GroupA,32000.0,15.5,23.6,426.0,0.6284,2,11600.0,14,suburban,fulltime,0,0,0,420.0
Female,25,under_55,GroupA,22700.0,12.3,11.5,514.0,0.2846,0,6000.0,1,rural,selfemployed,1,0,0,550.0
Female,60,55_plus,GroupA,17100.0,15.2,36.2,526.0,0.2706,1,8400.0,15,suburban,parttime,0,0,0,529.0
Male,33,under_55,GroupC,27300.0,14.9,13.3,413.0,0.828,1,27600.0,1,suburban,selfemployed,0,0,0,349.0
Male,39,under_55,GroupB,41600.0,12.1,16.7,787.0,0.0402,0,14700.0,1,urban,selfemployed,0,1,1,737.0
Male,56,55_plus,GroupA,37400.0,11.5,41.5,680.0,0.1558,1,19400.0,3,rural,fulltime,0,1,1,682.0
Female,38,under_55,GroupA,21300.0,11.9,22.0,680.0,0.0664,0,7100.0,13,urban,fulltime,0,0,0,685.0
Female,35,under_55,GroupA,24500.0,15.9,15.6,462.0,0.4591,2,9200.0,2,urban,fulltime,0,0,0,460.0
Male,21,under_55,GroupA,38800.0,14.8,0.0,474.0,0.5868,0,37400.0,0,suburban,selfemployed,0,0,0,488.0
Male,44,under_55,GroupA,45700.0,12.9,19.9,569.0,0.5913,0,48300.0,0,urban,fulltime,0,1,1,561.0
Male,43,under_55,GroupA,40000.0,15.5,16.6,696.0,0.1112,1,14900.0,0,suburban,fulltime,0,1,1,690.0
Male,51,under_55,GroupB,26000.0,14.7,34.3,552.0,0.5046,0,15300.0,1,suburban,fulltime,0,1,1,519.0
Male,33,under_55,GroupC,59700.0,14.4,13.0,732.0,0.3886,0,44000.0,2,urban,fulltime,0,1,1,702.0
Male,37,under_55,GroupB,32500.0,13.0,19.2,536.0,0.4049,1,12000.0,4,suburban,fulltime,0,0,0,529.0
Female,40,under_55,GroupB,14200.0,11.5,22.2,534.0,0.1547,1,7500.0,14,urban,selfemployed,0,0,0,495.0
Female,50,under_55,GroupA,15500.0,13.3,25.0,300.0,0.95,3,6600.0,10,suburban,fulltime,1,0,0,300.0
Female,32,under_55,GroupC,18000.0,14.5,8.6,404.0,0.4237,2,6600.0,11,urban,fulltime,0,0,0,372.0
Male,41,under_55,GroupA,25100.0,13.1,21.4,599.0,0.1517,0,7600.0,2,rural,fulltime,0,1,1,615.0
Male,56,55_plus,GroupA,24500.0,16.5,37.9,497.0,0.6237,0,8700.0,3,suburban,selfemployed,0,1,1,507.0
Male,43,under_55,GroupB,13800.0,8.0,31.6,563.0,0.3416,0,8500.0,3,urban,fulltime,0,0,0,529.0
Male,72,55_plus,GroupB,24100.0,16.2,42.2,444.0,0.6946,1,30500.0,1,urban,fulltime,0,0,0,368.0
Male,43,under_55,GroupA,14200.0,14.1,22.9,393.0,0.6231,1,5700.0,4,suburban,parttime,0,1,1,392.0
Male,24,under_55,GroupA,29800.0,10.4,7.0,501.0,0.388,1,12400.0,1,suburban,parttime,0,1,1,496.0
Male,45,under_55,GroupA,30200.0,18.0,20.2,630.0,0.2654,0,23600.0,0,suburban,selfemployed,0,1,1,625.0
Male,27,under_55,GroupA,31200.0,12.2,11.7,572.0,0.3042,1,17700.0,1,suburban,fulltime,0,1,1,555.0
Female,55,55_plus,GroupB,24200.0,15.2,34.5,667.0,0.2581,0,21400.0,3,urban,fulltime,0,1,1,631.0
Female,35,under_55,GroupA,34100.0,13.2,17.3,498.0,0.5213,0,16700.0,7,suburban,fulltime,0,1,1,550.0
Male,42,under_55,GroupA,28500.0,15.5,23.7,561.0,0.2497,0,19700.0,2,suburban,selfemployed,0,1,1,579.0
Male,56,55_plus,GroupA,54700.0,19.2,26.7,552.0,0.4858,1,28400.0,2,urban,fulltime,0,1,1,554.0
Male,45,under_55,GroupC,19200.0,13.0,25.1,568.0,0.176,0,17700.0,0,rural,fulltime,0,1,1,579.0
Male,48,under_55,GroupB,33000.0,14.0,27.5,558.0,0.4599,0,11700.0,3,urban,fulltime,0,0,1,568.0
Male,56,55_plus,GroupA,26700.0,13.6,37.2,395.0,0.4938,2,18900.0,1,urban,fulltime,0,0,0,397.0
Male,54,under_55,GroupA,35500.0,12.1,29.0,658.0,0.1388,0,27600.0,0,urban,fulltime,1,1,1,669.0
Male,29,under_55,GroupA,28400.0,15.5,6.9,563.0,0.3106,0,13000.0,1,rural,fulltime,0,1,1,575.0
Male,43,under_55,GroupA,38800.0,12.7,24.5,566.0,0.4078,1,10700.0,1,rural,fulltime,0,0,0,572.0
Male,39,under_55,GroupA,29100.0,11.0,17.3,644.0,0.0965,1,18600.0,1,suburban,fulltime,1,1,1,643.0
Male,43,under_55,GroupA,30700.0,18.4,17.1,597.0,0.2076,1,27700.0,3,suburban,fulltime,0,1,1,598.0
Male,36,under_55,GroupA,42300.0,14.1,10.4,674.0,0.3118,0,34300.0,0,rural,selfemployed,0,1,1,658.0
Female,32,under_55,GroupB,19200.0,13.9,13.8,484.0,0.4489,1,19600.0,19,urban,parttime,0,0,0,521.0
Female,18,under_55,GroupA,18300.0,18.0,0.0,328.0,0.4923,1,11500.0,8,urban,fulltime,0,0,0,330.0
Male,28,under_55,GroupA,27500.0,15.2,5.2,539.0,0.1473,1,20000.0,3,suburban,fulltime,1,0,0,547.0
Male,45,under_55,GroupB,18100.0,11.1,23.1,587.0,0.2452,0,5700.0,2,urban,selfemployed,0,1,1,559.0
Male,37,under_55,GroupA,30300.0,15.4,13.6,475.0,0.7112,0,20100.0,2,rural,fulltime,0,0,0,481.0
Female,37,under_55,GroupB,31000.0,11.4,18.0,603.0,0.2932,0,9800.0,13,suburban,fulltime,0,1,1,610.0
Male,58,55_plus,GroupA,43400.0,14.6,35.8,579.0,0.4018,1,49400.0,2,rural,fulltime,0,0,0,596.0
Female,48,under_55,GroupA,21000.0,13.1,26.7,486.0,0.3635,0,15100.0,2,urban,fulltime,0,0,0,519.0
Male,50,under_55,GroupA,28700.0,17.2,24.0,663.0,0.2636,0,15400.0,14,urban,parttime,0,1,1,657.0
Female,20,under_55,GroupB,14300.0,9.8,0.0,377.0,0.2122,2,8700.0,13,suburban,fulltime,0,0,0,370.0
Female,45,under_55,GroupB,18600.0,12.5,24.9,490.0,0.1891,1,26600.0,2,urban,parttime,0,0,0,577.0
Male,51,under_55,GroupB,33700.0,12.7,29.7,698.0,0.0948,1,17000.0,0,urban,fulltime,0,0,1,644.0
Male,52,under_55,GroupB,28000.0,14.4,31.8,374.0,0.6643,2,16000.0,2,urban,fulltime,0,0,0,378.0
Male,39,under_55,GroupA,47100.0,13.8,17.9,755.0,0.0783,0,31300.0,1,suburban,selfemployed,0,1,1,763.0
Male,72,55_plus,GroupA,56600.0,17.6,45.0,615.0,0.6469,0,38200.0,1,suburban,selfemployed,0,1,1,592.0
Female,56,55_plus,GroupA,49700.0,17.0,31.2,612.0,0.5841,0,46500.0,0,suburban,parttime,0,1,1,588.0
Male,37,under_55,GroupA,22600.0,19.1,11.8,477.0,0.5195,0,9600.0,0,urban,fulltime,0,1,1,481.0
Male,49,under_55,GroupA,56600.0,17.4,24.3,654.0,0.5289,0,11600.0,3,rural,fulltime,0,1,1,650.0
Female,59,55_plus,GroupA,25400.0,16.1,33.4,468.0,0.738,0,21000.0,10,suburban,fulltime,0,0,0,456.0
Female,37,under_55,GroupB,16100.0,9.6,23.6,612.0,0.2918,1,12800.0,15,rural,parttime,1,0,0,516.0
Female,37,under_55,GroupA,51500.0,16.6,10.7,802.0,0.1291,0,33200.0,8,urban,parttime,0,1,1,750.0
Male,49,under_55,GroupB,46600.0,12.5,29.2,618.0,0.4173,0,27400.0,3,urban,selfemployed,0,1,1,664.0
Male,58,55_plus,GroupA,28300.0,14.7,31.6,629.0,0.1905,1,28200.0,3,suburban,fulltime,0,0,1,631.0
Female,54,under_55,GroupA,17600.0,11.5,27.9,444.0,0.5131,0,14000.0,1,rural,parttime,0,0,1,462.0
Female,28,under_55,GroupB,15300.0,15.3,6.4,394.0,0.6409,0,9100.0,17,urban,parttime,0,0,0,432.0
Male,44,under_55,GroupB,54200.0,14.6,22.1,680.0,0.2564,1,42000.0,0,suburban,selfemployed,1,1,1,659.0
Male,45,under_55,GroupA,28100.0,15.9,17.4,479.0,0.4565,1,15600.0,1,urban,selfemployed,0,1,1,467.0
Female,51,under_55,GroupA,21700.0,9.8,37.2,388.0,0.7582,1,15200.0,14,urban,fulltime,0,0,0,371.0
Female,34,under_55,GroupA,18000.0,12.7,10.1,530.0,0.2102,0,14300.0,17,urban,parttime,0,0,0,541.0
Male,48,under_55,GroupA,34200.0,13.0,25.1,617.0,0.294,0,31600.0,2,suburban,selfemployed,1,0,0,619.0
Female,46,under_55,GroupA,16400.0,10.4,26.7,403.0,0.5529,2,14200.0,9,urban,fulltime,0,0,0,362.0
Female,32,under_55,GroupB,25400.0,11.8,13.8,481.0,0.4172,2,16900.0,12,suburban,selfemployed,0,0,0,429.0
Female,42,under_55,GroupA,27300.0,10.1,27.8,456.0,0.5688,2,18500.0,11,suburban,parttime,0,0,0,436.0
Female,28,under_55,GroupB,15800.0,14.2,5.8,438.0,0.1825,2,9200.0,11,urban,parttime,1,0,0,409.0
Male,48,under_55,GroupA,26900.0,9.6,38.0,611.0,0.2416,0,11600.0,1,rural,fulltime,0,1,1,625.0
Female,34,under_55,GroupA,30200.0,13.6,14.1,387.0,0.5201,2,18200.0,18,suburban,fulltime,0,0,0,395.0
Male,60,55_plus,GroupA,11100.0,11.2,42.0,511.0,0.3901,0,10400.0,0,rural,parttime,0,0,0,513.0
Male,43,under_55,GroupB,28500.0,11.2,27.0,622.0,0.3674,1,4600.0,0,urban,parttime,0,1,1,555.0
Male,39,under_55,GroupA,30600.0,15.3,17.6,680.0,0.1661,0,12300.0,1,rural,fulltime,0,1,1,675.0
Female,18,under_55,GroupA,16000.0,10.3,0.6,300.0,0.6292,1,10900.0,17,suburban,parttime,0,0,0,300.0
Male,38,under_55,GroupA,39700.0,18.9,16.5,598.0,0.2212,1,25300.0,0,rural,fulltime,0,0,0,616.0
Male,67,55_plus,GroupA,26800.0,13.4,44.2,659.0,0.3206,0,18400.0,4,suburban,selfemployed,1,0,0,633.0
Male,60,55_plus,GroupB,16900.0,15.0,41.3,363.0,0.7153,1,15500.0,3,suburban,parttime,0,0,0,353.0
Female,31,under_55,GroupA,18200.0,12.6,13.4,610.0,0.2197,0,5400.0,3,suburban,fulltime,0,1,1,567.0
Female,54,under_55,GroupB,10700.0,14.0,30.8,313.0,0.4297,3,7100.0,13,rural,parttime,1,0,0,300.0
Male,42,under_55,GroupA,37500.0,17.5,14.7,643.0,0.1814,1,37300.0,3,urban,fulltime,1,1,1,634.0
Female,44,under_55,GroupB,14500.0,13.7,18.2,488.0,0.5232,0,10700.0,14,urban,fulltime,1,0,0,468.0
Male,43,under_55,GroupB,34200.0,11.9,27.8,729.0,0.1743,0,17600.0,8,suburban,fulltime,0,0,0,701.0
Male,33,under_55,GroupA,40500.0,17.0,8.2,731.0,0.0492,0,48700.0,3,urban,fulltime,0,1,1,727.0
Male,51,under_55,GroupA,34700.0,13.5,31.2,564.0,0.5425,0,13900.0,2,urban,fulltime,0,0,0,567.0
Male,36,under_55,GroupA,31300.0,13.2,20.4,607.0,0.5142,0,20400.0,3,suburban,selfemployed,0,0,0,601.0
Male,35,under_55,GroupA,31700.0,13.3,12.4,588.0,0.2379,1,13400.0,3,suburban,selfemployed,0,1,1,585.0
Female,35,under_55,GroupC,28800.0,10.4,21.8,503.0,0.3612,0,10200.0,9,rural,selfemployed,0,1,1,555.0
Male,32,under_55,GroupA,22100.0,16.0,12.6,610.0,0.1837,0,26900.0,1,urban,fulltime,1,1,1,619.0
Male,46,under_55,GroupB,62300.0,11.8,31.2,622.0,0.2254,0,40300.0,2,urban,selfemployed,0,0,0,689.0
Male,38,under_55,GroupA,39600.0,16.2,13.9,647.0,0.2437,0,26000.0,0,urban,fulltime,0,1,1,633.0
Female,44,under_55,GroupA,33000.0,16.7,22.7,591.0,0.2164,1,22800.0,13,rural,fulltime,0,1,1,567.0
Male,18,under_55,GroupA,13000.0,11.4,0.0,388.0,0.3669,1,4400.0,3,suburban,parttime,0,0,0,400.0
Male,59,55_plus,GroupA,29600.0,13.0,40.2,627.0,0.146,1,9500.0,0,rural,fulltime,1,1,1,600.0
Male,32,under_55,GroupC,46400.0,16.4,11.3,556.0,0.4161,2,14800.0,0,urban,fulltime,0,0,1,564.0
Male,19,under_55,GroupA,54800.0,15.2,0.0,673.0,0.2954,0,27700.0,0,suburban,fulltime,0,1,1,664.0
Female,20,under_55,GroupB,25500.0,17.9,2.8,563.0,0.2515,1,8800.0,12,urban,parttime,0,0,0,485.0
Female,55,55_plus,GroupA,30400.0,12.4,37.8,480.0,0.6438,0,23000.0,13,suburban,selfemployed,1,0,0,482.0
Male,41,under_55,GroupA,12900.0,13.9,18.0,538.0,0.1152,0,6100.0,3,suburban,fulltime,0,0,0,533.0
Male,36,under_55,GroupA,36800.0,17.3,12.9,640.0,0.2516,0,13000.0,0,suburban,fulltime,0,1,1,650.0
Female,38,under_55,GroupA,18800.0,17.0,18.9,471.0,0.4216,1,9300.0,9,urban,fulltime,0,1,1,473.0
Female,42,under_55,GroupB,21400.0,15.2,22.3,523.0,0.2985,0,13700.0,10,urban,parttime,0,0,1,537.0
Male,30,under_55,GroupA,40400.0,18.6,6.2,593.0,0.2146,0,16900.0,3,suburban,fulltime,0,1,1,607.0
Female,18,under_55,GroupA,27600.0,16.9,0.5,356.0,0.9085,1,10700.0,15,suburban,fulltime,0,0,0,300.0
Female,35,under_55,GroupA,37500.0,14.4,13.4,704.0,0.0891,0,65600.0,8,urban,fulltime,0,1,1,748.0
Male,42,under_55,GroupA,23900.0,11.1,17.4,509.0,0.4688,0,16200.0,3,suburban,fulltime,1,0,0,512.0
Male,31,under_55,GroupA,27400.0,15.7,9.9,503.0,0.4658,1,7300.0,0,suburban,fulltime,1,1,1,510.0
Male,40,under_55,GroupA,18600.0,12.0,17.0,554.0,0.4511,0,7700.0,0,suburban,fulltime,0,1,1,556.0
Female,49,under_55,GroupC,15400.0,10.3,32.3,474.0,0.6023,0,5600.0,14,urban,fulltime,0,0,0,425.0
Male,52,under_55,GroupA,66500.0,16.7,30.0,714.0,0.2352,0,44400.0,1,urban,fulltime,0,1,1,717.0
Male,24,under_55,GroupA,32900.0,15.9,3.3,587.0,0.1504,0,20700.0,0,suburban,fulltime,0,1,1,583.0
Male,40,under_55,GroupB,29600.0,12.3,26.3,675.0,0.1748,0,49400.0,2,suburban,fulltime,0,1,1,665.0
Female,41,under_55,GroupB,18300.0,12.0,25.7,643.0,0.2093,0,3500.0,8,rural,selfemployed,0,0,0,623.0
Male,48,under_55,GroupB,28200.0,10.3,33.5,507.0,0.4431,0,14500.0,3,suburban,fulltime,0,0,0,528.0
Male,33,under_55,GroupC,41300.0,14.5,13.2,505.0,0.6574,1,26000.0,3,urban,fulltime,0,0,0,460.0
Female,52,under_55,GroupC,11300.0,10.2,32.1,459.0,0.1733,1,4300.0,0,urban,parttime,0,0,0,495.0
Male,63,55_plus,GroupB,31500.0,15.3,43.4,516.0,0.3042,2,15500.0,9,suburban,fulltime,1,0,0,528.0
Male,56,55_plus,GroupA,57000.0,14.0,38.1,576.0,0.7204,0,31500.0,2,suburban,fulltime,0,0,0,555.0
Male,42,under_55,GroupA,33100.0,16.0,25.0,678.0,0.337,0,13600.0,1,suburban,fulltime,0,1,1,676.0
Female,32,under_55,GroupA,29600.0,14.3,11.7,499.0,0.2207,3,14800.0,1,urban,fulltime,0,1,1,529.0
Male,42,under_55,GroupB,25900.0,8.8,32.8,585.0,0.1427,1,12300.0,18,urban,selfemployed,0,0,0,620.0
Female,37,under_55,GroupA,43700.0,18.2,8.2,584.0,0.4704,0,33100.0,17,suburban,fulltime,0,1,1,599.0
Female,60,55_plus,GroupB,39700.0,15.6,41.9,643.0,0.2609,0,39200.0,10,suburban,fulltime,0,0,1,652.0
Male,33,under_55,GroupB,39600.0,13.1,16.7,674.0,0.1275,0,45000.0,5,urban,selfemployed,0,1,1,729.0
Male,32,under_55,GroupB,26400.0,15.2,9.0,631.0,0.1171,0,6300.0,14,suburban,selfemployed,0,1,1,636.0
Female,29,under_55,GroupC,20200.0,10.9,10.2,409.0,0.5538,1,9500.0,12,rural,fulltime,0,0,0,453.0
Female,64,55_plus,GroupC,35600.0,15.0,44.4,450.0,0.4999,1,19200.0,15,suburban,fulltime,0,0,0,494.0
Male,47,under_55,GroupB,42700.0,17.6,22.1,535.0,0.7504,0,22400.0,1,urban,fulltime,0,0,0,524.0
Female,27,under_55,GroupA,44700.0,15.4,7.1,452.0,0.5796,0,18700.0,0,suburban,fulltime,1,1,1,513.0
Male,56,55_plus,GroupB,35900.0,18.5,35.3,571.0,0.4359,0,34000.0,2,urban,fulltime,0,1,1,595.0
Female,36,under_55,GroupB,20600.0,17.3,7.2,439.0,0.35,2,16800.0,9,urban,parttime,0,0,0,412.0
Female,28,under_55,GroupA,42700.0,17.4,7.2,507.0,0.4669,1,7900.0,8,rural,fulltime,1,1,1,482.0
Male,49,under_55,GroupA,39000.0,11.7,32.3,644.0,0.2829,0,30700.0,2,suburban,fulltime,0,1,1,660.0
Female,49,under_55,GroupA,29400.0,13.7,29.2,586.0,0.4541,0,11500.0,16,urban,fulltime,0,1,1,590.0
Male,35,under_55,GroupB,40000.0,14.4,9.6,641.0,0.4174,0,19500.0,2,urban,fulltime,0,0,1,622.0
Male,53,under_55,GroupA,45100.0,15.0,35.9,473.0,0.7273,1,11400.0,0,urban,fulltime,0,0,0,479.0
Female,43,under_55,GroupA,19000.0,16.3,18.6,558.0,0.2784,1,14100.0,20,suburban,fulltime,0,0,0,538.0
Female,54,under_55,GroupA,20700.0,11.8,40.1,448.0,0.5941,0,11900.0,0,urban,fulltime,0,0,0,461.0
Male,40,under_55,GroupB,33200.0,10.7,21.4,580.0,0.5977,0,24700.0,2,rural,fulltime,0,0,0,567.0
Male,40,under_55,GroupA,39300.0,18.1,17.7,541.0,0.4868,1,20100.0,13,rural,fulltime,0,1,1,534.0
Female,56,55_plus,GroupB,22600.0,13.1,37.0,644.0,0.4661,0,13200.0,4,suburban,parttime,0,0,0,565.0
Male,55,55_plus,GroupA,17100.0,13.2,43.4,505.0,0.4894,0,5000.0,1,rural,fulltime,0,0,0,507.0
Female,30,under_55,GroupA,40600.0,16.9,9.7,663.0,0.3609,0,48400.0,13,suburban,fulltime,1,0,1,651.0
Male,25,under_55,GroupA,40900.0,15.6,6.5,516.0,0.6368,0,16600.0,4,suburban,fulltime,0,1,1,538.0
Female,51,under_55,GroupA,29300.0,12.7,32.8,529.0,0.6164,0,14600.0,14,suburban,fulltime,1,1,1,526.0
Male,66,55_plus,GroupA,40100.0,13.0,45.0,700.0,0.1505,0,15200.0,7,suburban,fulltime,0,1,1,683.0
Female,49,under_55,GroupC,31200.0,16.3,22.8,483.0,0.2831,2,14600.0,21,rural,fulltime,0,1,1,504.0
Male,48,under_55,GroupB,30300.0,15.6,22.9,374.0,0.7471,1,32700.0,1,suburban,selfemployed,0,0,0,416.0
Male,59,55_plus,GroupB,25000.0,10.6,44.1,614.0,0.1798,1,34000.0,3,urban,selfemployed,1,0,1,615.0
Female,18,under_55,GroupB,24600.0,16.3,0.0,331.0,0.7916,0,10900.0,10,suburban,fulltime,0,0,0,342.0
Male,31,under_55,GroupA,36400.0,12.1,12.9,584.0,0.3861,0,43100.0,1,rural,fulltime,0,1,1,583.0
Male,36,under_55,GroupB,31700.0,10.4,19.5,592.0,0.3214,2,11400.0,0,suburban,parttime,0,1,1,560.0
Female,24,under_55,GroupA,22000.0,13.6,3.2,510.0,0.2015,0,21100.0,3,suburban,fulltime,0,0,0,540.0
Male,74,55_plus,GroupB,34300.0,14.2,45.0,623.0,0.1293,0,34400.0,12,suburban,fulltime,0,1,1,696.0
Female,38,under_55,GroupA,33800.0,14.0,19.7,680.0,0.2521,0,69400.0,14,suburban,fulltime,1,0,0,650.0
Male,24,under_55,GroupA,14900.0,12.6,4.3,357.0,0.4688,1,10700.0,2,rural,parttime,1,0,0,357.0
Female,35,under_55,GroupB,18800.0,14.3,11.0,444.0,0.7535,0,10000.0,13,urban,fulltime,1,0,0,413.0
Male,50,under_55,GroupB,27300.0,12.5,37.1,503.0,0.4906,1,10900.0,1,urban,fulltime,0,0,0,543.0
Male,58,55_plus,GroupA,36600.0,18.7,32.7,560.0,0.3896,1,40500.0,14,rural,parttime,0,1,1,555.0
Female,46,under_55,GroupC,19500.0,14.2,23.2,405.0,0.2202,2,15700.0,17,urban,fulltime,1,0,0,496.0
Male,58,55_plus,GroupA,34800.0,17.1,31.5,545.0,0.6062,0,13300.0,0,suburban,fulltime,0,1,1,552.0
Female,27,under_55,GroupA,22000.0,19.7,1.9,529.0,0.1589,0,14600.0,2,suburban,parttime,0,1,1,557.0
Female,51,under_55,GroupA,15300.0,14.6,31.1,500.0,0.529,0,7900.0,15,suburban,fulltime,0,0,0,485.0
Female,49,under_55,GroupA,37500.0,19.3,22.5,641.0,0.3028,0,24000.0,18,suburban,fulltime,0,0,1,607.0
Male,59,55_plus,GroupB,15700.0,11.9,40.3,660.0,0.2822,0,10800.0,1,urban,fulltime,1,1,1,612.0
Female,47,under_55,GroupA,15000.0,9.5,32.9,413.0,0.2441,3,6900.0,10,suburban,selfemployed,1,0,0,407.0
Female,33,under_55,GroupA,15800.0,13.9,11.1,499.0,0.3432,1,7700.0,6,suburban,parttime,0,1,1,465.0
Male,35,under_55,GroupA,22100.0,11.6,24.6,601.0,0.1862,1,8300.0,1,rural,fulltime,0,1,1,618.0
Male,52,under_55,GroupA,28700.0,14.5,28.1,514.0,0.4316,1,17000.0,3,rural,fulltime,0,0,0,518.0
Female,50,under_55,GroupB,40900.0,16.8,29.9,717.0,0.1851,0,12500.0,0,suburban,parttime,1,1,1,708.0
Male,19,under_55,GroupA,45700.0,14.6,0.0,604.0,0.1654,0,17800.0,1,urban,selfemployed,0,1,1,603.0
Male,63,55_plus,GroupA,22800.0,17.6,39.5,666.0,0.0487,0,15300.0,0,suburban,fulltime,1,1,1,668.0
Female,28,under_55,GroupA,23600.0,13.2,8.7,552.0,0.4956,0,8900.0,13,urban,selfemployed,0,0,0,513.0
Male,53,under_55,GroupA,42000.0,17.4,29.4,600.0,0.5323,0,16700.0,3,suburban,selfemployed,0,1,1,590.0
Male,51,under_55,GroupA,84200.0,16.6,29.4,594.0,0.6111,1,119500.0,1,suburban,fulltime,0,1,1,601.0
Female,55,55_plus,GroupA,31500.0,14.0,31.2,525.0,0.4425,0,10300.0,1,suburban,fulltime,1,1,1,560.0
Male,45,under_55,GroupB,27600.0,15.2,21.7,602.0,0.2801,1,16100.0,2,urban,parttime,0,0,0,575.0
Male,62,55_plus,GroupB,13700.0,12.2,45.0,401.0,0.3381,1,8700.0,2,urban,parttime,0,0,0,437.0
Male,44,under_55,GroupA,41700.0,13.5,21.7,687.0,0.1558,0,36800.0,2,suburban,selfemployed,1,0,0,697.0
Male,41,under_55,GroupA,23100.0,12.7,26.8,471.0,0.5164,1,13000.0,12,suburban,selfemployed,0,0,0,470.0
Female,42,under_55,GroupA,13300.0,12.2,23.3,301.0,0.6668,1,8800.0,10,suburban,parttime,0,0,0,344.0
Female,36,under_55,GroupA,18100.0,13.5,13.3,497.0,0.2399,1,12300.0,12,suburban,fulltime,0,0,0,489.0
Female,64,55_plus,GroupC,14200.0,14.8,45.0,393.0,0.6719,2,13500.0,16,urban,parttime,0,0,0,303.0
Female,31,under_55,GroupC,20300.0,13.5,13.6,474.0,0.3751,0,16400.0,1,suburban,fulltime,0,1,1,517.0
Male,45,under_55,GroupA,24600.0,16.5,25.7,646.0,0.2168,0,11000.0,1,urban,fulltime,1,1,1,643.0
Male,54,under_55,GroupB,32600.0,12.0,33.2,553.0,0.3267,1,40800.0,2,urban,fulltime,0,0,1,558.0
Male,67,55_plus,GroupA,29500.0,17.6,43.8,490.0,0.651,0,7000.0,1,urban,fulltime,0,1,1,481.0
Female,58,55_plus,GroupA,20200.0,15.5,38.8,322.0,0.8613,2,18600.0,1,urban,selfemployed,1,0,0,323.0
Male,39,under_55,GroupA,41400.0,14.6,14.6,727.0,0.0746,0,22700.0,10,rural,fulltime,1,1,1,722.0
Male,36,under_55,GroupA,31800.0,12.3,17.2,413.0,0.4533,3,23300.0,2,suburban,fulltime,0,0,0,412.0
Male,62,55_plus,GroupB,51500.0,17.2,37.8,758.0,0.1037,0,22200.0,1,urban,fulltime,1,0,1,756.0
Female,68,55_plus,GroupA,27600.0,13.7,45.0,518.0,0.4254,1,30400.0,2,suburban,fulltime,0,0,0,526.0
Male,41,under_55,GroupA,48400.0,13.4,18.7,756.0,0.0239,0,42800.0,2,urban,fulltime,0,1,1,753.0
Male,27,under_55,GroupA,21800.0,12.1,8.5,373.0,0.6884,1,20100.0,1,suburban,fulltime,0,0,0,374.0
Female,52,under_55,GroupA,42200.0,15.9,31.2,596.0,0.5786,0,14700.0,17,suburban,fulltime,0,1,1,585.0
Female,74,55_plus,GroupA,11800.0,14.9,45.0,353.0,0.4492,1,4800.0,9,rural,fulltime,0,0,0,370.0
Male,62,55_plus,GroupB,25200.0,14.1,42.4,345.0,0.7494,1,7900.0,0,urban,fulltime,0,0,0,362.0
Female,28,under_55,GroupA,22300.0,14.1,9.1,436.0,0.7363,0,14800.0,15,rural,fulltime,1,0,0,430.0
Female,43,under_55,GroupA,24000.0,12.6,23.4,688.0,0.1803,0,23600.0,17,suburban,fulltime,0,0,0,661.0
Female,22,under_55,GroupB,26400.0,16.8,0.0,300.0,0.8773,0,7600.0,13,urban,fulltime,0,0,0,321.0
Male,37,under_55,GroupA,33900.0,13.0,13.4,708.0,0.064,0,7700.0,1,suburban,fulltime,0,1,1,698.0
Female,42,under_55,GroupA,36700.0,14.0,21.5,645.0,0.1391,0,37200.0,3,urban,fulltime,0,1,1,698.0
Female,25,under_55,GroupA,57100.0,20.0,3.9,561.0,0.3994,0,34300.0,16,suburban,fulltime,0,0,1,602.0
Female,29,under_55,GroupA,28900.0,11.9,7.3,351.0,0.3072,4,16300.0,14,urban,parttime,1,0,0,381.0
Male,33,under_55,GroupA,34400.0,11.1,15.4,596.0,0.2417,2,9500.0,0,suburban,fulltime,0,0,0,574.0
Female,50,under_55,GroupB,22000.0,13.0,23.6,316.0,0.6393,3,9400.0,2,urban,fulltime,1,0,0,304.0
Female,38,under_55,GroupA,16600.0,15.2,14.5,394.0,0.301,3,4500.0,13,urban,parttime,0,0,0,353.0
Male,60,55_plus,GroupA,55900.0,17.3,40.8,669.0,0.4373,0,41900.0,0,urban,fulltime,1,1,1,670.0
Male,49,under_55,GroupB,32800.0,11.4,35.2,641.0,0.2002,0,46600.0,2,suburban,fulltime,1,1,1,652.0
Male,51,under_55,GroupA,38600.0,16.0,33.8,600.0,0.2941,1,32200.0,1,rural,selfemployed,1,0,0,610.0
Female,36,under_55,GroupC,24400.0,15.5,18.1,571.0,0.351,1,16300.0,18,suburban,fulltime,0,0,0,528.0
Female,44,under_55,GroupA,25300.0,14.4,27.1,525.0,0.4087,1,11100.0,19,urban,fulltime,0,0,0,521.0
Female,51,under_55,GroupA,15700.0,16.7,27.3,526.0,0.2562,0,7800.0,2,urban,fulltime,0,1,1,565.0
Female,52,under_55,GroupA,24500.0,17.4,34.0,695.0,0.0735,0,11700.0,12,rural,fulltime,0,0,1,687.0
Male,44,under_55,GroupA,32900.0,13.7,26.9,673.0,0.1218,0,19700.0,2,suburban,fulltime,0,1,1,670.0
Female,58,55_plus,GroupA,28600.0,12.8,38.5,652.0,0.3723,0,23600.0,16,urban,parttime,1,0,1,632.0
Male,38,under_55,GroupA,15200.0,16.5,14.6,424.0,0.55,0,20700.0,0,rural,fulltime,0,0,0,415.0
Female,45,under_55,GroupA,30200.0,14.3,18.1,336.0,0.7968,2,29700.0,16,urban,selfemployed,1,0,0,320.0
Female,69,55_plus,GroupA,11800.0,11.8,45.0,341.0,0.4527,3,4100.0,15,suburban,fulltime,0,0,0,300.0
Female,56,55_plus,GroupA,36700.0,22.0,28.4,571.0,0.3066,1,27600.0,12,suburban,fulltime,0,0,1,577.0
Male,30,under_55,GroupB,30000.0,14.0,10.4,550.0,0.3241,2,20100.0,2,urban,selfemployed,0,1,1,523.0
Male,34,under_55,GroupB,39800.0,8.0,14.1,549.0,0.271,1,14900.0,0,urban,selfemployed,0,1,1,570.0
Male,60,55_plus,GroupC,22600.0,14.0,41.0,494.0,0.4722,2,6800.0,0,urban,fulltime,1,0,0,438.0
Male,40,under_55,GroupA,42700.0,12.0,20.6,637.0,0.368,0,9400.0,0,rural,selfemployed,0,1,1,632.0
Male,35,under_55,GroupA,61300.0,14.4,15.4,612.0,0.7385,0,79900.0,3,suburban,fulltime,0,0,0,594.0
Male,60,55_plus,GroupB,48400.0,13.0,41.6,681.0,0.1651,0,24500.0,1,suburban,fulltime,0,1,1,693.0
Male,44,under_55,GroupC,28200.0,20.6,14.5,710.0,0.1284,0,19300.0,18,urban,fulltime,0,1,1,681.0
Male,57,55_plus,GroupA,58500.0,21.6,28.6,701.0,0.2603,0,44400.0,2,urban,fulltime,1,1,1,701.0
Female,50,under_55,GroupB,14500.0,14.0,29.3,416.0,0.6836,0,7800.0,3,urban,fulltime,0,0,0,394.0
Male,21,under_55,GroupC,43500.0,17.3,0.3,495.0,0.4305,0,20100.0,1,urban,fulltime,1,0,0,521.0
Female,55,55_plus,GroupA,50000.0,13.2,35.9,724.0,0.172,0,19800.0,9,suburban,parttime,0,1,1,720.0
Female,61,55_plus,GroupB,36100.0,15.8,41.7,617.0,0.1812,0,13900.0,10,suburban,fulltime,0,1,1,687.0
Male,21,under_55,GroupA,28400.0,10.8,6.8,410.0,0.4263,1,13900.0,2,suburban,fulltime,0,0,0,428.0
Male,66,55_plus,GroupB,30500.0,13.4,45.0,493.0,0.7342,0,6500.0,1,suburban,fulltime,0,0,0,464.0
Male,47,under_55,GroupB,59600.0,19.3,17.0,478.0,0.5593,1,57200.0,0,suburban,fulltime,0,0,0,559.0
Female,38,under_55,GroupA,32100.0,19.7,8.4,576.0,0.3853,0,30300.0,12,urban,fulltime,0,1,1,579.0
Female,62,55_plus,GroupC,21000.0,11.6,43.8,311.0,0.95,3,8000.0,14,urban,parttime,0,0,0,300.0
Male,67,55_plus,GroupB,25100.0,17.0,44.5,663.0,0.1336,0,13900.0,3,urban,fulltime,0,1,1,656.0
Male,41,under_55,GroupA,54100.0,14.2,22.8,682.0,0.3693,0,15300.0,4,suburban,fulltime,0,1,1,671.0
Male,38,under_55,GroupA,32900.0,16.0,12.4,553.0,0.2424,1,19200.0,1,suburban,fulltime,1,1,1,561.0
Female,47,under_55,GroupB,27900.0,13.4,26.0,602.0,0.3574,0,17200.0,1,rural,fulltime,0,0,0,596.0
Female,47,under_55,GroupA,25400.0,13.8,24.5,495.0,0.6834,0,20900.0,13,rural,fulltime,0,0,0,492.0
Female,39,under_55,GroupC,29500.0,12.3,23.6,534.0,0.6985,0,13800.0,14,suburban,parttime,1,0,0,511.0
Male,48,under_55,GroupA,21000.0,10.8,32.2,336.0,0.5839,2,32700.0,0,urban,fulltime,0,0,0,342.0
Male,50,under_55,GroupA,51300.0,13.5,26.9,713.0,0.1027,0,39100.0,1,rural,fulltime,0,1,1,732.0
Male,26,under_55,GroupA,37500.0,15.2,6.1,524.0,0.4009,1,22000.0,2,rural,fulltime,1,1,1,530.0
Male,55,55_plus,GroupA,18400.0,15.3,31.6,502.0,0.3383,1,16300.0,1,suburban,fulltime,0,0,0,508.0
Female,18,under_55,GroupA,24400.0,14.3,0.0,436.0,0.3861,1,15800.0,11,rural,fulltime,1,0,0,418.0
Male,36,under_55,GroupC,32900.0,14.3,14.4,546.0,0.487,1,17200.0,1,urban,fulltime,1,0,0,526.0
Female,56,55_plus,GroupA,17300.0,11.5,41.9,525.0,0.1713,2,8300.0,10,rural,parttime,0,0,0,488.0
Male,65,55_plus,GroupC,25400.0,19.2,42.6,740.0,0.0392,0,7600.0,14,rural,fulltime,1,0,1,679.0
Female,32,under_55,GroupA,20700.0,12.8,13.3,634.0,0.119,0,18000.0,14,suburban,fulltime,1,1,1,607.0
Female,42,under_55,GroupA,33300.0,14.8,22.6,561.0,0.5159,0,39300.0,20,rural,fulltime,0,0,0,560.0
Male,44,under_55,GroupA,47700.0,16.9,23.2,610.0,0.2794,1,23400.0,1,urban,fulltime,0,1,1,600.0
Female,57,55_plus,GroupA,34700.0,13.9,34.6,673.0,0.1763,1,24600.0,2,rural,fulltime,0,1,1,695.0
Female,37,under_55,GroupA,27400.0,14.4,16.6,546.0,0.3067,1,32900.0,15,suburban,fulltime,0,0,0,545.0
Male,30,under_55,GroupA,33900.0,14.0,14.0,710.0,0.1065,0,19600.0,3,urban,fulltime,0,1,1,681.0
Male,26,under_55,GroupB,38600.0,15.3,6.2,661.0,0.1355,0,7600.0,16,suburban,fulltime,0,1,1,669.0
Female,47,under_55,GroupA,57100.0,18.1,25.3,616.0,0.6231,0,38600.0,10,suburban,selfemployed,1,1,1,587.0
Female,35,under_55,GroupA,26400.0,18.1,11.5,554.0,0.2989,1,9500.0,13,rural,parttime,1,1,1,542.0
Male,61,55_plus,GroupC,29000.0,11.3,39.9,609.0,0.4389,0,10100.0,0,rural,fulltime,0,1,1,586.0
Male,37,under_55,GroupA,54800.0,15.8,12.7,616.0,0.5129,0,52500.0,3,suburban,fulltime,0,0,0,617.0
Female,36,under_55,GroupA,23200.0,16.3,16.4,623.0,0.0898,0,18100.0,14,urban,parttime,0,0,1,630.0
Male,51,under_55,GroupA,85900.0,16.9,26.1,797.0,0.2333,0,44600.0,9,suburban,fulltime,0,1,1,765.0
Female,27,under_55,GroupB,14200.0,13.1,8.6,488.0,0.5093,0,5800.0,1,urban,fulltime,0,0,1,462.0
Male,33,under_55,GroupA,24500.0,16.9,9.9,638.0,0.1847,0,30200.0,3,urban,parttime,0,1,1,640.0
Male,28,under_55,GroupA,26300.0,16.5,1.8,455.0,0.3619,1,15500.0,4,suburban,fulltime,0,0,0,463.0
Male,31,under_55,GroupA,24500.0,17.8,4.6,513.0,0.4233,0,21200.0,2,suburban,fulltime,0,1,1,512.0
Male,37,under_55,GroupA,25600.0,14.8,15.7,571.0,0.228,1,18200.0,4,rural,fulltime,1,1,1,571.0
Male,59,55_plus,GroupB,21500.0,13.0,39.6,393.0,0.6981,1,5700.0,3,urban,selfemployed,0,0,0,371.0
Male,41,under_55,GroupA,73600.0,9.6,27.2,617.0,0.3572,1,44700.0,0,suburban,fulltime,0,1,1,623.0
Male,43,under_55,GroupB,36800.0,15.1,21.7,644.0,0.2589,1,25200.0,0,suburban,fulltime,1,1,1,678.0
Female,37,under_55,GroupA,44500.0,17.1,17.6,735.0,0.0492,0,38600.0,1,urban,fulltime,1,0,1,744.0
Female,49,under_55,GroupA,34400.0,16.2,27.0,473.0,0.5666,2,31200.0,11,suburban,parttime,0,1,1,433.0
Female,57,55_plus,GroupA,22700.0,14.5,36.6,577.0,0.1812,1,9100.0,9,suburban,parttime,0,0,1,559.0
Male,54,under_55,GroupB,34500.0,14.5,30.6,781.0,0.0956,0,26100.0,7,urban,fulltime,0,1,1,713.0
Male,29,under_55,GroupA,22200.0,15.9,10.6,573.0,0.525,0,15200.0,12,suburban,fulltime,1,1,1,572.0
Male,22,under_55,GroupA,18400.0,16.3,0.0,526.0,0.1341,0,9400.0,0,rural,fulltime,1,1,1,530.0
Female,52,under_55,GroupA,27500.0,16.1,18.3,636.0,0.1275,0,12800.0,11,suburban,fulltime,0,1,1,634.0
Male,29,under_55,GroupB,25700.0,14.5,11.5,538.0,0.5372,0,25800.0,3,urban,fulltime,0,0,0,519.0
Male,40,under_55,GroupA,48800.0,19.1,16.4,663.0,0.3959,0,35800.0,0,urban,fulltime,1,1,1,653.0
Female,39,under_55,GroupA,34400.0,15.9,15.8,600.0,0.24,0,30000.0,14,suburban,selfemployed,0,1,1,627.0
Male,30,under_55,GroupA,39500.0,13.5,9.0,599.0,0.4219,0,72600.0,0,suburban,fulltime,0,0,0,612.0
Female,32,under_55,GroupA,22300.0,14.0,8.5,410.0,0.3917,1,12900.0,10,urban,fulltime,0,0,0,447.0
Female,56,55_plus,GroupB,20100.0,9.8,39.8,415.0,0.5148,1,8100.0,4,suburban,parttime,0,0,0,453.0
Male,33,under_55,GroupB,27600.0,12.1,16.7,471.0,0.7167,0,9900.0,1,suburban,fulltime,1,0,0,486.0
Female,42,under_55,GroupA,36200.0,16.8,23.0,542.0,0.1698,2,23000.0,9,suburban,parttime,1,1,1,569.0
Female,23,under_55,GroupA,31300.0,14.3,3.6,482.0,0.4503,1,21000.0,12,suburban,selfemployed,0,0,0,475.0
Female,55,55_plus,GroupB,36700.0,13.7,33.6,654.0,0.1501,0,21000.0,11,suburban,fulltime,0,0,1,709.0
Male,52,under_55,GroupA,30100.0,14.9,31.5,381.0,0.8951,1,13100.0,2,rural,fulltime,1,0,0,375.0
Male,60,55_plus,GroupB,26600.0,12.7,45.0,638.0,0.2046,0,13000.0,2,suburban,fulltime,0,1,1,655.0
Male,51,under_55,GroupA,38100.0,16.7,28.5,703.0,0.0739,0,39900.0,1,suburban,selfemployed,0,1,1,711.0
Male,43,under_55,GroupA,28500.0,10.2,26.2,406.0,0.4386,2,17400.0,0,rural,fulltime,0,0,0,413.0
Male,47,under_55,GroupA,36500.0,16.9,22.6,632.0,0.2375,0,30000.0,1,suburban,fulltime,0,1,1,630.0
Male,45,under_55,GroupB,21200.0,14.8,25.4,589.0,0.5312,0,10000.0,1,suburban,fulltime,0,0,0,498.0
Female,63,55_plus,GroupA,16300.0,11.7,40.6,386.0,0.765,1,6900.0,16,suburban,fulltime,0,0,0,354.0
Male,32,under_55,GroupB,22400.0,19.0,7.0,629.0,0.1495,0,13900.0,3,urban,selfemployed,1,1,1,639.0
Male,51,under_55,GroupA,22300.0,13.8,32.7,634.0,0.0683,0,10900.0,2,rural,fulltime,1,1,1,656.0
Male,45,under_55,GroupC,32100.0,11.7,24.7,649.0,0.1575,0,25200.0,2,urban,fulltime,0,1,1,662.0
Male,30,under_55,GroupA,39100.0,14.5,8.9,620.0,0.2075,0,16600.0,7,suburban,parttime,0,1,1,626.0
Male,18,under_55,GroupA,33600.0,12.5,0.0,421.0,0.4043,1,7900.0,1,suburban,selfemployed,0,0,0,416.0
Male,35,under_55,GroupB,24300.0,11.3,19.3,410.0,0.7739,1,21900.0,2,rural,selfemployed,0,0,0,402.0
Male,65,55_plus,GroupA,33900.0,12.8,45.0,728.0,0.1374,0,11700.0,1,urban,selfemployed,0,1,1,720.0
Male,28,under_55,GroupA,60300.0,15.5,7.8,543.0,0.6777,0,20200.0,2,suburban,selfemployed,0,1,1,525.0
Male,45,under_55,GroupA,38400.0,10.9,23.7,689.0,0.1866,0,19300.0,0,suburban,selfemployed,1,1,1,694.0
Female,51,under_55,GroupA,21000.0,13.5,29.3,489.0,0.4301,0,10800.0,7,rural,selfemployed,0,0,0,508.0
Male,37,under_55,GroupB,24700.0,8.4,20.0,526.0,0.3898,0,26300.0,1,suburban,fulltime,0,1,1,559.0
Female,48,under_55,GroupA,25300.0,12.3,23.7,549.0,0.2922,2,8100.0,16,suburban,fulltime,0,0,0,479.0
Female,42,under_55,GroupB,34800.0,13.2,23.8,640.0,0.3766,0,62700.0,0,rural,fulltime,0,0,1,592.0
Female,57,55_plus,GroupA,19300.0,10.2,36.5,519.0,0.2916,1,9100.0,17,suburban,parttime,0,0,0,490.0
Male,41,under_55,GroupA,24800.0,14.1,23.7,473.0,0.3596,2,14900.0,0,rural,fulltime,0,0,0,476.0
Male,35,under_55,GroupA,30300.0,15.9,14.6,638.0,0.1181,0,20900.0,0,urban,fulltime,0,1,1,633.0
Male,33,under_55,GroupA,26600.0,14.7,9.0,593.0,0.2864,1,20500.0,1,suburban,parttime,0,1,1,582.0
Male,42,under_55,GroupB,23500.0,12.0,27.6,543.0,0.4153,0,21800.0,1,urban,fulltime,0,0,0,531.0
Male,39,under_55,GroupA,15900.0,8.0,21.4,499.0,0.5236,0,19100.0,1,rural,fulltime,0,0,0,490.0
Male,31,under_55,GroupB,35400.0,18.6,2.3,510.0,0.3656,0,27900.0,1,urban,fulltime,0,0,0,526.0
Male,60,55_plus,GroupA,37600.0,13.9,39.3,662.0,0.1522,0,22300.0,0,rural,fulltime,0,1,1,662.0
Female,39,under_55,GroupA,36900.0,15.6,16.5,676.0,0.1797,0,12900.0,11,suburban,fulltime,0,1,1,674.0
Male,34,under_55,GroupA,45900.0,10.8,18.2,572.0,0.5466,1,15200.0,0,urban,fulltime,0,1,1,577.0
Male,42,under_55,GroupC,54500.0,15.6,20.6,718.0,0.2117,0,46400.0,0,urban,fulltime,0,1,1,731.0
Male,18,under_55,GroupA,28900.0,15.5,0.0,528.0,0.2591,1,12300.0,2,urban,fulltime,0,1,1,517.0
Female,47,under_55,GroupA,12900.0,15.7,28.5,376.0,0.5191,1,6800.0,16,rural,parttime,0,0,0,381.0
Female,47,under_55,GroupA,19800.0,12.8,29.7,521.0,0.308,1,10000.0,15,suburban,parttime,1,0,1,504.0
Male,37,under_55,GroupB,38700.0,12.6,17.9,571.0,0.4258,0,44500.0,1,suburban,parttime,0,1,1,617.0
Male,39,under_55,GroupB,19100.0,11.0,24.0,519.0,0.5252,0,14500.0,2,urban,fulltime,0,0,1,500.0
Male,18,under_55,GroupA,31400.0,14.7,0.0,388.0,0.3196,2,30400.0,0,suburban,fulltime,0,0,0,396.0
Male,44,under_55,GroupC,37200.0,12.6,20.6,631.0,0.5493,0,52200.0,3,urban,fulltime,0,1,1,611.0
Female,45,under_55,GroupA,28600.0,15.5,25.6,630.0,0.4018,0,12800.0,17,rural,fulltime,0,1,1,593.0
Male,44,under_55,GroupA,51100.0,17.5,18.9,606.0,0.5218,0,31400.0,1,suburban,fulltime,1,1,1,618.0
Male,58,55_plus,GroupC,36700.0,14.5,38.4,692.0,0.1923,0,48500.0,1,urban,fulltime,1,1,1,703.0
Female,46,under_55,GroupC,37700.0,13.4,27.5,545.0,0.2547,0,14400.0,2,urban,fulltime,0,0,1,653.0
Male,27,under_55,GroupB,36300.0,16.1,9.2,469.0,0.2467,2,26100.0,2,urban,fulltime,0,0,0,511.0
Female,54,under_55,GroupA,24100.0,15.8,33.9,596.0,0.3585,0,15900.0,13,suburban,parttime,0,0,0,576.0
Female,49,under_55,GroupB,17500.0,10.3,26.7,393.0,0.2295,2,9600.0,13,urban,fulltime,1,0,0,458.0
Male,41,under_55,GroupA,26700.0,12.2,20.7,439.0,0.6179,1,19100.0,3,suburban,fulltime,0,0,0,452.0
Male,50,under_55,GroupA,31700.0,11.9,32.2,405.0,0.6318,2,18800.0,0,suburban,fulltime,1,0,0,395.0
Female,60,55_plus,GroupB,27500.0,10.7,45.0,538.0,0.3478,0,22900.0,9,urban,fulltime,0,1,1,575.0
Female,39,under_55,GroupA,31200.0,11.9,30.4,673.0,0.279,0,18800.0,7,urban,selfemployed,0,0,1,613.0
Female,37,under_55,GroupA,25300.0,16.4,18.6,623.0,0.1063,0,11400.0,14,suburban,fulltime,0,0,1,658.0
Male,31,under_55,GroupA,39400.0,15.2,9.1,642.0,0.2089,0,26100.0,0,urban,fulltime,0,1,1,644.0
Female,57,55_plus,GroupB,23100.0,13.4,38.4,580.0,0.2177,0,8100.0,12,suburban,fulltime,0,1,1,611.0
Male,46,under_55,GroupA,34300.0,16.4,17.5,585.0,0.5514,0,9600.0,3,urban,fulltime,0,0,0,574.0
Male,58,55_plus,GroupA,55800.0,16.3,35.0,568.0,0.6381,0,59000.0,0,suburban,fulltime,0,0,0,564.0
Female,18,under_55,GroupA,31400.0,13.9,0.0,583.0,0.2906,0,15600.0,11,urban,fulltime,0,0,0,531.0
Female,59,55_plus,GroupA,23000.0,15.2,41.0,595.0,0.2429,0,11500.0,1,suburban,fulltime,0,1,1,613.0
Male,51,under_55,GroupA,43700.0,13.3,31.8,690.0,0.1754,0,12600.0,0,suburban,fulltime,0,1,1,704.0
Female,26,under_55,GroupA,25500.0,18.0,5.0,457.0,0.274,2,23100.0,13,suburban,selfemployed,1,0,0,419.0
Male,54,under_55,GroupC,38700.0,18.8,25.0,724.0,0.1729,0,30900.0,14,urban,fulltime,1,0,1,692.0
Male,66,55_plus,GroupC,23400.0,10.5,45.0,494.0,0.4244,1,5800.0,0,suburban,fulltime,0,0,0,516.0
Female,18,under_55,GroupA,18900.0,13.3,0.0,300.0,0.6486,2,5700.0,14,suburban,selfemployed,0,0,0,300.0
Male,42,under_55,GroupC,22700.0,12.8,19.4,631.0,0.4012,0,11000.0,3,rural,fulltime,0,0,1,549.0
Male,55,55_plus,GroupB,52600.0,11.0,35.1,678.0,0.2228,1,53400.0,0,urban,fulltime,0,1,1,707.0
Male,52,under_55,GroupB,27700.0,8.0,38.4,462.0,0.478,1,11400.0,1,urban,fulltime,0,0,0,482.0
Male,57,55_plus,GroupA,35300.0,15.0,37.7,507.0,0.4943,1,37500.0,1,suburban,selfemployed,1,1,1,503.0
Female,31,under_55,GroupA,20400.0,11.9,12.8,530.0,0.1972,0,10700.0,9,suburban,fulltime,0,1,1,599.0
Male,43,under_55,GroupC,29100.0,10.1,29.4,536.0,0.4748,0,18200.0,2,urban,fulltime,0,0,1,527.0
Male,55,55_plus,GroupC,21500.0,14.5,34.0,475.0,0.4857,1,15300.0,3,urban,parttime,0,0,0,471.0
Female,58,55_plus,GroupA,45400.0,15.4,44.6,592.0,0.666,0,31300.0,0,urban,fulltime,0,0,0,575.0
Male,40,under_55,GroupA,46700.0,15.5,18.0,703.0,0.1915,0,32300.0,1,urban,fulltime,0,1,1,695.0
Male,48,under_55,GroupC,19600.0,12.6,32.2,620.0,0.2667,0,19700.0,0,urban,fulltime,0,0,0,591.0
Male,30,under_55,GroupA,47900.0,15.1,5.5,500.0,0.3229,2,18000.0,2,suburban,fulltime,0,0,0,498.0
Male,62,55_plus,GroupB,23500.0,11.8,40.7,616.0,0.4514,0,18400.0,2,urban,parttime,0,0,0,564.0
Male,43,under_55,GroupA,26700.0,13.4,25.4,640.0,0.0878,0,9300.0,1,suburban,fulltime,0,1,1,656.0
Female,29,under_55,GroupA,24300.0,16.1,2.6,378.0,0.1857,3,5600.0,11,suburban,fulltime,0,0,0,348.0
Male,18,under_55,GroupC,22300.0,11.3,5.0,403.0,0.4822,2,14700.0,1,urban,fulltime,0,0,0,397.0
Male,59,55_plus,GroupA,61600.0,18.1,38.4,703.0,0.194,0,23800.0,2,suburban,fulltime,0,1,1,710.0
Female,45,under_55,GroupA,34300.0,15.6,21.5,517.0,0.5701,0,34100.0,11,urban,fulltime,0,1,1,527.0
Female,48,under_55,GroupB,19700.0,14.4,29.4,520.0,0.2021,1,20300.0,15,urban,selfemployed,0,1,1,583.0
Male,37,under_55,GroupA,27100.0,12.2,16.6,563.0,0.3772,0,25600.0,1,urban,fulltime,0,0,0,549.0
Female,41,under_55,GroupA,26400.0,16.5,21.2,526.0,0.2219,1,15100.0,0,suburban,fulltime,0,1,1,568.0
Female,47,under_55,GroupA,12200.0,15.0,26.5,421.0,0.491,1,24900.0,12,suburban,parttime,0,0,0,381.0
Male,31,under_55,GroupB,36200.0,12.3,10.8,677.0,0.0873,0,27000.0,4,urban,fulltime,0,1,1,708.0
Male,43,under_55,GroupB,34500.0,14.3,23.8,580.0,0.3719,0,29800.0,8,suburban,fulltime,0,1,1,574.0
Female,37,under_55,GroupA,36100.0,14.5,21.6,614.0,0.3941,0,26400.0,8,suburban,parttime,0,0,0,605.0
Female,51,under_55,GroupA,28300.0,14.4,37.0,669.0,0.2353,0,10100.0,9,suburban,fulltime,0,1,1,672.0
Female,64,55_plus,GroupA,27700.0,18.2,38.5,642.0,0.1568,0,17900.0,13,suburban,fulltime,0,0,1,654.0
Female,28,under_55,GroupA,24500.0,14.9,6.7,670.0,0.1179,0,12500.0,16,urban,selfemployed,0,1,1,633.0
Male,52,under_55,GroupC,36700.0,10.2,42.7,703.0,0.2088,0,33800.0,3,urban,selfemployed,1,1,1,747.0
Male,56,55_plus,GroupA,28400.0,14.4,33.1,509.0,0.3904,1,17700.0,3,suburban,fulltime,1,1,1,524.0
Male,34,under_55,GroupA,38600.0,14.7,14.8,692.0,0.2685,0,14700.0,1,suburban,selfemployed,0,1,1,705.0
Female,36,under_55,GroupA,21100.0,13.2,21.3,633.0,0.1317,0,26300.0,15,rural,fulltime,0,1,1,655.0
Male,64,55_plus,GroupB,14300.0,11.4,41.7,535.0,0.3309,1,11300.0,0,urban,fulltime,1,0,0,495.0
Male,31,under_55,GroupB,21500.0,17.6,3.8,494.0,0.4415,0,19800.0,0,urban,fulltime,0,0,0,477.0
Male,36,under_55,GroupB,38400.0,13.4,13.0,651.0,0.2177,0,20200.0,2,urban,fulltime,0,0,1,651.0
Female,61,55_plus,GroupA,15000.0,12.5,41.0,367.0,0.6514,1,8500.0,11,rural,parttime,0,0,0,376.0
Male,66,55_plus,GroupA,37300.0,9.6,45.0,671.0,0.2386,0,21500.0,1,suburban,fulltime,0,1,1,662.0
Female,53,under_55,GroupA,16600.0,12.3,33.0,437.0,0.4298,1,18500.0,1,suburban,fulltime,1,0,0,413.0
Female,21,under_55,GroupA,26000.0,14.7,1.0,300.0,0.7067,1,11800.0,13,rural,selfemployed,1,0,0,327.0
Male,31,under_55,GroupA,42200.0,16.6,6.9,553.0,0.6408,0,50900.0,2,rural,fulltime,0,0,0,581.0
Female,39,under_55,GroupA,21000.0,13.2,18.3,484.0,0.5023,1,11600.0,1,urban,selfemployed,0,0,0,460.0
Male,45,under_55,GroupC,47800.0,17.6,23.7,684.0,0.2495,0,25800.0,2,urban,fulltime,0,1,1,674.0
Female,65,55_plus,GroupB,15900.0,12.2,45.0,319.0,0.6228,1,5600.0,19,urban,fulltime,0,0,0,374.0
Female,61,55_plus,GroupB,31500.0,12.7,42.4,553.0,0.6245,0,23300.0,8,urban,fulltime,1,0,0,535.0
Male,37,under_55,GroupB,47500.0,17.6,11.6,595.0,0.5526,0,25100.0,2,rural,fulltime,0,1,1,586.0
Female,45,under_55,GroupA,34800.0,14.5,22.4,599.0,0.272,1,27700.0,17,suburban,fulltime,0,1,1,610.0
Female,40,under_55,GroupC,30800.0,16.2,16.9,710.0,0.0318,0,21300.0,12,suburban,parttime,0,1,1,693.0
Male,36,under_55,GroupB,32300.0,15.4,12.6,415.0,0.6378,1,9700.0,3,urban,parttime,0,0,0,457.0
Male,37,under_55,GroupA,43100.0,13.4,22.1,652.0,0.2288,0,32500.0,2,urban,fulltime,0,1,1,639.0
Male,50,under_55,GroupA,22800.0,9.5,33.6,549.0,0.3122,0,20900.0,1,suburban,fulltime,0,1,1,545.0
Male,51,under_55,GroupA,33700.0,13.3,31.1,590.0,0.521,0,12900.0,1,suburban,selfemployed,0,1,1,585.0
Female,29,under_55,GroupB,25800.0,17.3,4.0,593.0,0.1542,0,17400.0,15,urban,fulltime,0,1,1,606.0
Female,40,under_55,GroupA,16400.0,17.9,16.2,537.0,0.304,0,5100.0,4,rural,parttime,0,0,1,550.0
Female,41,under_55,GroupA,32300.0,19.2,11.7,617.0,0.188,1,19600.0,10,urban,fulltime,0,0,1,643.0
Male,35,under_55,GroupC,33500.0,15.6,15.5,631.0,0.2828,0,10800.0,2,rural,fulltime,1,1,1,642.0
Female,55,55_plus,GroupB,13600.0,8.5,31.8,545.0,0.1792,1,9600.0,16,suburban,parttime,0,0,1,491.0
Male,54,under_55,GroupA,16600.0,13.5,30.8,441.0,0.5964,0,13300.0,1,urban,fulltime,0,0,0,449.0
Female,60,55_plus,GroupA,17200.0,11.5,45.0,406.0,0.5481,1,8200.0,2,urban,fulltime,0,0,0,423.0
Female,30,under_55,GroupA,15700.0,12.3,11.3,415.0,0.6726,0,17400.0,12,rural,fulltime,0,0,0,408.0
Male,50,under_55,GroupB,66500.0,14.1,31.9,815.0,0.0853,0,49000.0,1,urban,selfemployed,0,1,1,813.0
Male,35,under_55,GroupA,35600.0,17.0,10.7,708.0,0.0673,0,11800.0,0,urban,fulltime,1,1,1,705.0
Male,50,under_55,GroupB,39600.0,17.8,26.2,572.0,0.6433,0,31900.0,0,urban,fulltime,0,1,1,560.0
Female,34,under_55,GroupA,34900.0,21.8,7.4,595.0,0.4225,0,20000.0,3,suburban,fulltime,0,1,1,587.0
Male,34,under_55,GroupC,20200.0,12.4,14.7,761.0,0.0262,0,9900.0,1,suburban,fulltime,1,1,1,694.0
Male,60,55_plus,GroupB,28800.0,12.8,44.3,454.0,0.4109,2,23800.0,2,urban,fulltime,0,0,0,441.0
Male,34,under_55,GroupB,31000.0,16.7,15.3,401.0,0.6927,2,25900.0,2,suburban,fulltime,0,0,0,370.0
Female,34,under_55,GroupA,55600.0,22.0,5.9,552.0,0.62,0,25300.0,7,urban,fulltime,0,1,1,548.0
Male,50,under_55,GroupA,35600.0,15.0,25.0,726.0,0.041,0,13500.0,1,rural,fulltime,1,1,1,716.0
Female,71,55_plus,GroupA,24500.0,14.8,45.0,454.0,0.5256,1,16100.0,14,suburban,selfemployed,0,0,0,456.0
Female,38,under_55,GroupA,33000.0,14.6,17.7,704.0,0.0979,0,17800.0,5,suburban,fulltime,0,1,1,716.0
Male,35,under_55,GroupA,40000.0,15.1,16.7,562.0,0.2686,1,24200.0,2,suburban,fulltime,0,1,1,582.0
Female,45,under_55,GroupA,19100.0,15.4,28.9,439.0,0.4899,1,10500.0,7,rural,selfemployed,0,1,1,408.0
Male,44,under_55,GroupA,33900.0,11.6,25.1,538.0,0.7165,0,9500.0,0,urban,fulltime,0,1,1,542.0
Female,18,under_55,GroupA,21500.0,13.2,0.0,407.0,0.4966,0,5300.0,15,urban,selfemployed,0,1,1,430.0
Female,56,55_plus,GroupA,21200.0,12.6,35.5,558.0,0.2699,0,9100.0,10,rural,fulltime,0,0,1,573.0
Female,45,under_55,GroupA,53900.0,15.4,23.8,632.0,0.3319,1,20900.0,12,suburban,fulltime,0,1,1,650.0
Male,58,55_plus,GroupA,38300.0,16.2,34.3,639.0,0.2582,0,16100.0,3,rural,fulltime,1,1,1,656.0
Male,37,under_55,GroupB,12600.0,16.3,22.9,300.0,0.5626,3,7100.0,0,urban,fulltime,0,0,0,300.0
Female,40,under_55,GroupA,26000.0,18.0,14.2,605.0,0.513,0,17000.0,11,urban,fulltime,1,0,0,551.0
Male,61,55_plus,GroupA,48000.0,19.0,33.8,634.0,0.5613,0,18700.0,1,suburban,fulltime,0,1,1,616.0
Male,58,55_plus,GroupB,22900.0,15.6,34.3,415.0,0.5389,2,25600.0,0,rural,fulltime,1,0,0,449.0
Female,40,under_55,GroupC,28600.0,12.0,23.9,415.0,0.6152,3,10400.0,1,suburban,fulltime,0,0,0,348.0
Male,40,under_55,GroupA,38400.0,17.0,14.5,684.0,0.3084,0,24000.0,14,urban,fulltime,0,1,1,681.0
Male,44,under_55,GroupC,29400.0,10.5,22.2,496.0,0.5768,0,11000.0,1,urban,fulltime,0,0,1,509.0
Male,18,under_55,GroupC,38500.0,18.5,0.0,440.0,0.3489,2,25000.0,3,urban,fulltime,0,0,0,438.0
Male,72,55_plus,GroupA,45000.0,14.7,45.0,505.0,0.7706,0,16500.0,14,suburban,fulltime,0,0,0,510.0
Male,54,under_55,GroupA,89600.0,17.3,34.1,710.0,0.3304,0,34900.0,2,rural,fulltime,0,1,1,729.0
Male,49,under_55,GroupC,17800.0,8.0,33.0,321.0,0.6133,4,6200.0,4,urban,fulltime,0,0,0,300.0
Male,18,under_55,GroupB,14200.0,12.2,2.7,534.0,0.1982,1,8400.0,1,urban,selfemployed,0,1,1,467.0
Female,34,under_55,GroupA,27000.0,21.4,8.5,592.0,0.2903,1,9600.0,7,rural,parttime,0,1,1,524.0
Male,29,under_55,GroupB,11700.0,11.0,13.3,505.0,0.2612,0,9200.0,0,rural,parttime,0,0,0,556.0
Male,28,under_55,GroupA,32000.0,13.8,9.6,580.0,0.2344,1,17200.0,3,urban,fulltime,0,1,1,571.0
Male,45,under_55,GroupA,27400.0,13.9,21.6,577.0,0.2596,0,12900.0,2,suburban,parttime,0,1,1,578.0
Female,36,under_55,GroupB,18700.0,9.3,19.2,536.0,0.6241,0,7500.0,16,urban,fulltime,0,0,0,511.0
Male,38,under_55,GroupC,33200.0,20.5,15.0,590.0,0.2591,0,22100.0,1,urban,selfemployed,0,1,1,628.0
Female,67,55_plus,GroupC,14900.0,15.5,45.0,528.0,0.3886,0,5100.0,17,urban,parttime,0,0,0,507.0
Female,18,under_55,GroupC,28100.0,12.7,0.0,408.0,0.3387,1,31400.0,1,urban,fulltime,0,0,0,449.0
Male,62,55_plus,GroupA,17900.0,13.2,45.0,512.0,0.3599,0,8800.0,17,suburban,fulltime,1,1,1,505.0
Female,69,55_plus,GroupB,30100.0,17.0,45.0,535.0,0.5492,0,18700.0,13,urban,selfemployed,0,0,0,549.0
Male,33,under_55,GroupA,74700.0,16.2,9.6,685.0,0.412,0,27600.0,3,suburban,fulltime,0,1,1,675.0
Female,35,under_55,GroupB,16800.0,10.3,19.7,423.0,0.1641,3,8600.0,9,rural,parttime,1,0,0,467.0
Female,41,under_55,GroupA,31800.0,14.9,22.8,475.0,0.7227,1,15100.0,15,urban,fulltime,1,1,1,443.0
Male,49,under_55,GroupA,58600.0,17.5,22.1,676.0,0.2783,0,20100.0,5,urban,selfemployed,0,1,1,687.0
Female,55,55_plus,GroupA,28600.0,14.7,27.5,528.0,0.574,0,21500.0,14,rural,fulltime,0,0,0,507.0
Female,27,under_55,GroupC,13800.0,8.5,7.8,300.0,0.7129,2,8700.0,12,suburban,fulltime,0,0,0,300.0
Male,26,under_55,GroupC,31400.0,11.1,10.7,472.0,0.7334,0,17600.0,2,urban,fulltime,0,0,0,484.0
Female,70,55_plus,GroupA,27000.0,8.0,45.0,358.0,0.536,3,28200.0,15,urban,fulltime,0,0,0,369.0
Female,48,under_55,GroupA,27300.0,12.2,27.1,575.0,0.4797,0,9600.0,12,suburban,selfemployed,0,1,1,587.0
Male,45,under_55,GroupA,45700.0,15.7,23.5,664.0,0.2644,0,52900.0,1,suburban,fulltime,0,1,1,667.0
Female,49,under_55,GroupC,18800.0,14.7,29.5,384.0,0.6106,2,16500.0,20,urban,selfemployed,0,0,0,334.0
Female,22,under_55,GroupA,12400.0,14.7,0.9,320.0,0.3589,1,12600.0,13,suburban,fulltime,0,0,0,346.0
Female,49,under_55,GroupA,25500.0,15.4,26.1,554.0,0.4877,0,14100.0,8,suburban,fulltime,0,1,1,555.0
Female,18,under_55,GroupA,17200.0,12.4,1.0,386.0,0.265,1,13200.0,2,urban,selfemployed,0,0,0,432.0
Female,33,under_55,GroupA,24900.0,13.6,10.9,597.0,0.1561,0,17400.0,15,urban,fulltime,0,1,1,576.0
Female,52,under_55,GroupB,25800.0,12.6,33.9,608.0,0.1736,1,11300.0,0,urban,parttime,1,0,1,601.0
Female,43,under_55,GroupA,28700.0,16.2,20.2,568.0,0.38,0,16700.0,0,suburban,fulltime,1,1,1,627.0
Male,29,under_55,GroupB,41900.0,12.3,6.5,687.0,0.1817,0,31600.0,3,urban,selfemployed,0,1,1,685.0
Male,46,under_55,GroupB,36900.0,10.4,28.8,481.0,0.4874,1,42600.0,0,urban,fulltime,1,0,0,515.0
Female,45,under_55,GroupA,15500.0,10.9,30.4,484.0,0.2389,1,8000.0,0,suburban,parttime,0,0,0,512.0
Male,28,under_55,GroupB,32200.0,18.1,2.3,522.0,0.1878,1,19400.0,3,urban,fulltime,0,0,1,523.0
Male,49,under_55,GroupC,10800.0,8.4,40.1,343.0,0.6828,0,5200.0,1,urban,fulltime,1,1,1,350.0
Female,54,under_55,GroupA,34700.0,12.8,37.5,502.0,0.674,0,19000.0,10,urban,fulltime,0,0,0,522.0
Male,33,under_55,GroupB,42800.0,11.6,17.4,610.0,0.4209,1,37500.0,13,urban,fulltime,0,0,0,603.0
Female,50,under_55,GroupA,18800.0,13.2,29.2,538.0,0.1746,1,7100.0,15,urban,fulltime,0,1,1,562.0
Female,19,under_55,GroupC,17500.0,11.2,5.8,565.0,0.2943,0,15300.0,4,suburban,parttime,0,0,0,510.0
Female,26,under_55,GroupA,26300.0,12.5,5.5,544.0,0.404,0,15400.0,13,suburban,selfemployed,1,0,1,525.0
Male,44,under_55,GroupB,27200.0,14.7,30.0,489.0,0.3259,2,10200.0,0,urban,fulltime,1,1,1,476.0
Male,35,under_55,GroupA,40500.0,13.8,15.7,545.0,0.6494,0,34200.0,1,rural,fulltime,0,1,1,560.0
Male,47,under_55,GroupB,22800.0,17.8,21.6,450.0,0.4765,2,18600.0,0,urban,selfemployed,0,0,0,447.0
Female,34,under_55,GroupA,46800.0,17.0,9.2,618.0,0.2634,1,24600.0,8,rural,fulltime,1,0,0,640.0
Male,60,55_plus,GroupA,37200.0,17.3,37.7,664.0,0.3157,0,17800.0,2,suburban,selfemployed,0,1,1,661.0
Female,25,under_55,GroupA,28100.0,13.5,8.1,532.0,0.6725,0,11000.0,9,rural,fulltime,0,0,0,476.0
Male,35,under_55,GroupA,27900.0,16.4,13.3,588.0,0.3669,0,33800.0,12,suburban,fulltime,0,1,1,587.0
Female,37,under_55,GroupA,29500.0,10.9,23.4,368.0,0.8315,1,16400.0,16,suburban,fulltime,0,0,0,349.0
Female,31,under_55,GroupB,22200.0,9.8,14.8,569.0,0.1391,1,5300.0,1,rural,selfemployed,1,1,1,585.0
Female,21,under_55,GroupA,30400.0,15.8,3.6,411.0,0.461,1,26200.0,13,rural,selfemployed,0,0,0,445.0
Male,38,under_55,GroupA,29100.0,16.6,19.4,665.0,0.1024,0,14400.0,2,rural,fulltime,0,1,1,677.0
Male,36,under_55,GroupA,49600.0,14.5,12.5,628.0,0.2677,1,16200.0,1,suburban,fulltime,1,1,1,616.0
Female,58,55_plus,GroupC,25300.0,16.6,41.4,680.0,0.0629,0,18300.0,11,urban,fulltime,1,0,0,659.0
Female,37,under_55,GroupA,11600.0,14.9,15.8,437.0,0.4916,0,5000.0,12,urban,parttime,0,0,0,467.0
Male,26,under_55,GroupC,20400.0,11.8,6.2,468.0,0.5347,0,7200.0,1,urban,fulltime,0,1,1,430.0
Male,72,55_plus,GroupA,30100.0,14.0,45.0,595.0,0.3641,1,24800.0,1,suburban,fulltime,0,0,0,581.0
Female,53,under_55,GroupB,18100.0,10.2,37.0,412.0,0.6238,0,26700.0,14,urban,selfemployed,1,0,0,409.0
Male,69,55_plus,GroupA,24500.0,11.6,45.0,554.0,0.2794,1,19300.0,1,suburban,fulltime,1,1,1,534.0
Female,33,under_55,GroupA,24800.0,13.6,13.2,609.0,0.2314,0,12900.0,9,suburban,fulltime,0,1,1,646.0
Male,30,under_55,GroupB,44600.0,14.6,12.1,622.0,0.2105,1,49800.0,15,urban,fulltime,1,1,1,683.0
Female,66,55_plus,GroupB,18200.0,8.0,45.0,531.0,0.1202,1,16800.0,11,urban,selfemployed,0,0,0,569.0
Male,21,under_55,GroupA,24700.0,13.4,4.3,504.0,0.4068,1,7800.0,1,urban,fulltime,0,0,0,502.0
Male,47,under_55,GroupC,32500.0,12.8,32.3,439.0,0.5787,2,34000.0,13,urban,fulltime,0,0,0,412.0
Male,40,under_55,GroupC,37900.0,13.7,18.5,734.0,0.15,0,19000.0,3,urban,fulltime,0,1,1,694.0
Female,52,under_55,GroupB,27700.0,11.9,33.1,505.0,0.5684,1,16700.0,0,urban,fulltime,0,0,0,521.0
Female,54,under_55,GroupB,32400.0,16.2,28.8,607.0,0.3376,0,16300.0,14,rural,selfemployed,1,1,1,570.0
Male,41,under_55,GroupB,38300.0,16.9,18.2,374.0,0.7401,3,27500.0,3,suburban,fulltime,0,0,0,375.0
Male,32,under_55,GroupB,35800.0,17.5,12.3,764.0,0.0654,0,29600.0,0,urban,fulltime,0,1,1,706.0
Female,45,under_55,GroupA,28400.0,12.9,29.9,462.0,0.5859,1,19900.0,8,suburban,selfemployed,0,0,0,458.0
Male,67,55_plus,GroupB,27800.0,14.4,45.0,553.0,0.3376,0,16400.0,5,urban,fulltime,0,1,1,588.0
Male,54,under_55,GroupA,28500.0,9.9,37.7,568.0,0.4092,0,20200.0,1,suburban,selfemployed,1,0,0,571.0
Male,47,under_55,GroupA,32300.0,12.8,29.4,650.0,0.0855,1,15100.0,1,suburban,selfemployed,0,1,1,643.0
Male,32,under_55,GroupA,32300.0,12.4,7.9,583.0,0.4008,0,19000.0,0,urban,fulltime,0,1,1,590.0
Male,37,under_55,GroupA,40100.0,16.6,9.7,704.0,0.205,0,29400.0,1,suburban,selfemployed,0,1,1,706.0
Male,35,under_55,GroupA,57000.0,20.2,12.3,692.0,0.2214,0,28500.0,2,urban,fulltime,0,1,1,702.0
Male,18,under_55,GroupC,22700.0,14.2,0.0,530.0,0.3095,0,11900.0,0,urban,fulltime,0,0,0,487.0
Male,59,55_plus,GroupB,21000.0,12.7,42.1,403.0,0.4966,1,10100.0,1,urban,fulltime,0,1,1,438.0
Female,44,under_55,GroupB,25200.0,12.5,27.1,533.0,0.3033,1,42500.0,19,suburban,fulltime,0,0,0,537.0
Male,36,under_55,GroupA,21300.0,17.3,14.0,495.0,0.4726,1,10300.0,1,urban,fulltime,0,0,0,506.0
Male,41,under_55,GroupC,45700.0,15.3,25.2,528.0,0.4238,1,16600.0,0,urban,fulltime,0,1,1,544.0
Female,22,under_55,GroupA,15100.0,12.8,5.1,511.0,0.2238,1,6600.0,9,urban,selfemployed,0,0,0,476.0
Male,65,55_plus,GroupA,22800.0,12.6,45.0,496.0,0.5286,0,16400.0,0,suburban,fulltime,0,0,0,507.0
Female,44,under_55,GroupA,28600.0,10.4,30.5,662.0,0.0971,0,16000.0,2,suburban,selfemployed,1,1,1,693.0
Female,27,under_55,GroupC,26200.0,16.9,4.2,596.0,0.471,0,21900.0,12,urban,fulltime,0,0,0,488.0
Male,54,under_55,GroupA,29600.0,12.5,31.4,610.0,0.2022,1,11800.0,2,suburban,fulltime,0,1,1,620.0
Female,50,under_55,GroupC,23300.0,16.2,26.6,505.0,0.1901,1,17400.0,1,urban,fulltime,0,0,0,563.0
Male,33,under_55,GroupA,30200.0,9.2,19.0,523.0,0.3656,1,12700.0,0,suburban,fulltime,1,0,0,536.0
Female,23,under_55,GroupA,22900.0,17.3,0.0,398.0,0.4822,1,28700.0,0,suburban,fulltime,1,0,0,441.0
Male,43,under_55,GroupA,44500.0,9.7,31.2,605.0,0.3008,1,45000.0,0,suburban,fulltime,0,1,1,606.0
Female,47,under_55,GroupA,22100.0,15.1,30.4,420.0,0.4704,1,12500.0,9,suburban,fulltime,1,0,0,479.0
Male,21,under_55,GroupA,33400.0,11.5,4.9,387.0,0.5427,1,19600.0,3,rural,selfemployed,1,0,0,384.0
Male,23,under_55,GroupB,42800.0,12.2,4.6,506.0,0.4232,2,13300.0,1,urban,fulltime,0,0,0,438.0
Male,56,55_plus,GroupA,19100.0,9.8,38.9,540.0,0.2885,0,14300.0,1,suburban,fulltime,0,1,1,546.0
Male,29,under_55,GroupA,59400.0,18.6,7.0,662.0,0.3619,0,44900.0,13,rural,fulltime,0,1,1,675.0
Female,33,under_55,GroupC,40100.0,11.3,22.6,684.0,0.4063,0,17300.0,15,urban,fulltime,0,0,1,624.0
Female,34,under_55,GroupA,34300.0,18.6,8.6,499.0,0.2065,1,31000.0,16,urban,fulltime,0,1,1,593.0
Male,77,55_plus,GroupA,38700.0,13.9,45.0,672.0,0.3794,0,25900.0,0,urban,fulltime,0,1,1,678.0
Male,45,under_55,GroupB,28200.0,9.4,30.8,557.0,0.4644,1,13100.0,5,suburban,fulltime,0,1,1,523.0
Male,29,under_55,GroupA,23700.0,15.7,7.7,521.0,0.3349,0,11300.0,0,urban,fulltime,0,1,1,533.0
Female,33,under_55,GroupC,14200.0,10.2,18.9,500.0,0.4573,0,11600.0,17,rural,parttime,1,0,0,503.0
Male,39,under_55,GroupB,50000.0,10.0,21.0,677.0,0.4035,1,32000.0,1,suburban,fulltime,1,1,1,586.0
Male,30,under_55,GroupB,20100.0,13.9,9.0,616.0,0.3081,0,9100.0,17,urban,fulltime,1,1,1,572.0
Male,32,under_55,GroupA,33300.0,16.6,12.6,677.0,0.1675,0,13300.0,0,rural,fulltime,0,1,1,684.0
Male,44,under_55,GroupC,28900.0,14.1,28.6,626.0,0.2651,0,9500.0,1,suburban,selfemployed,0,0,1,615.0
Female,38,under_55,GroupA,30400.0,12.4,21.9,577.0,0.437,0,19500.0,11,suburban,parttime,1,1,1,578.0
Female,70,55_plus,GroupA,11200.0,12.6,45.0,378.0,0.4859,2,4600.0,14,suburban,selfemployed,0,0,0,366.0
Male,37,under_55,GroupA,23800.0,12.9,16.0,574.0,0.2701,1,25300.0,0,rural,fulltime,0,1,1,568.0
Male,52,under_55,GroupA,45000.0,13.9,24.9,616.0,0.311,0,35500.0,0,suburban,fulltime,1,1,1,629.0
Male,40,under_55,GroupA,26800.0,16.4,17.0,474.0,0.3345,2,8200.0,2,suburban,selfemployed,1,1,1,471.0
Female,30,under_55,GroupA,38500.0,15.1,7.3,656.0,0.2274,0,42800.0,21,urban,fulltime,0,1,1,688.0
Female,43,under_55,GroupB,19000.0,11.5,28.4,356.0,0.5259,2,14800.0,16,urban,parttime,0,0,0,349.0
Female,56,55_plus,GroupA,19200.0,14.5,37.4,440.0,0.4083,1,8800.0,1,urban,fulltime,0,0,0,456.0
Female,42,under_55,GroupB,20300.0,15.2,26.1,577.0,0.2045,1,10900.0,16,urban,selfemployed,0,1,1,553.0
Female,54,under_55,GroupA,55900.0,15.9,29.6,599.0,0.5298,0,18700.0,19,suburban,fulltime,0,1,1,631.0
Female,28,under_55,GroupA,16500.0,11.9,7.7,466.0,0.2756,2,12600.0,18,suburban,fulltime,0,0,0,427.0
Male,52,under_55,GroupA,28200.0,13.1,33.9,511.0,0.362,1,26500.0,4,suburban,fulltime,0,1,1,523.0
Male,41,under_55,GroupB,17300.0,8.1,25.8,620.0,0.1802,0,11000.0,1,urban,parttime,1,0,0,598.0
Male,52,under_55,GroupA,31400.0,16.6,29.6,576.0,0.3437,0,17000.0,2,suburban,selfemployed,0,1,1,573.0
Male,73,55_plus,GroupB,28700.0,13.2,45.0,625.0,0.2802,0,13100.0,2,urban,fulltime,0,1,1,643.0
Male,53,under_55,GroupA,59000.0,14.5,30.4,696.0,0.2217,0,52100.0,1,suburban,parttime,0,1,1,710.0
Male,36,under_55,GroupB,26700.0,12.8,19.5,488.0,0.3578,1,16900.0,0,suburban,fulltime,0,0,0,536.0
Female,30,under_55,GroupA,26300.0,11.6,15.3,668.0,0.1683,0,11700.0,1,rural,parttime,0,1,1,655.0
Female,60,55_plus,GroupA,22900.0,12.6,41.4,428.0,0.4825,2,16700.0,8,rural,fulltime,0,0,0,399.0
Female,48,under_55,GroupA,25500.0,16.5,19.8,346.0,0.6424,2,19200.0,22,suburban,selfemployed,1,0,0,402.0
Female,39,under_55,GroupA,28200.0,13.5,19.0,719.0,0.0931,1,43600.0,16,rural,fulltime,0,0,0,684.0
Male,39,under_55,GroupB,26100.0,9.4,24.7,552.0,0.5786,0,12100.0,3,urban,selfemployed,0,0,0,517.0
Female,35,under_55,GroupA,48800.0,19.3,8.6,637.0,0.3699,0,43400.0,3,suburban,parttime,0,1,1,631.0
Male,36,under_55,GroupA,53800.0,16.7,13.8,699.0,0.2307,0,11000.0,0,suburban,selfemployed,0,1,1,716.0
Female,68,55_plus,GroupA,29300.0,16.1,45.0,500.0,0.2983,2,29200.0,10,rural,fulltime,1,0,1,526.0
Female,42,under_55,GroupB,30800.0,13.7,13.5,721.0,0.1945,0,9200.0,11,urban,fulltime,0,1,1,666.0
Male,59,55_plus,GroupB,95300.0,15.1,37.4,681.0,0.3173,0,52700.0,1,urban,selfemployed,0,1,1,709.0
Male,37,under_55,GroupB,16600.0,12.4,18.3,300.0,0.763,3,31100.0,2,rural,fulltime,0,0,0,300.0
Male,40,under_55,GroupA,27500.0,13.8,20.7,470.0,0.4813,1,7300.0,1,rural,fulltime,0,1,1,487.0
Male,22,under_55,GroupC,52200.0,17.5,0.0,548.0,0.5838,0,44600.0,2,urban,fulltime,0,0,0,545.0
Female,36,under_55,GroupA,30600.0,15.5,15.8,423.0,0.549,1,28300.0,10,urban,selfemployed,0,0,0,464.0
Male,45,under_55,GroupA,36400.0,17.2,20.8,712.0,0.1795,0,34000.0,5,suburban,fulltime,1,1,1,730.0
Female,34,under_55,GroupC,19700.0,13.3,15.7,572.0,0.0802,0,17400.0,18,rural,parttime,0,1,1,635.0
Female,18,under_55,GroupA,28700.0,16.9,0.0,604.0,0.1165,0,10200.0,13,rural,fulltime,1,1,1,587.0
Female,32,under_55,GroupA,25900.0,14.3,10.2,656.0,0.1671,0,13700.0,11,suburban,parttime,0,1,1,643.0
Female,44,under_55,GroupA,22700.0,13.0,29.2,386.0,0.5696,1,32300.0,7,rural,fulltime,0,0,0,446.0
Female,29,under_55,GroupA,26900.0,9.9,14.8,643.0,0.0992,1,24700.0,2,suburban,fulltime,1,0,1,663.0
Female,55,55_plus,GroupB,29800.0,14.7,30.0,685.0,0.1599,0,4400.0,16,urban,fulltime,0,0,1,705.0
Male,50,under_55,GroupA,26000.0,16.0,29.8,704.0,0.0348,0,13200.0,1,urban,fulltime,1,1,1,719.0
Female,52,under_55,GroupB,21500.0,14.1,31.6,607.0,0.1644,0,9700.0,11,urban,selfemployed,0,1,1,618.0
Female,74,55_plus,GroupA,22100.0,15.6,45.0,605.0,0.276,0,11900.0,18,suburban,fulltime,1,1,1,602.0
Male,31,under_55,GroupB,42700.0,17.0,10.3,579.0,0.46,0,46900.0,0,urban,fulltime,0,1,1,559.0
Male,41,under_55,GroupB,19900.0,9.8,24.8,568.0,0.3255,0,11200.0,11,urban,selfemployed,0,0,1,582.0
Male,33,under_55,GroupC,49000.0,18.1,12.8,666.0,0.235,0,22000.0,0,urban,selfemployed,0,1,1,688.0
Male,72,55_plus,GroupA,31400.0,17.4,45.0,609.0,0.2861,0,16500.0,2,urban,selfemployed,0,1,1,628.0
Female,41,under_55,GroupA,25400.0,18.5,19.3,652.0,0.3611,0,21200.0,13,urban,selfemployed,0,1,1,605.0
Male,34,under_55,GroupA,53100.0,13.5,16.0,493.0,0.4749,2,32300.0,3,suburban,fulltime,0,0,0,490.0
Female,64,55_plus,GroupC,28000.0,17.4,45.0,709.0,0.1614,1,29300.0,11,rural,fulltime,0,1,1,611.0
Male,62,55_plus,GroupA,23400.0,15.2,34.4,399.0,0.4641,1,9800.0,1,rural,fulltime,0,0,0,429.0
Female,45,under_55,GroupA,30500.0,10.5,29.4,343.0,0.8706,1,35100.0,14,urban,fulltime,0,0,0,333.0
Male,44,under_55,GroupB,17900.0,13.7,21.1,542.0,0.2821,1,11700.0,1,urban,parttime,0,0,1,513.0
Female,33,under_55,GroupB,21200.0,14.9,10.0,450.0,0.7143,0,25800.0,14,urban,parttime,1,1,1,489.0
Female,37,under_55,GroupC,22500.0,13.8,15.9,588.0,0.2389,0,12900.0,14,urban,parttime,0,0,0,591.0
Male,41,under_55,GroupA,44000.0,11.9,24.2,631.0,0.3582,0,19400.0,3,urban,fulltime,0,1,1,628.0
Female,22,under_55,GroupC,29300.0,14.0,4.8,501.0,0.374,0,20200.0,9,rural,selfemployed,0,0,0,508.0
Male,40,under_55,GroupA,29900.0,15.3,18.5,316.0,0.95,2,10900.0,1,suburban,fulltime,0,0,0,333.0
Male,45,under_55,GroupB,21200.0,15.5,22.2,529.0,0.4761,0,15600.0,0,urban,fulltime,0,0,0,519.0
Male,49,under_55,GroupA,31300.0,14.6,26.8,497.0,0.2537,3,19800.0,1,rural,selfemployed,0,0,0,500.0
Male,63,55_plus,GroupB,36100.0,19.1,36.8,596.0,0.2612,1,37400.0,1,urban,fulltime,0,1,1,595.0
Male,46,under_55,GroupC,44500.0,13.8,25.0,758.0,0.0201,0,21400.0,5,urban,fulltime,0,1,1,775.0
Male,47,under_55,GroupB,40900.0,12.9,27.6,433.0,0.7253,1,51700.0,1,suburban,fulltime,0,1,1,443.0
Male,47,under_55,GroupA,41400.0,13.1,30.6,612.0,0.2304,1,23500.0,3,urban,fulltime,0,1,1,617.0
Male,36,under_55,GroupA,35400.0,12.6,18.3,667.0,0.3079,0,13700.0,2,suburban,fulltime,0,1,1,672.0
Female,24,under_55,GroupB,43200.0,17.2,1.5,632.0,0.2054,0,19300.0,6,urban,fulltime,1,0,1,552.0
Male,49,under_55,GroupA,53400.0,15.8,27.8,727.0,0.1288,0,25400.0,0,suburban,fulltime,0,1,1,726.0
Male,44,under_55,GroupB,26400.0,11.5,28.1,552.0,0.3221,0,29800.0,2,urban,fulltime,1,0,1,569.0
Male,29,under_55,GroupA,26500.0,14.7,7.0,577.0,0.1827,1,8500.0,0,suburban,selfemployed,0,0,0,580.0
Female,53,under_55,GroupA,32900.0,15.1,31.7,448.0,0.6482,1,20200.0,12,suburban,fulltime,0,0,1,449.0
Male,65,55_plus,GroupC,29400.0,12.6,44.8,710.0,0.2567,0,14400.0,1,suburban,fulltime,1,0,0,668.0
Male,33,under_55,GroupA,39100.0,15.3,16.3,728.0,0.0441,0,36600.0,0,rural,fulltime,0,1,1,735.0
Female,44,under_55,GroupA,33700.0,17.4,21.5,526.0,0.5917,0,33400.0,11,urban,fulltime,1,0,0,513.0
Female,49,under_55,GroupA,24600.0,18.0,28.3,608.0,0.3507,0,9900.0,0,urban,parttime,0,1,1,604.0
Male,21,under_55,GroupB,21200.0,12.5,4.9,628.0,0.0236,0,7000.0,0,suburban,fulltime,1,1,1,648.0
Female,34,under_55,GroupA,17200.0,14.6,12.9,627.0,0.1949,0,10400.0,11,urban,parttime,0,1,1,603.0
Female,60,55_plus,GroupC,21700.0,13.3,40.7,492.0,0.5483,0,22600.0,15,urban,fulltime,0,1,1,462.0
Female,50,under_55,GroupC,26100.0,18.1,20.7,534.0,0.4589,1,8700.0,3,urban,parttime,0,0,0,511.0
Female,21,under_55,GroupB,18300.0,13.4,4.5,539.0,0.369,1,5700.0,6,suburban,fulltime,0,0,0,448.0
Female,41,under_55,GroupA,27000.0,13.7,20.7,460.0,0.6795,0,16000.0,0,urban,selfemployed,0,1,1,461.0
Male,29,under_55,GroupB,27100.0,16.6,8.5,541.0,0.292,0,21500.0,11,urban,selfemployed,1,1,1,602.0
Male,44,under_55,GroupA,56700.0,15.6,20.3,749.0,0.239,0,42800.0,0,suburban,fulltime,1,1,1,738.0
Male,45,under_55,GroupB,29300.0,11.8,31.3,560.0,0.413,0,18000.0,2,rural,fulltime,0,0,0,582.0
Female,34,under_55,GroupA,35800.0,12.9,19.3,596.0,0.3538,0,49900.0,0,urban,fulltime,0,1,1,626.0
Female,24,under_55,GroupB,14700.0,15.9,3.7,351.0,0.3153,1,4100.0,6,urban,parttime,0,0,0,439.0
Female,40,under_55,GroupA,36100.0,12.5,17.8,705.0,0.2595,0,33300.0,20,suburban,fulltime,1,1,1,680.0
Female,38,under_55,GroupC,47700.0,13.3,17.1,717.0,0.4167,0,18100.0,13,urban,fulltime,0,1,1,663.0
Male,24,under_55,GroupB,36800.0,12.9,3.4,658.0,0.02,0,19700.0,14,urban,fulltime,0,0,1,642.0
Male,59,55_plus,GroupB,25000.0,14.8,35.2,509.0,0.1635,1,35300.0,0,suburban,fulltime,1,0,0,569.0
Female,24,under_55,GroupA,18300.0,16.8,3.1,324.0,0.4388,1,7900.0,16,urban,fulltime,0,0,0,367.0
Female,69,55_plus,GroupA,10500.0,10.8,45.0,447.0,0.3527,1,3300.0,18,rural,parttime,1,0,0,426.0
Female,41,under_55,GroupA,36200.0,14.6,22.9,580.0,0.4041,0,21000.0,0,suburban,fulltime,0,0,0,579.0
Male,30,under_55,GroupC,30400.0,19.8,4.1,525.0,0.65,0,7000.0,2,urban,fulltime,0,0,0,491.0
Male,35,under_55,GroupA,33700.0,10.7,13.7,620.0,0.3293,1,24100.0,13,suburban,parttime,0,1,1,625.0
Female,46,under_55,GroupA,14600.0,14.7,33.5,529.0,0.282,0,20200.0,11,rural,parttime,0,0,0,551.0
Female,32,under_55,GroupB,18100.0,9.2,18.3,614.0,0.1201,0,14400.0,3,urban,parttime,0,0,0,595.0
Male,47,under_55,GroupA,32000.0,11.6,29.3,531.0,0.3727,1,21800.0,4,suburban,fulltime,1,0,0,537.0
Male,33,under_55,GroupB,28600.0,13.4,16.2,611.0,0.1604,0,19800.0,3,urban,fulltime,0,0,1,636.0
Female,44,under_55,GroupA,20700.0,18.1,19.8,533.0,0.2579,1,14000.0,13,rural,parttime,0,0,0,529.0
Male,38,under_55,GroupB,35200.0,13.4,18.3,632.0,0.3189,0,14800.0,4,urban,selfemployed,0,1,1,617.0
Male,46,under_55,GroupA,47200.0,16.8,31.0,547.0,0.4131,1,42600.0,0,urban,fulltime,0,0,0,539.0
Male,46,under_55,GroupA,54600.0,19.3,19.6,573.0,0.2876,2,20800.0,2,suburban,fulltime,1,1,1,572.0
Male,28,under_55,GroupB,35200.0,15.9,8.5,619.0,0.4013,0,35200.0,1,suburban,fulltime,0,0,0,636.0
Male,69,55_plus,GroupA,19600.0,15.6,42.7,519.0,0.3789,1,14100.0,2,suburban,parttime,0,1,1,527.0
Male,47,under_55,GroupB,29900.0,9.6,28.7,429.0,0.5313,2,30400.0,1,urban,fulltime,0,0,0,430.0
Female,67,55_plus,GroupA,24500.0,12.8,45.0,528.0,0.2873,1,16500.0,9,suburban,fulltime,0,0,0,526.0
Male,47,under_55,GroupA,39100.0,14.7,24.4,611.0,0.2537,0,26500.0,0,rural,fulltime,0,1,1,622.0
Male,52,under_55,GroupC,15600.0,11.6,33.2,387.0,0.2766,2,6100.0,1,urban,selfemployed,0,0,1,464.0
Male,22,under_55,GroupA,38000.0,14.6,1.1,411.0,0.6621,1,19800.0,2,suburban,fulltime,0,0,0,399.0
Male,43,under_55,GroupB,28900.0,12.7,19.3,509.0,0.4782,0,12800.0,0,urban,fulltime,1,0,0,535.0
Male,32,under_55,GroupA,39300.0,15.4,9.1,500.0,0.5724,1,20600.0,2,urban,selfemployed,0,0,0,507.0
Male,54,under_55,GroupA,28100.0,14.0,34.3,467.0,0.5014,1,13400.0,1,suburban,fulltime,0,0,0,474.0
Male,53,under_55,GroupC,29200.0,12.1,36.3,559.0,0.3107,1,16000.0,2,suburban,fulltime,0,1,1,551.0
Female,55,55_plus,GroupB,64900.0,14.1,31.2,760.0,0.0337,0,24800.0,0,urban,fulltime,1,1,1,789.0
Female,22,under_55,GroupA,12000.0,13.6,0.7,300.0,0.444,1,10400.0,15,suburban,fulltime,0,0,0,316.0
Male,40,under_55,GroupB,20900.0,8.8,18.7,551.0,0.1638,1,6900.0,0,suburban,fulltime,0,0,0,545.0
Female,33,under_55,GroupA,48900.0,12.4,13.5,695.0,0.1977,0,28700.0,13,suburban,fulltime,0,1,1,690.0
Female,29,under_55,GroupA,13500.0,14.0,8.1,562.0,0.0892,1,13400.0,12,urban,fulltime,0,1,1,507.0
Female,35,under_55,GroupC,48500.0,17.1,15.6,620.0,0.4178,0,33400.0,1,urban,fulltime,1,1,1,664.0
Female,28,under_55,GroupC,24100.0,11.2,11.6,655.0,0.2332,0,13600.0,1,urban,parttime,0,1,1,637.0
Male,18,under_55,GroupB,18300.0,14.6,0.0,451.0,0.1925,0,10000.0,1,rural,fulltime,0,0,0,477.0
Male,41,under_55,GroupA,41200.0,11.4,23.0,745.0,0.1238,0,14700.0,11,suburban,fulltime,1,1,1,738.0
Male,43,under_55,GroupA,43100.0,16.9,20.1,597.0,0.3192,1,23100.0,2,suburban,fulltime,0,1,1,593.0
Male,56,55_plus,GroupA,28900.0,14.8,31.6,691.0,0.1515,0,19500.0,1,suburban,fulltime,0,0,1,674.0
Female,56,55_plus,GroupC,34700.0,16.7,33.5,621.0,0.2264,0,17400.0,10,urban,parttime,0,1,1,652.0
Female,69,55_plus,GroupA,24900.0,16.6,43.9,660.0,0.2521,0,9900.0,12,suburban,parttime,0,0,0,628.0
Male,64,55_plus,GroupB,41400.0,17.6,42.0,647.0,0.5114,0,29600.0,5,rural,parttime,0,0,0,604.0
Female,45,under_55,GroupA,21400.0,18.4,17.1,583.0,0.2344,0,12700.0,14,suburban,parttime,0,1,1,582.0
Male,18,under_55,GroupA,32500.0,12.9,3.1,540.0,0.3271,0,45400.0,6,suburban,selfemployed,0,0,0,550.0
Male,26,under_55,GroupA,33300.0,15.2,0.0,556.0,0.3856,0,75500.0,0,suburban,selfemployed,0,0,0,539.0
Male,25,under_55,GroupA,22600.0,14.5,8.3,301.0,0.5961,3,17500.0,13,rural,selfemployed,1,0,0,324.0
Male,35,under_55,GroupA,23700.0,12.5,21.4,457.0,0.5501,1,12900.0,8,rural,fulltime,0,0,0,451.0
Female,52,under_55,GroupA,27900.0,18.2,27.5,472.0,0.6353,0,8800.0,2,rural,fulltime,0,0,0,486.0
Male,25,under_55,GroupB,35900.0,12.7,4.5,376.0,0.4267,2,31800.0,2,urban,fulltime,0,0,0,423.0
Male,38,under_55,GroupA,50900.0,17.9,13.2,689.0,0.2181,0,31500.0,2,rural,fulltime,0,1,1,708.0
Male,35,under_55,GroupA,17800.0,17.8,16.5,459.0,0.2147,2,9800.0,4,rural,fulltime,0,1,1,466.0
Female,40,under_55,GroupB,23900.0,13.5,21.1,423.0,0.2407,3,4600.0,12,urban,fulltime,0,0,0,403.0
Male,41,under_55,GroupA,20900.0,14.5,24.4,457.0,0.749,0,19600.0,11,suburban,selfemployed,0,0,0,450.0
Female,43,under_55,GroupB,40900.0,11.4,20.9,557.0,0.3609,1,44800.0,8,rural,parttime,0,0,0,600.0
Male,27,under_55,GroupB,28600.0,15.0,6.3,522.0,0.4264,0,9000.0,3,suburban,selfemployed,0,1,1,584.0
Female,52,under_55,GroupA,23100.0,13.3,33.4,491.0,0.4447,1,14600.0,13,rural,selfemployed,0,0,0,458.0
Male,44,under_55,GroupB,31100.0,11.7,32.7,473.0,0.6526,1,23100.0,3,urban,fulltime,0,0,0,452.0
Female,47,under_55,GroupA,27600.0,16.8,26.1,618.0,0.2237,1,8600.0,15,suburban,fulltime,0,1,1,590.0
Female,38,under_55,GroupA,28200.0,16.9,14.7,612.0,0.1691,0,8400.0,9,urban,fulltime,0,1,1,625.0
Male,45,under_55,GroupC,21500.0,13.3,29.0,505.0,0.4172,1,17800.0,1,suburban,fulltime,1,0,0,507.0
Male,29,under_55,GroupA,35600.0,13.5,10.8,560.0,0.4526,1,24700.0,4,suburban,fulltime,0,1,1,548.0
Female,35,under_55,GroupA,23000.0,11.1,17.4,479.0,0.6451,0,22500.0,10,suburban,fulltime,0,0,0,498.0
Female,53,under_55,GroupA,39200.0,20.3,26.7,653.0,0.3453,0,23700.0,15,suburban,fulltime,1,1,1,610.0
Male,45,under_55,GroupB,28800.0,11.0,26.7,636.0,0.3294,0,13500.0,2,urban,fulltime,1,0,0,618.0
Female,65,55_plus,GroupB,19000.0,11.3,45.0,467.0,0.507,2,9300.0,1,urban,selfemployed,0,0,0,445.0
Male,34,under_55,GroupA,38500.0,16.8,10.7,492.0,0.6033,1,20200.0,1,suburban,fulltime,0,1,1,471.0
Female,48,under_55,GroupB,21200.0,9.6,33.6,384.0,0.3813,2,10700.0,15,urban,parttime,0,0,0,434.0
Male,49,under_55,GroupC,21300.0,13.2,28.0,607.0,0.2129,1,16000.0,17,rural,fulltime,0,1,1,566.0
Male,57,55_plus,GroupA,21500.0,15.1,31.9,474.0,0.326,1,26100.0,2,urban,fulltime,0,0,0,475.0
Male,48,under_55,GroupB,17000.0,15.7,25.2,524.0,0.4418,0,5900.0,1,urban,fulltime,0,1,1,504.0
Male,40,under_55,GroupC,16500.0,11.8,23.7,602.0,0.1059,0,11700.0,3,suburban,fulltime,1,0,1,627.0
Male,51,under_55,GroupA,22900.0,12.1,36.1,571.0,0.1609,1,15200.0,3,suburban,fulltime,0,1,1,582.0
Male,47,under_55,GroupB,25700.0,12.4,27.0,664.0,0.1117,0,12100.0,1,urban,fulltime,0,1,1,686.0
Female,52,under_55,GroupB,40400.0,14.2,28.5,675.0,0.0938,1,20400.0,10,suburban,selfemployed,0,0,1,656.0
Male,26,under_55,GroupA,45300.0,16.0,5.2,530.0,0.4225,1,23700.0,2,urban,fulltime,0,0,0,503.0
Male,48,under_55,GroupA,23700.0,14.5,25.5,423.0,0.4645,2,10100.0,0,rural,selfemployed,0,0,0,405.0
Male,31,under_55,GroupA,46900.0,15.4,11.3,549.0,0.5017,0,22900.0,0,suburban,fulltime,0,0,0,573.0
Male,37,under_55,GroupA,65000.0,14.4,13.6,742.0,0.2416,0,30700.0,1,suburban,fulltime,0,1,1,721.0
Male,72,55_plus,GroupC,19100.0,14.2,45.0,509.0,0.3156,1,10000.0,0,urban,fulltime,0,0,0,510.0
Female,35,under_55,GroupA,25300.0,13.2,16.7,483.0,0.6761,0,8000.0,14,urban,fulltime,0,0,0,471.0
Male,44,under_55,GroupB,34900.0,11.1,31.7,537.0,0.4686,0,23000.0,0,urban,fulltime,0,0,0,576.0
Female,30,under_55,GroupA,22400.0,14.2,10.6,602.0,0.1456,0,11100.0,7,rural,fulltime,0,0,1,616.0
Female,29,under_55,GroupA,18400.0,14.1,12.0,515.0,0.1409,1,14000.0,16,suburban,fulltime,0,1,1,535.0
Male,38,under_55,GroupC,38100.0,16.1,8.9,465.0,0.7111,0,21700.0,1,suburban,fulltime,1,0,0,478.0
Female,50,under_55,GroupA,30100.0,13.9,31.4,525.0,0.469,0,21000.0,13,suburban,fulltime,0,1,1,591.0
Male,23,under_55,GroupB,28100.0,12.2,7.4,455.0,0.7734,0,24300.0,0,suburban,parttime,0,0,0,433.0
Female,30,under_55,GroupB,46600.0,17.2,1.9,650.0,0.2782,0,31400.0,10,urban,fulltime,0,0,1,619.0
Female,32,under_55,GroupA,31400.0,12.9,10.3,494.0,0.446,1,19300.0,6,suburban,fulltime,0,0,0,483.0
Female,51,under_55,GroupC,21800.0,13.8,30.7,608.0,0.1127,0,10800.0,11,urban,selfemployed,1,0,1,621.0
Male,43,under_55,GroupA,34200.0,14.5,22.5,635.0,0.34,0,24200.0,0,suburban,fulltime,0,1,1,639.0
Male,33,under_55,GroupB,22900.0,11.0,15.3,426.0,0.3806,1,8300.0,2,urban,fulltime,0,0,0,472.0
Male,70,55_plus,GroupA,28900.0,16.2,41.7,557.0,0.2659,1,23000.0,4,urban,fulltime,0,1,1,547.0
Male,63,55_plus,GroupA,63200.0,13.5,45.0,731.0,0.3258,0,49800.0,1,suburban,fulltime,0,1,1,732.0
Female,51,under_55,GroupA,22300.0,12.7,29.0,653.0,0.4378,0,7800.0,16,rural,fulltime,0,0,1,556.0
Male,50,under_55,GroupC,34400.0,15.1,28.9,665.0,0.1995,0,16600.0,1,rural,fulltime,0,1,1,673.0
Male,39,under_55,GroupB,41500.0,8.3,24.9,686.0,0.2281,1,21900.0,0,urban,selfemployed,0,1,1,644.0
Female,44,under_55,GroupA,11700.0,11.6,26.3,322.0,0.9141,1,11100.0,15,suburban,parttime,0,0,0,300.0
Male,63,55_plus,GroupA,50500.0,13.1,37.6,691.0,0.1704,1,32900.0,3,rural,selfemployed,0,0,0,678.0
Female,48,under_55,GroupA,18100.0,10.9,35.8,535.0,0.2606,0,23300.0,12,urban,parttime,1,0,0,562.0
Male,57,55_plus,GroupA,67900.0,17.9,33.0,660.0,0.4251,0,35900.0,0,rural,fulltime,0,0,1,668.0
Female,45,under_55,GroupA,27400.0,17.4,21.3,625.0,0.0514,0,5300.0,10,urban,parttime,0,1,1,655.0
Female,59,55_plus,GroupB,14500.0,15.7,39.8,510.0,0.4685,0,6000.0,2,urban,selfemployed,0,0,0,525.0
Male,44,under_55,GroupA,51600.0,13.7,19.0,762.0,0.0574,0,19500.0,1,suburban,fulltime,0,1,1,770.0
Female,40,under_55,GroupB,26200.0,13.9,21.9,557.0,0.2464,0,17500.0,14,urban,selfemployed,1,1,1,622.0
Female,53,under_55,GroupA,25500.0,15.2,30.2,554.0,0.4666,1,12400.0,13,suburban,fulltime,0,0,0,522.0
Female,47,under_55,GroupA,24700.0,13.8,24.7,523.0,0.2885,1,13100.0,10,urban,fulltime,0,0,0,535.0
Male,47,under_55,GroupA,38200.0,15.2,22.3,575.0,0.5435,0,18100.0,10,rural,fulltime,0,1,1,586.0
Male,27,under_55,GroupA,40300.0,15.4,10.6,663.0,0.2899,0,19800.0,0,suburban,fulltime,0,1,1,660.0
Female,46,under_55,GroupA,25500.0,10.6,27.8,711.0,0.1071,0,19900.0,11,suburban,fulltime,0,1,1,705.0
Male,51,under_55,GroupA,36400.0,18.0,24.0,708.0,0.1857,0,18700.0,0,urban,fulltime,0,1,1,712.0
Female,54,under_55,GroupB,34500.0,13.2,33.4,300.0,0.8911,2,7900.0,11,urban,fulltime,1,0,0,323.0
Male,22,under_55,GroupB,16200.0,13.3,4.3,364.0,0.2882,2,17800.0,1,urban,selfemployed,1,0,0,351.0
Male,60,55_plus,GroupA,20700.0,11.1,43.3,499.0,0.3655,1,10700.0,1,suburban,fulltime,0,0,0,467.0
Female,42,under_55,GroupA,25400.0,11.3,20.7,380.0,0.8574,1,22100.0,2,rural,fulltime,0,0,0,405.0
Male,49,under_55,GroupA,41100.0,17.6,23.0,684.0,0.1306,0,28400.0,1,suburban,selfemployed,0,1,1,693.0
Male,18,under_55,GroupB,19200.0,11.6,0.0,391.0,0.4875,0,13200.0,11,suburban,fulltime,1,0,0,380.0
Male,34,under_55,GroupA,33700.0,14.0,11.2,492.0,0.8125,0,13600.0,1,suburban,fulltime,0,0,0,480.0
Male,45,under_55,GroupA,34800.0,11.1,26.6,549.0,0.4091,2,20800.0,3,urban,fulltime,0,0,0,550.0
Male,49,under_55,GroupA,53400.0,16.5,28.5,684.0,0.3582,0,66400.0,2,suburban,fulltime,0,1,1,685.0
Male,23,under_55,GroupA,39700.0,20.0,0.0,574.0,0.2217,0,24200.0,2,urban,fulltime,0,1,1,577.0
Male,29,under_55,GroupA,34900.0,14.6,10.8,609.0,0.2999,0,15700.0,4,suburban,selfemployed,0,1,1,615.0
Female,35,under_55,GroupB,40500.0,15.1,17.7,650.0,0.2636,0,13800.0,12,suburban,fulltime,0,1,1,675.0
Female,56,55_plus,GroupA,15700.0,14.3,33.3,564.0,0.3552,0,10400.0,6,urban,parttime,0,0,0,498.0
Male,44,under_55,GroupA,24900.0,15.6,16.7,525.0,0.4632,0,32000.0,4,suburban,parttime,1,1,1,517.0
Male,58,55_plus,GroupA,23500.0,14.0,39.6,560.0,0.3394,0,12800.0,1,rural,fulltime,0,1,1,570.0
Male,52,under_55,GroupA,37600.0,14.7,25.7,517.0,0.4574,1,24900.0,1,suburban,fulltime,0,1,1,523.0
Female,37,under_55,GroupA,25300.0,16.9,16.8,543.0,0.4426,0,12700.0,13,suburban,parttime,0,0,1,537.0
Female,39,under_55,GroupA,13800.0,13.2,18.2,515.0,0.2886,0,5300.0,5,urban,parttime,0,0,0,517.0
Female,41,under_55,GroupA,17000.0,14.2,25.1,608.0,0.1559,0,12000.0,13,urban,fulltime,0,1,1,599.0
Female,31,under_55,GroupB,18800.0,16.0,12.2,402.0,0.4419,2,10300.0,3,urban,fulltime,0,0,0,441.0
Male,27,under_55,GroupB,55300.0,16.0,6.9,427.0,0.834,1,44200.0,2,urban,fulltime,0,0,0,399.0
Male,35,under_55,GroupC,17800.0,13.0,15.2,532.0,0.3906,0,16800.0,4,urban,fulltime,0,0,0,483.0
Female,21,under_55,GroupA,27900.0,10.5,0.0,342.0,0.4163,1,18900.0,13,suburban,fulltime,0,0,0,366.0
Male,43,under_55,GroupA,32700.0,11.4,19.1,633.0,0.333,0,23200.0,2,suburban,fulltime,0,0,0,624.0
Female,53,under_55,GroupA,23900.0,14.8,33.3,492.0,0.6051,0,24000.0,17,suburban,selfemployed,0,1,1,497.0
Female,29,under_55,GroupB,15600.0,13.5,11.0,473.0,0.2772,1,7800.0,16,suburban,parttime,0,0,0,512.0
Male,27,under_55,GroupA,30300.0,17.2,5.0,453.0,0.3436,2,20700.0,10,urban,fulltime,0,0,0,461.0
Female,20,under_55,GroupA,37200.0,9.6,1.8,614.0,0.207,0,22400.0,17,suburban,fulltime,0,0,0,603.0
Female,66,55_plus,GroupB,25800.0,12.5,45.0,528.0,0.393,1,13100.0,13,suburban,fulltime,0,1,1,473.0
Female,57,55_plus,GroupA,30700.0,14.8,35.3,758.0,0.02,0,15600.0,12,rural,fulltime,0,1,1,719.0
Female,39,under_55,GroupB,9400.0,9.1,25.7,474.0,0.3072,1,4900.0,2,urban,fulltime,0,0,0,432.0
Male,58,55_plus,GroupB,56200.0,15.6,39.8,636.0,0.3003,0,16700.0,1,urban,fulltime,0,0,0,683.0
Male,44,under_55,GroupA,31500.0,14.9,19.0,499.0,0.4452,2,31400.0,2,suburban,selfemployed,1,0,0,494.0
Male,38,under_55,GroupB,33500.0,10.0,20.2,758.0,0.0224,0,28800.0,0,suburban,fulltime,0,1,1,721.0
Male,45,under_55,GroupC,24300.0,9.0,33.4,509.0,0.5869,0,18900.0,15,suburban,selfemployed,0,0,0,522.0
Male,48,under_55,GroupA,20100.0,10.6,36.1,468.0,0.5058,1,11400.0,10,suburban,parttime,0,0,0,466.0
Male,47,under_55,GroupA,23600.0,11.6,29.2,630.0,0.2835,0,27000.0,2,suburban,fulltime,0,1,1,599.0
Female,30,under_55,GroupA,39800.0,17.5,9.9,554.0,0.5782,0,15300.0,7,suburban,fulltime,1,0,1,560.0
Female,49,under_55,GroupA,35600.0,12.4,32.3,649.0,0.2238,0,17900.0,7,suburban,fulltime,1,1,1,657.0
Male,37,under_55,GroupA,67000.0,16.3,13.8,660.0,0.4987,0,51800.0,1,suburban,fulltime,0,1,1,645.0
Female,77,55_plus,GroupA,14000.0,14.3,45.0,352.0,0.2829,3,7400.0,10,urban,fulltime,0,1,1,377.0
Male,58,55_plus,GroupA,34200.0,19.6,33.5,436.0,0.5742,2,15000.0,0,suburban,fulltime,0,0,0,445.0
Male,61,55_plus,GroupA,17200.0,17.1,30.7,354.0,0.5814,2,12200.0,1,rural,fulltime,0,0,0,349.0
Female,42,under_55,GroupC,21100.0,12.6,16.4,488.0,0.3604,0,6700.0,1,rural,selfemployed,0,0,0,529.0
Male,53,under_55,GroupA,36700.0,15.4,30.1,520.0,0.4802,0,12900.0,3,suburban,fulltime,1,1,1,519.0
Male,26,under_55,GroupA,76300.0,16.2,3.0,699.0,0.1026,0,17800.0,2,suburban,fulltime,0,1,1,698.0
Male,51,under_55,GroupA,24100.0,12.4,27.4,587.0,0.1452,1,18600.0,1,urban,fulltime,0,1,1,571.0
Female,56,55_plus,GroupB,17800.0,12.1,41.9,485.0,0.6265,1,9600.0,14,suburban,fulltime,1,0,0,365.0
Male,18,under_55,GroupA,24600.0,14.1,1.4,456.0,0.5106,0,13500.0,2,rural,fulltime,0,0,0,439.0
Male,53,under_55,GroupA,44300.0,13.6,31.3,489.0,0.7644,1,31900.0,3,suburban,fulltime,0,0,0,467.0
Female,26,under_55,GroupB,15600.0,12.6,9.9,589.0,0.1484,1,15600.0,11,rural,fulltime,1,0,0,534.0
Male,34,under_55,GroupA,51800.0,14.7,16.6,682.0,0.3554,0,50600.0,3,urban,fulltime,0,1,1,660.0
Male,44,under_55,GroupA,24400.0,12.5,27.6,534.0,0.4434,1,22100.0,0,suburban,fulltime,0,0,0,529.0
Male,54,under_55,GroupB,19800.0,8.0,42.1,418.0,0.744,1,9000.0,1,suburban,parttime,0,0,0,341.0
Male,51,under_55,GroupA,19900.0,13.4,32.7,500.0,0.4424,0,5500.0,1,suburban,fulltime,1,0,0,521.0
Male,39,under_55,GroupA,51400.0,14.0,22.0,689.0,0.0718,1,35800.0,2,suburban,parttime,0,1,1,670.0
Male,38,under_55,GroupC,51700.0,15.4,14.5,647.0,0.53,0,58700.0,3,rural,fulltime,1,0,1,599.0
Female,56,55_plus,GroupA,20300.0,15.7,34.5,537.0,0.1238,2,15500.0,7,suburban,parttime,1,0,0,511.0
Female,61,55_plus,GroupB,35600.0,10.8,37.1,625.0,0.281,0,22700.0,10,urban,selfemployed,1,0,1,638.0
Male,68,55_plus,GroupA,28900.0,15.7,42.9,633.0,0.1462,1,21000.0,0,urban,fulltime,0,1,1,628.0
Male,35,under_55,GroupA,37000.0,16.0,9.6,523.0,0.4603,0,14500.0,10,rural,fulltime,0,0,0,540.0
Male,41,under_55,GroupA,30900.0,15.5,24.9,603.0,0.2667,0,26800.0,2,urban,fulltime,0,1,1,602.0
Female,38,under_55,GroupA,17000.0,14.4,15.2,664.0,0.0638,0,8900.0,15,urban,parttime,0,1,1,655.0
Male,60,55_plus,GroupB,16900.0,10.7,45.0,344.0,0.6639,1,4400.0,2,urban,selfemployed,1,0,0,419.0
Female,44,under_55,GroupB,24300.0,12.4,16.0,507.0,0.5185,0,15900.0,0,urban,fulltime,0,0,0,475.0
Female,44,under_55,GroupA,57300.0,17.7,17.5,704.0,0.1952,0,47700.0,13,suburban,fulltime,0,1,1,715.0
Male,66,55_plus,GroupA,35100.0,16.5,45.0,521.0,0.5839,0,46000.0,0,rural,selfemployed,0,1,1,529.0
Female,53,under_55,GroupC,19800.0,13.7,34.5,713.0,0.1845,0,8500.0,3,urban,selfemployed,0,1,1,622.0
Female,43,under_55,GroupA,44500.0,14.9,24.1,727.0,0.0914,0,27500.0,17,suburban,parttime,0,1,1,728.0
Female,35,under_55,GroupA,30200.0,14.0,17.8,554.0,0.6606,0,25200.0,9,suburban,fulltime,0,0,0,524.0
Female,41,under_55,GroupA,17500.0,15.0,24.2,571.0,0.3032,0,7900.0,11,rural,fulltime,0,0,0,542.0
Male,55,55_plus,GroupB,19500.0,11.9,35.2,651.0,0.092,0,16500.0,1,urban,fulltime,0,0,1,650.0
Male,45,under_55,GroupA,41900.0,13.2,29.9,747.0,0.1886,0,24000.0,1,suburban,fulltime,0,1,1,727.0
Male,54,under_55,GroupB,30000.0,15.6,30.3,512.0,0.4417,1,20200.0,13,urban,selfemployed,0,0,0,541.0
Male,49,under_55,GroupA,22800.0,15.1,28.0,458.0,0.6761,0,10900.0,3,suburban,fulltime,0,0,0,462.0
Female,39,under_55,GroupC,17500.0,15.1,18.6,300.0,0.7753,1,15800.0,8,rural,parttime,1,0,0,300.0
Female,57,55_plus,GroupA,24600.0,12.1,36.6,406.0,0.5519,1,11700.0,2,suburban,fulltime,0,0,0,447.0
Male,68,55_plus,GroupA,22100.0,16.3,44.8,547.0,0.4056,0,22900.0,3,urban,fulltime,0,0,1,553.0
Male,39,under_55,GroupA,28700.0,14.6,17.0,601.0,0.3214,0,17300.0,2,suburban,fulltime,1,1,1,592.0
Female,36,under_55,GroupA,21900.0,13.7,12.9,489.0,0.4984,1,6400.0,13,suburban,parttime,0,0,0,469.0
Female,44,under_55,GroupA,13500.0,11.9,27.4,300.0,0.8275,2,11600.0,14,rural,fulltime,0,0,0,300.0
Female,44,under_55,GroupA,14600.0,11.7,25.9,337.0,0.4471,2,3200.0,13,urban,parttime,1,0,0,352.0
Female,54,under_55,GroupA,37700.0,14.8,27.9,617.0,0.2208,1,15000.0,6,urban,fulltime,1,1,1,625.0
Male,57,55_plus,GroupA,33400.0,13.6,34.2,481.0,0.775,0,6300.0,0,suburban,fulltime,0,0,0,462.0
Male,30,under_55,GroupC,29700.0,12.2,16.2,660.0,0.2245,0,14700.0,14,rural,fulltime,0,1,1,628.0
Male,33,under_55,GroupA,43600.0,18.9,12.6,554.0,0.3699,1,18300.0,1,suburban,fulltime,0,1,1,564.0
Male,39,under_55,GroupA,42000.0,14.7,22.4,632.0,0.1721,1,27000.0,2,urban,fulltime,1,1,1,625.0
Female,42,under_55,GroupB,18400.0,13.5,22.7,555.0,0.0576,0,10000.0,18,rural,fulltime,0,1,1,628.0
Female,42,under_55,GroupA,29600.0,12.4,30.1,561.0,0.2071,1,13800.0,14,suburban,fulltime,0,0,0,577.0
Male,50,under_55,GroupA,35800.0,13.3,29.7,351.0,0.8578,1,14600.0,1,suburban,fulltime,0,0,0,363.0
Male,33,under_55,GroupB,31100.0,17.5,13.0,678.0,0.2447,0,25200.0,10,suburban,fulltime,0,0,0,622.0
Female,36,under_55,GroupC,23300.0,14.3,12.7,717.0,0.1064,0,7900.0,2,suburban,fulltime,0,0,1,675.0
Female,33,under_55,GroupA,20600.0,14.0,10.0,594.0,0.2392,0,13700.0,17,rural,fulltime,0,1,1,598.0
Male,41,under_55,GroupA,41200.0,16.5,21.5,545.0,0.3228,1,17300.0,11,rural,fulltime,0,1,1,545.0
Male,26,under_55,GroupA,35600.0,13.3,4.7,548.0,0.2983,1,24100.0,2,suburban,fulltime,0,1,1,538.0
Male,32,under_55,GroupC,59700.0,17.2,7.1,684.0,0.2381,0,46000.0,1,rural,fulltime,0,1,1,707.0
Female,34,under_55,GroupA,32800.0,17.1,8.0,508.0,0.3222,2,20400.0,11,suburban,parttime,0,0,0,526.0
Male,33,under_55,GroupA,31400.0,13.6,16.5,542.0,0.438,0,32900.0,2,rural,fulltime,0,0,0,572.0
Female,44,under_55,GroupA,31200.0,17.1,21.8,646.0,0.0925,1,16700.0,8,suburban,fulltime,0,1,1,617.0
Female,59,55_plus,GroupA,55000.0,14.3,40.9,628.0,0.3945,0,23900.0,12,suburban,fulltime,0,0,1,649.0
Male,38,under_55,GroupA,28500.0,12.5,21.7,600.0,0.2228,1,12000.0,6,suburban,fulltime,1,1,1,609.0
Male,57,55_plus,GroupA,17500.0,12.9,36.9,576.0,0.2552,0,8700.0,1,suburban,fulltime,0,0,0,564.0
Male,52,under_55,GroupB,35400.0,9.9,28.4,615.0,0.4174,0,41700.0,0,urban,fulltime,0,0,0,629.0
Male,27,under_55,GroupB,34000.0,17.7,4.3,378.0,0.7579,1,33800.0,1,rural,fulltime,0,0,0,374.0
Female,43,under_55,GroupA,26300.0,9.9,26.7,302.0,0.7194,2,15500.0,9,suburban,fulltime,1,0,0,320.0
Male,30,under_55,GroupC,25400.0,15.0,8.4,443.0,0.6785,1,11700.0,0,rural,fulltime,0,0,0,404.0
Female,46,under_55,GroupA,22600.0,16.2,21.6,456.0,0.4422,2,6200.0,13,urban,fulltime,1,0,0,419.0
Male,43,under_55,GroupA,26500.0,15.4,20.1,490.0,0.5109,1,8000.0,0,rural,fulltime,0,0,0,483.0
Male,43,under_55,GroupA,45500.0,13.3,22.6,585.0,0.5887,0,45200.0,0,urban,fulltime,0,0,0,583.0
Male,29,under_55,GroupA,42500.0,17.1,9.1,699.0,0.1251,0,19500.0,2,rural,fulltime,1,1,1,715.0
Female,61,55_plus,GroupA,24800.0,14.1,42.2,482.0,0.4783,1,21000.0,10,urban,parttime,0,0,0,460.0
Male,37,under_55,GroupA,53300.0,13.1,18.4,713.0,0.1799,0,19000.0,2,suburban,fulltime,1,1,1,692.0
Female,26,under_55,GroupB,14300.0,10.5,5.7,308.0,0.519,1,9600.0,1,urban,selfemployed,0,0,0,348.0
Male,53,under_55,GroupC,29100.0,13.0,33.6,505.0,0.4928,2,20900.0,1,suburban,fulltime,0,0,0,480.0
Female,55,55_plus,GroupA,11800.0,11.1,38.2,499.0,0.229,1,6300.0,17,suburban,parttime,0,1,1,518.0
Female,48,under_55,GroupA,26600.0,13.4,28.2,597.0,0.1847,0,14500.0,18,urban,selfemployed,1,0,0,642.0
Female,29,under_55,GroupB,28800.0,14.0,7.9,643.0,0.3119,0,16700.0,17,urban,selfemployed,1,0,1,628.0
Female,44,under_55,GroupA,20100.0,10.5,30.3,429.0,0.304,1,12700.0,11,suburban,fulltime,0,1,1,497.0
Male,65,55_plus,GroupA,31900.0,14.6,43.5,706.0,0.1006,0,25900.0,0,urban,fulltime,0,0,1,711.0
Female,65,55_plus,GroupB,31700.0,14.4,36.6,384.0,0.6888,1,21500.0,15,urban,fulltime,0,0,0,418.0
Male,43,under_55,GroupC,32100.0,11.9,25.1,676.0,0.188,1,15700.0,3,urban,fulltime,1,1,1,638.0
Male,41,under_55,GroupA,47200.0,15.3,16.0,645.0,0.2817,0,24500.0,11,suburban,parttime,1,1,1,664.0
Female,72,55_plus,GroupB,23900.0,15.0,45.0,573.0,0.4051,0,20900.0,3,urban,fulltime,0,0,0,598.0
Female,55,55_plus,GroupB,26800.0,14.6,36.8,631.0,0.3227,0,16000.0,15,urban,parttime,1,1,1,574.0
Male,18,under_55,GroupA,34800.0,15.9,0.0,515.0,0.4577,0,12400.0,2,suburban,fulltime,0,1,1,508.0
Male,40,under_55,GroupA,35600.0,14.5,19.9,435.0,0.4382,2,27400.0,0,suburban,fulltime,0,0,0,455.0
Female,41,under_55,GroupB,30400.0,13.0,16.0,755.0,0.264,0,12900.0,0,rural,selfemployed,0,1,1,667.0
Male,23,under_55,GroupA,48100.0,18.9,0.0,454.0,0.5567,0,41300.0,4,suburban,fulltime,1,0,0,436.0
Male,33,under_55,GroupA,27200.0,17.1,11.2,374.0,0.5534,1,36100.0,1,suburban,selfemployed,0,0,0,397.0
Male,45,under_55,GroupA,30400.0,15.0,24.8,661.0,0.192,0,13900.0,3,suburban,fulltime,0,1,1,661.0
Female,21,under_55,GroupA,19900.0,15.0,0.9,422.0,0.165,2,11500.0,15,suburban,parttime,0,0,0,433.0
Male,68,55_plus,GroupB,27900.0,17.5,45.0,658.0,0.1432,0,15600.0,2,suburban,fulltime,0,1,1,675.0
Male,44,under_55,GroupA,44500.0,14.5,29.9,736.0,0.2426,0,25200.0,1,suburban,selfemployed,0,1,1,725.0
Female,55,55_plus,GroupC,64800.0,14.8,39.2,672.0,0.6189,1,19800.0,20,urban,selfemployed,1,1,1,610.0
Male,42,under_55,GroupB,25200.0,11.7,31.2,554.0,0.2534,2,7600.0,1,urban,fulltime,1,1,1,492.0
Male,60,55_plus,GroupA,34500.0,10.1,43.0,564.0,0.3733,0,25900.0,1,rural,fulltime,0,0,0,569.0
Female,55,55_plus,GroupB,17700.0,19.8,22.5,595.0,0.126,1,9300.0,21,urban,parttime,0,0,1,605.0
Female,72,55_plus,GroupA,23000.0,13.0,45.0,449.0,0.5199,2,16100.0,14,suburban,selfemployed,0,0,0,437.0
Female,70,55_plus,GroupB,18700.0,9.5,45.0,513.0,0.2752,1,10700.0,2,urban,fulltime,0,0,0,507.0
Male,73,55_plus,GroupB,13800.0,15.2,45.0,417.0,0.2907,2,6800.0,2,urban,fulltime,0,1,1,387.0
Male,47,under_55,GroupA,16200.0,15.1,27.6,492.0,0.4098,0,12200.0,1,rural,fulltime,0,0,0,501.0
Female,52,under_55,GroupB,17500.0,9.0,34.7,471.0,0.5321,0,8100.0,12,suburban,fulltime,0,0,0,510.0
Male,70,55_plus,GroupA,16100.0,8.6,45.0,305.0,0.5556,2,7200.0,0,urban,fulltime,0,0,0,325.0
Female,64,55_plus,GroupA,9900.0,13.1,43.1,464.0,0.2908,1,3900.0,19,suburban,parttime,1,0,0,451.0
Female,44,under_55,GroupA,62400.0,18.2,22.2,696.0,0.188,0,17500.0,2,suburban,selfemployed,0,1,1,737.0
Female,41,under_55,GroupA,41400.0,13.7,19.1,523.0,0.6208,1,41600.0,0,suburban,selfemployed,0,1,1,524.0
Female,57,55_plus,GroupA,16200.0,13.6,32.0,425.0,0.5821,2,20700.0,0,suburban,parttime,0,0,0,358.0
Male,24,under_55,GroupA,33400.0,13.3,4.5,591.0,0.3458,0,28300.0,2,suburban,fulltime,1,1,1,590.0
Female,48,under_55,GroupB,19100.0,14.0,34.5,563.0,0.4831,0,7300.0,10,urban,parttime,0,0,0,518.0
Male,56,55_plus,GroupC,38400.0,9.6,42.7,718.0,0.0881,0,42400.0,1,suburban,fulltime,0,1,1,730.0
Female,30,under_55,GroupB,21000.0,15.3,13.3,652.0,0.1721,0,21500.0,15,urban,parttime,0,0,1,574.0
Male,34,under_55,GroupA,33900.0,18.1,6.0,557.0,0.345,0,19500.0,14,suburban,fulltime,0,1,1,561.0
Female,30,under_55,GroupA,22900.0,15.5,9.6,465.0,0.3744,2,28700.0,0,suburban,parttime,0,0,0,463.0
Male,45,under_55,GroupB,23900.0,15.9,21.2,515.0,0.461,0,9200.0,2,urban,fulltime,1,0,0,538.0
Male,30,under_55,GroupB,36900.0,13.1,9.6,625.0,0.4434,0,17700.0,1,suburban,fulltime,0,0,0,604.0
Male,36,under_55,GroupA,15200.0,9.3,21.5,482.0,0.1815,1,5200.0,20,suburban,fulltime,0,0,0,482.0
Female,47,under_55,GroupA,37500.0,17.6,17.7,692.0,0.1979,0,17300.0,6,suburban,fulltime,0,1,1,683.0
Female,34,under_55,GroupA,45900.0,16.6,7.6,569.0,0.3262,0,21400.0,7,suburban,selfemployed,0,0,0,600.0
Male,48,under_55,GroupA,27300.0,12.8,27.4,673.0,0.0521,0,17400.0,3,suburban,parttime,0,1,1,652.0
Male,45,under_55,GroupA,32400.0,17.2,21.1,549.0,0.4031,1,23200.0,5,rural,fulltime,1,1,1,558.0
Male,45,under_55,GroupB,25300.0,15.1,23.5,557.0,0.4115,1,27500.0,1,urban,fulltime,0,0,0,525.0
Female,24,under_55,GroupA,51100.0,13.4,0.0,658.0,0.222,0,22800.0,13,rural,selfemployed,0,0,0,574.0
Female,45,under_55,GroupA,29700.0,13.1,27.5,579.0,0.4122,0,18100.0,13,suburban,parttime,1,1,1,556.0
Female,51,under_55,GroupA,30800.0,14.7,36.6,625.0,0.2392,0,13200.0,12,urban,fulltime,0,1,1,643.0
Male,41,under_55,GroupA,49700.0,11.9,25.4,365.0,0.742,3,21900.0,2,rural,fulltime,1,0,0,375.0
Male,45,under_55,GroupA,16600.0,15.1,31.5,516.0,0.3928,0,10900.0,0,urban,selfemployed,0,0,0,513.0
Female,73,55_plus,GroupA,49700.0,19.3,45.0,787.0,0.097,0,34900.0,17,rural,fulltime,0,1,1,745.0
Female,59,55_plus,GroupA,40000.0,9.9,45.0,707.0,0.1643,0,18200.0,12,suburban,fulltime,0,1,1,719.0
Male,67,55_plus,GroupA,34600.0,16.3,43.1,546.0,0.3808,0,20000.0,4,suburban,fulltime,0,1,1,555.0
Male,44,under_55,GroupB,32500.0,12.4,26.1,587.0,0.2609,1,19900.0,6,urban,fulltime,0,1,1,560.0
Female,29,under_55,GroupA,18500.0,18.2,6.8,525.0,0.1869,1,17200.0,7,urban,parttime,0,1,1,511.0
Female,58,55_plus,GroupC,33700.0,22.0,29.7,598.0,0.3637,0,15300.0,18,urban,parttime,0,0,1,637.0
Male,42,under_55,GroupB,38700.0,13.9,23.0,603.0,0.5126,0,8600.0,2,urban,fulltime,0,0,0,609.0
Male,47,under_55,GroupA,24600.0,11.8,30.0,473.0,0.5859,1,7300.0,0,rural,fulltime,0,1,1,461.0
Male,50,under_55,GroupA,43400.0,15.0,28.5,734.0,0.1465,0,18800.0,3,suburban,fulltime,0,1,1,747.0
Female,65,55_plus,GroupB,15000.0,11.4,45.0,310.0,0.1964,2,10900.0,1,urban,parttime,0,0,1,421.0
Female,52,under_55,GroupB,31100.0,12.9,31.3,665.0,0.1715,0,29200.0,16,suburban,fulltime,1,0,1,674.0
Female,49,under_55,GroupB,22100.0,12.3,33.1,601.0,0.2784,0,14700.0,3,suburban,fulltime,0,1,1,579.0
Female,68,55_plus,GroupA,30500.0,12.2,45.0,451.0,0.5476,2,23400.0,13,suburban,fulltime,0,0,0,432.0
Female,37,under_55,GroupB,28800.0,12.4,11.0,651.0,0.094,0,15600.0,13,urban,fulltime,0,1,1,642.0
Female,70,55_plus,GroupA,21100.0,14.2,45.0,594.0,0.3181,0,17000.0,19,suburban,fulltime,0,0,0,580.0
Male,45,under_55,GroupA,34500.0,14.9,25.9,660.0,0.1594,1,31700.0,1,suburban,fulltime,0,1,1,640.0
Female,50,under_55,GroupA,28000.0,20.3,21.0,585.0,0.3558,0,19500.0,12,suburban,selfemployed,0,1,1,588.0
Male,55,55_plus,GroupA,45700.0,14.9,36.5,525.0,0.5896,1,28800.0,3,suburban,fulltime,0,0,0,528.0
Female,42,under_55,GroupA,27100.0,15.5,22.8,467.0,0.6651,1,15000.0,14,urban,fulltime,0,0,0,471.0
Male,36,under_55,GroupA,26400.0,15.3,20.7,575.0,0.3267,0,10200.0,3,urban,fulltime,1,1,1,563.0
Male,48,under_55,GroupA,30200.0,16.8,24.4,504.0,0.581,0,24000.0,6,suburban,parttime,0,1,1,513.0
Female,43,under_55,GroupB,13000.0,9.9,23.8,506.0,0.2743,1,8600.0,12,urban,selfemployed,0,0,0,524.0
Male,25,under_55,GroupA,35800.0,14.9,5.7,449.0,0.6046,1,25300.0,0,rural,fulltime,0,0,0,436.0
Female,51,under_55,GroupA,30700.0,14.6,37.7,597.0,0.3758,0,14200.0,10,suburban,fulltime,0,1,1,612.0
Male,46,under_55,GroupA,39700.0,10.7,29.1,563.0,0.4021,1,30300.0,4,suburban,fulltime,1,1,1,572.0
Male,43,under_55,GroupB,22800.0,11.8,29.3,373.0,0.7817,1,6900.0,1,suburban,fulltime,0,0,0,395.0
Female,51,under_55,GroupC,31900.0,13.9,31.7,617.0,0.3845,0,26600.0,10,rural,selfemployed,0,1,1,605.0
Female,57,55_plus,GroupA,43400.0,16.6,38.3,668.0,0.3304,0,25800.0,6,suburban,fulltime,0,0,1,656.0
Male,52,under_55,GroupA,23800.0,12.5,32.6,633.0,0.1067,1,32900.0,1,urban,fulltime,1,0,0,618.0
Male,45,under_55,GroupA,57700.0,12.0,28.7,723.0,0.1575,0,29800.0,16,suburban,fulltime,0,1,1,720.0
Female,40,under_55,GroupA,26500.0,15.5,18.9,535.0,0.2129,1,9200.0,9,urban,fulltime,0,1,1,563.0
Male,44,under_55,GroupC,17800.0,15.2,25.5,538.0,0.2509,0,5200.0,3,urban,fulltime,0,1,1,555.0
Male,36,under_55,GroupA,58100.0,13.1,21.3,656.0,0.4148,0,46600.0,2,suburban,fulltime,0,1,1,653.0
Female,53,under_55,GroupA,20900.0,10.6,34.8,473.0,0.6278,1,14400.0,15,urban,fulltime,0,0,0,466.0
Male,28,under_55,GroupA,22100.0,16.1,2.7,396.0,0.6392,1,8600.0,3,suburban,parttime,0,0,0,384.0
Male,28,under_55,GroupB,39000.0,15.2,2.4,563.0,0.2381,0,12900.0,0,suburban,fulltime,1,1,1,581.0
Female,25,under_55,GroupA,23500.0,13.5,9.0,612.0,0.4123,0,21200.0,15,suburban,parttime,0,1,1,564.0
Male,38,under_55,GroupA,73300.0,12.8,21.5,748.0,0.1422,0,51300.0,3,suburban,fulltime,0,1,1,759.0
Male,57,55_plus,GroupA,26600.0,13.5,37.3,502.0,0.3053,2,15700.0,11,urban,fulltime,0,0,0,497.0
Female,42,under_55,GroupA,25100.0,14.4,16.2,606.0,0.2505,0,11900.0,3,urban,fulltime,0,0,1,592.0
Female,63,55_plus,GroupA,30400.0,13.8,45.0,378.0,0.6931,3,17100.0,11,urban,parttime,1,0,0,343.0
Male,41,under_55,GroupC,21800.0,12.6,28.8,411.0,0.6907,1,28700.0,0,urban,fulltime,0,0,0,388.0
Female,60,55_plus,GroupC,23300.0,16.7,32.3,615.0,0.2553,0,16500.0,11,urban,fulltime,0,1,1,603.0
Male,48,under_55,GroupB,36400.0,11.2,27.9,754.0,0.0429,0,23100.0,1,urban,fulltime,1,1,1,747.0
Male,49,under_55,GroupA,42400.0,15.3,27.6,740.0,0.021,0,30400.0,10,rural,fulltime,0,1,1,747.0
Female,45,under_55,GroupA,23200.0,13.1,26.0,655.0,0.2872,0,10000.0,17,suburban,fulltime,1,0,0,611.0
Male,38,under_55,GroupC,21700.0,12.0,20.5,472.0,0.323,1,21400.0,1,urban,fulltime,0,0,0,480.0
Male,18,under_55,GroupB,22300.0,11.3,0.0,593.0,0.3234,0,10000.0,1,urban,fulltime,0,0,1,540.0
Female,23,under_55,GroupA,29800.0,14.0,1.7,569.0,0.4432,0,7500.0,15,suburban,fulltime,0,1,1,506.0
Male,49,under_55,GroupC,47100.0,13.5,27.1,616.0,0.3169,0,23000.0,2,suburban,fulltime,0,1,1,648.0
Male,56,55_plus,GroupB,19800.0,12.8,35.9,330.0,0.5325,2,16400.0,2,rural,fulltime,0,0,0,394.0
Male,18,under_55,GroupA,22700.0,11.6,0.5,399.0,0.4089,2,11200.0,2,suburban,selfemployed,0,0,0,384.0
Male,58,55_plus,GroupA,25000.0,16.8,29.0,548.0,0.4015,0,14400.0,1,rural,fulltime,0,0,1,555.0
Male,59,55_plus,GroupA,30700.0,17.7,32.4,414.0,0.5552,2,17300.0,0,rural,fulltime,1,0,0,424.0
Male,27,under_55,GroupB,21400.0,10.5,12.4,419.0,0.3177,2,8300.0,1,urban,fulltime,1,1,1,445.0
Female,28,under_55,GroupA,16900.0,13.7,5.9,308.0,0.6877,2,6400.0,4,urban,parttime,0,0,0,300.0
Male,51,under_55,GroupA,27500.0,13.7,31.3,543.0,0.4663,1,23800.0,2,rural,fulltime,0,0,0,540.0
Male,55,55_plus,GroupB,32000.0,12.7,37.5,500.0,0.677,0,8200.0,2,urban,fulltime,0,0,0,509.0
Male,42,under_55,GroupA,48100.0,17.3,21.3,640.0,0.2995,0,21700.0,2,suburban,selfemployed,0,1,1,645.0
Male,32,under_55,GroupB,23800.0,14.8,10.9,631.0,0.3254,1,12900.0,5,suburban,fulltime,0,0,1,547.0
Female,30,under_55,GroupA,24200.0,17.8,6.4,507.0,0.4227,1,21400.0,1,urban,parttime,1,1,1,475.0
Female,40,under_55,GroupB,27400.0,15.0,15.2,570.0,0.5139,1,34600.0,15,urban,fulltime,0,0,0,486.0
Male,74,55_plus,GroupA,24900.0,15.8,45.0,624.0,0.1161,1,46900.0,3,suburban,fulltime,1,0,0,618.0
Male,65,55_plus,GroupC,30800.0,17.0,43.8,575.0,0.3835,1,10600.0,1,urban,fulltime,0,1,1,538.0
Female,52,under_55,GroupB,29800.0,12.4,30.5,595.0,0.3729,0,15600.0,19,suburban,fulltime,1,1,1,559.0
Female,49,under_55,GroupA,55000.0,19.0,20.9,538.0,0.5457,0,21100.0,10,suburban,parttime,0,1,1,594.0
Male,53,under_55,GroupA,30100.0,14.6,37.6,565.0,0.3545,1,12500.0,4,suburban,fulltime,0,0,0,566.0
Female,31,under_55,GroupA,23100.0,15.0,10.4,583.0,0.2632,1,15500.0,13,suburban,fulltime,0,1,1,546.0
Female,18,under_55,GroupB,20900.0,12.4,2.2,548.0,0.1685,1,7000.0,6,urban,parttime,0,0,0,465.0
Male,49,under_55,GroupA,17600.0,10.5,31.0,400.0,0.3491,2,6200.0,2,suburban,fulltime,0,1,1,412.0
Male,58,55_plus,GroupA,32900.0,16.6,32.9,667.0,0.1962,0,17400.0,2,urban,parttime,0,1,1,649.0
Male,28,under_55,GroupA,31700.0,17.2,9.3,597.0,0.3516,0,25900.0,1,suburban,fulltime,0,1,1,615.0
Male,45,under_55,GroupC,18200.0,9.7,27.1,320.0,0.8196,3,13800.0,2,rural,fulltime,1,0,0,300.0
Female,18,under_55,GroupA,25600.0,13.3,1.1,375.0,0.3849,2,15900.0,8,suburban,fulltime,0,0,1,405.0
Male,24,under_55,GroupB,50000.0,16.1,1.4,592.0,0.2229,0,15000.0,0,urban,fulltime,0,1,1,627.0
Female,41,under_55,GroupA,28600.0,14.4,23.9,689.0,0.0437,0,7200.0,3,suburban,selfemployed,0,1,1,660.0
Male,42,under_55,GroupB,32200.0,13.2,25.0,398.0,0.6916,1,16300.0,1,rural,fulltime,1,0,0,433.0
Male,69,55_plus,GroupA,23900.0,13.9,45.0,453.0,0.4203,2,8400.0,1,urban,fulltime,1,0,0,463.0
Male,38,under_55,GroupA,58100.0,17.5,13.2,728.0,0.2745,0,18600.0,14,suburban,fulltime,0,1,1,721.0
Female,31,under_55,GroupB,68600.0,17.1,10.3,651.0,0.0599,0,29000.0,17,urban,fulltime,0,1,1,770.0
Female,41,under_55,GroupA,23500.0,13.1,15.3,399.0,0.3202,3,13300.0,16,suburban,fulltime,0,0,0,453.0
Male,46,under_55,GroupA,39300.0,11.8,24.9,681.0,0.3196,0,19500.0,1,suburban,selfemployed,0,1,1,673.0
Male,41,under_55,GroupA,21800.0,12.6,23.9,578.0,0.4089,0,13800.0,11,suburban,fulltime,1,1,1,573.0
Male,46,under_55,GroupB,32600.0,17.6,27.9,541.0,0.6368,0,40400.0,4,urban,fulltime,0,0,0,527.0
Male,36,under_55,GroupA,34900.0,14.7,13.7,659.0,0.4022,0,32000.0,1,rural,selfemployed,0,1,1,660.0
Female,33,under_55,GroupA,48700.0,12.2,14.2,687.0,0.3986,0,41600.0,16,suburban,selfemployed,0,1,1,669.0
Female,61,55_plus,GroupA,28300.0,16.9,37.5,454.0,0.5622,1,39200.0,8,suburban,parttime,1,0,0,476.0
Male,75,55_plus,GroupA,9700.0,15.4,45.0,405.0,0.4325,1,5400.0,1,suburban,fulltime,0,0,0,404.0
Female,43,under_55,GroupA,28500.0,13.3,20.3,503.0,0.506,0,17500.0,13,suburban,parttime,0,1,1,541.0
Male,34,under_55,GroupA,45100.0,16.0,11.9,535.0,0.5557,1,15100.0,5,suburban,selfemployed,0,1,1,540.0
Male,36,under_55,GroupA,14500.0,8.3,24.1,472.0,0.3271,1,13600.0,1,suburban,fulltime,0,0,0,457.0
Female,49,under_55,GroupA,17900.0,11.2,29.4,414.0,0.4896,2,6800.0,5,suburban,parttime,1,0,0,381.0
Female,38,under_55,GroupB,23900.0,14.5,19.7,422.0,0.8285,0,13800.0,9,urban,fulltime,0,0,0,421.0
Female,46,under_55,GroupC,30800.0,15.4,22.0,668.0,0.3194,0,15700.0,12,urban,fulltime,1,1,1,611.0
Female,47,under_55,GroupA,56600.0,14.7,32.0,661.0,0.5518,0,38600.0,17,suburban,fulltime,0,1,1,579.0
Male,42,under_55,GroupA,21200.0,15.3,18.4,663.0,0.0544,0,11300.0,1,suburban,selfemployed,0,1,1,663.0
Female,47,under_55,GroupA,36500.0,14.5,30.0,508.0,0.7512,0,10700.0,13,suburban,fulltime,0,1,1,484.0
Male,37,under_55,GroupA,38400.0,11.7,21.1,595.0,0.5041,0,15100.0,1,suburban,fulltime,0,1,1,602.0
Male,44,under_55,GroupA,74600.0,15.4,18.9,657.0,0.5404,0,75800.0,2,suburban,fulltime,0,1,1,658.0
Female,18,under_55,GroupA,22900.0,13.6,0.0,300.0,0.8982,0,13500.0,10,suburban,fulltime,0,0,0,300.0
Female,52,under_55,GroupA,31700.0,14.6,30.3,458.0,0.4933,1,27800.0,15,suburban,parttime,1,0,0,534.0
Male,23,under_55,GroupA,35100.0,14.5,4.5,629.0,0.1485,1,11100.0,0,suburban,fulltime,0,1,1,619.0
Female,61,55_plus,GroupB,18500.0,13.2,35.8,507.0,0.4766,1,12800.0,15,urban,fulltime,0,0,1,460.0
Female,26,under_55,GroupA,27200.0,15.1,7.5,530.0,0.4014,0,15000.0,17,suburban,parttime,1,1,1,521.0
Male,19,under_55,GroupA,28100.0,14.8,0.0,468.0,0.3911,0,10900.0,1,suburban,fulltime,0,0,0,479.0
Female,23,under_55,GroupA,28000.0,16.0,1.8,427.0,0.4826,1,7400.0,17,rural,fulltime,0,0,0,415.0
Female,25,under_55,GroupA,17300.0,14.3,0.9,300.0,0.7128,1,13100.0,17,urban,fulltime,0,0,0,300.0
Female,37,under_55,GroupA,27100.0,15.3,7.7,579.0,0.2224,0,25300.0,11,urban,selfemployed,0,0,0,576.0
Male,33,under_55,GroupC,29700.0,12.3,8.5,711.0,0.095,0,25100.0,19,urban,fulltime,0,1,1,662.0
Male,53,under_55,GroupB,31100.0,13.1,33.8,518.0,0.3746,1,37200.0,3,urban,fulltime,0,0,0,517.0
Female,65,55_plus,GroupB,19800.0,11.0,45.0,444.0,0.632,0,8800.0,14,suburban,parttime,0,1,1,444.0
Male,57,55_plus,GroupA,33600.0,11.9,40.0,589.0,0.4865,0,19900.0,0,suburban,fulltime,0,0,0,594.0
Female,35,under_55,GroupB,31300.0,13.5,12.9,651.0,0.3468,0,25500.0,13,urban,selfemployed,0,1,1,552.0
Male,57,55_plus,GroupB,20500.0,14.7,33.2,712.0,0.1317,1,5800.0,1,urban,fulltime,0,1,1,631.0
Male,42,under_55,GroupB,45600.0,16.3,18.5,653.0,0.346,0,34600.0,3,urban,fulltime,1,1,1,665.0
Male,38,under_55,GroupA,53300.0,13.7,13.5,550.0,0.5575,1,21900.0,1,urban,fulltime,1,1,1,552.0
Female,45,under_55,GroupB,39900.0,12.1,23.8,475.0,0.3543,1,12000.0,2,urban,selfemployed,0,0,0,582.0
Female,28,under_55,GroupA,29100.0,22.0,4.2,423.0,0.5268,1,7800.0,14,suburban,fulltime,0,0,0,421.0
Male,55,55_plus,GroupA,38900.0,17.9,30.9,621.0,0.2353,1,19300.0,3,suburban,parttime,0,1,1,597.0
Male,42,under_55,GroupC,28200.0,15.8,22.4,535.0,0.5491,0,20600.0,4,suburban,fulltime,0,1,1,561.0
Female,41,under_55,GroupA,19800.0,11.3,25.4,532.0,0.358,0,9600.0,21,suburban,fulltime,1,1,1,547.0
Female,46,under_55,GroupC,35300.0,12.0,22.3,613.0,0.4183,0,16100.0,15,urban,fulltime,0,0,1,601.0
Male,62,55_plus,GroupA,31700.0,13.7,45.0,632.0,0.4669,0,12700.0,2,urban,fulltime,0,1,1,616.0
Male,52,under_55,GroupB,63600.0,13.3,32.4,686.0,0.4032,0,35500.0,1,urban,fulltime,0,1,1,684.0
Female,31,under_55,GroupC,12100.0,9.4,12.3,495.0,0.3455,0,7200.0,20,suburban,selfemployed,1,1,1,514.0
Female,75,55_plus,GroupA,36300.0,19.8,45.0,609.0,0.2374,2,16300.0,15,suburban,selfemployed,0,0,0,558.0
Female,28,under_55,GroupC,20600.0,8.3,15.1,403.0,0.7239,1,10200.0,11,urban,selfemployed,0,0,0,391.0
Male,61,55_plus,GroupC,13900.0,8.4,44.7,469.0,0.4194,1,9300.0,1,rural,parttime,0,0,0,478.0
Female,54,under_55,GroupB,14400.0,15.9,29.9,434.0,0.4915,1,7800.0,12,urban,fulltime,0,0,0,446.0
Female,23,under_55,GroupC,27800.0,12.6,7.4,690.0,0.1366,0,12800.0,12,suburban,parttime,0,0,1,680.0
Male,24,under_55,GroupC,16200.0,13.4,5.8,441.0,0.286,1,11500.0,15,urban,fulltime,0,0,0,475.0
Female,43,under_55,GroupA,29400.0,15.1,14.1,575.0,0.4207,0,12000.0,12,urban,parttime,0,0,0,555.0
Male,64,55_plus,GroupC,24900.0,13.3,43.5,626.0,0.2192,1,13100.0,3,rural,selfemployed,0,0,0,585.0
Female,30,under_55,GroupA,27600.0,11.8,21.3,347.0,0.657,2,9800.0,2,suburban,fulltime,0,0,0,380.0
Female,53,under_55,GroupA,15300.0,12.7,33.3,470.0,0.3908,0,11600.0,10,urban,parttime,0,0,0,474.0
Female,48,under_55,GroupB,22900.0,18.7,28.1,584.0,0.3423,1,9900.0,14,urban,parttime,0,0,0,510.0
Male,41,under_55,GroupA,51000.0,14.1,20.5,682.0,0.3153,0,18100.0,0,urban,fulltime,0,1,1,671.0
Male,31,under_55,GroupC,43200.0,16.2,13.4,681.0,0.2852,0,16500.0,1,rural,fulltime,1,1,1,637.0
Male,40,under_55,GroupA,66300.0,15.0,18.2,661.0,0.5642,0,48500.0,1,rural,fulltime,0,1,1,626.0
Male,49,under_55,GroupA,35700.0,12.8,29.4,607.0,0.5169,0,12000.0,0,urban,fulltime,0,1,1,598.0
Female,61,55_plus,GroupB,29200.0,14.1,38.6,629.0,0.1252,0,20500.0,13,urban,fulltime,0,1,1,678.0
Female,42,under_55,GroupA,40600.0,17.9,23.5,425.0,0.7393,0,26400.0,8,suburban,selfemployed,0,0,0,495.0
Female,23,under_55,GroupC,25000.0,12.3,3.8,579.0,0.0995,0,17000.0,13,urban,fulltime,0,0,0,618.0
Male,49,under_55,GroupB,30500.0,8.2,33.7,466.0,0.3066,1,14200.0,2,urban,selfemployed,0,1,1,526.0
Male,32,under_55,GroupB,33200.0,12.2,17.2,543.0,0.3317,1,12700.0,0,urban,fulltime,0,0,0,560.0
Male,49,under_55,GroupA,18200.0,16.0,29.3,316.0,0.6199,2,12200.0,4,rural,fulltime,0,0,0,328.0
Female,62,55_plus,GroupB,17900.0,12.8,44.5,330.0,0.7245,0,15100.0,14,suburban,parttime,0,0,0,436.0
Female,65,55_plus,GroupA,28100.0,14.6,45.0,585.0,0.2585,1,40100.0,11,urban,fulltime,0,0,0,584.0
Male,50,under_55,GroupC,34900.0,11.6,31.0,591.0,0.2506,0,89200.0,18,rural,selfemployed,0,1,1,645.0
Female,45,under_55,GroupB,21300.0,13.6,19.9,516.0,0.4562,0,9000.0,15,suburban,parttime,0,0,0,513.0
Male,54,under_55,GroupB,30100.0,13.4,35.5,599.0,0.1987,1,16200.0,2,urban,parttime,1,0,1,630.0
Female,52,under_55,GroupB,22200.0,13.0,31.4,543.0,0.4499,1,15400.0,18,suburban,fulltime,0,0,0,481.0
Male,60,55_plus,GroupA,17300.0,14.7,38.8,373.0,0.6743,1,13100.0,2,suburban,fulltime,0,0,0,372.0
Male,46,under_55,GroupC,30200.0,16.8,24.0,566.0,0.4475,1,22300.0,0,rural,selfemployed,0,0,0,526.0
Male,39,under_55,GroupA,25000.0,12.4,24.9,668.0,0.0733,0,14400.0,0,suburban,selfemployed,0,1,1,660.0
Female,59,55_plus,GroupC,14400.0,13.7,38.9,511.0,0.3412,0,5800.0,12,suburban,fulltime,0,0,1,544.0
Female,18,under_55,GroupB,27600.0,18.1,0.0,480.0,0.1876,0,11300.0,21,suburban,parttime,1,0,0,554.0
Male,55,55_plus,GroupB,41300.0,17.1,31.7,507.0,0.3765,0,27000.0,1,urban,fulltime,0,1,1,646.0
Male,62,55_plus,GroupB,45300.0,15.0,37.7,640.0,0.3109,0,40500.0,2,urban,fulltime,1,1,1,630.0
Male,45,under_55,GroupB,39900.0,14.4,24.3,679.0,0.2575,1,27700.0,1,urban,fulltime,0,1,1,626.0
Male,58,55_plus,GroupA,16800.0,12.8,37.9,558.0,0.1689,1,4800.0,0,rural,fulltime,0,1,1,553.0
Male,46,under_55,GroupA,38800.0,11.2,24.7,400.0,0.8053,1,11200.0,3,suburban,selfemployed,0,0,0,396.0
Female,57,55_plus,GroupA,48200.0,15.6,36.1,636.0,0.3062,1,36800.0,3,suburban,fulltime,0,1,1,616.0
Female,70,55_plus,GroupA,23300.0,12.7,45.0,550.0,0.3479,0,21000.0,10,rural,fulltime,0,0,0,542.0
Male,32,under_55,GroupA,28300.0,16.8,2.0,321.0,0.6831,2,8000.0,1,urban,fulltime,1,0,0,322.0
Male,65,55_plus,GroupA,20300.0,12.7,45.0,660.0,0.0883,0,6700.0,3,rural,fulltime,0,1,1,642.0
Female,25,under_55,GroupA,47400.0,13.0,3.3,522.0,0.4536,0,28100.0,17,suburban,selfemployed,0,1,1,536.0
Male,48,under_55,GroupB,28200.0,14.4,33.5,604.0,0.296,0,28500.0,1,urban,fulltime,0,1,1,591.0
Female,63,55_plus,GroupA,24500.0,13.0,40.5,561.0,0.2978,1,18200.0,14,suburban,parttime,0,1,1,532.0
Male,32,under_55,GroupB,33400.0,11.6,16.4,543.0,0.3311,1,23700.0,1,urban,selfemployed,0,1,1,559.0
Female,19,under_55,GroupC,36100.0,14.1,1.8,471.0,0.5607,0,32700.0,3,suburban,fulltime,0,0,0,483.0
Female,39,under_55,GroupB,24600.0,10.8,24.1,556.0,0.1165,1,20400.0,14,urban,fulltime,0,0,0,620.0
Male,46,under_55,GroupA,42700.0,18.2,21.5,608.0,0.4181,0,19500.0,2,urban,fulltime,1,1,1,595.0
Female,40,under_55,GroupA,20300.0,9.7,24.0,649.0,0.088,0,8900.0,0,urban,fulltime,0,1,1,652.0
Male,57,55_plus,GroupB,25900.0,12.3,36.9,459.0,0.5917,1,10700.0,3,urban,fulltime,0,0,0,451.0
Male,38,under_55,GroupB,30000.0,12.9,21.5,434.0,0.4351,1,25500.0,0,urban,parttime,0,0,0,473.0
Female,48,under_55,GroupA,52100.0,15.3,24.8,609.0,0.4729,0,10000.0,13,suburban,fulltime,0,0,1,644.0
Female,24,under_55,GroupC,21500.0,9.0,11.0,484.0,0.6164,0,9700.0,13,urban,fulltime,0,1,1,481.0
Male,29,under_55,GroupC,61200.0,15.9,3.3,572.0,0.2077,1,28600.0,16,urban,selfemployed,0,0,1,601.0
Male,35,under_55,GroupA,36700.0,17.7,12.4,439.0,0.5443,1,15000.0,2,rural,fulltime,0,0,0,460.0
Female,31,under_55,GroupC,24200.0,13.4,9.0,423.0,0.2916,1,43500.0,0,urban,fulltime,0,0,0,523.0
Female,32,under_55,GroupA,25000.0,12.6,17.2,606.0,0.3383,0,25100.0,11,rural,fulltime,0,1,1,570.0
Male,33,under_55,GroupB,32700.0,15.0,11.7,609.0,0.255,0,13300.0,0,urban,fulltime,0,1,1,609.0
Female,63,55_plus,GroupA,16100.0,15.1,34.1,491.0,0.4086,0,15600.0,11,rural,fulltime,0,0,0,471.0
Female,18,under_55,GroupA,8900.0,10.2,0.0,300.0,0.5696,2,7200.0,7,suburban,parttime,0,0,0,300.0
Female,30,under_55,GroupB,21600.0,13.5,12.0,515.0,0.5168,1,16500.0,5,urban,fulltime,0,0,0,437.0
Male,40,under_55,GroupB,41800.0,12.4,21.8,640.0,0.3199,1,19600.0,3,urban,fulltime,0,1,1,585.0
Female,48,under_55,GroupA,20500.0,15.3,24.2,464.0,0.4764,0,15200.0,15,urban,parttime,0,1,1,521.0
Female,62,55_plus,GroupA,11400.0,9.7,43.1,300.0,0.8322,2,11300.0,12,rural,fulltime,0,0,0,300.0
Male,50,under_55,GroupB,34900.0,16.2,29.6,638.0,0.1645,0,19800.0,0,suburban,fulltime,0,1,1,614.0
Female,71,55_plus,GroupB,16800.0,14.7,45.0,401.0,0.4958,1,8100.0,5,urban,fulltime,1,0,0,459.0
Male,41,under_55,GroupA,27400.0,15.1,22.1,368.0,0.593,2,15500.0,17,suburban,fulltime,0,0,0,365.0
Female,37,under_55,GroupB,13800.0,12.9,14.2,387.0,0.5344,2,5100.0,2,urban,fulltime,0,0,0,345.0
Male,38,under_55,GroupB,26500.0,13.6,18.1,484.0,0.347,1,9300.0,0,urban,fulltime,0,1,1,523.0
Female,69,55_plus,GroupA,22700.0,17.1,45.0,623.0,0.2348,0,16200.0,12,urban,selfemployed,0,1,1,641.0
Male,61,55_plus,GroupA,43900.0,13.5,41.5,614.0,0.492,0,74000.0,1,rural,fulltime,0,1,1,600.0
Male,33,under_55,GroupA,56500.0,19.0,10.9,734.0,0.1754,0,46300.0,1,urban,fulltime,0,1,1,736.0
Female,51,under_55,GroupA,28500.0,14.4,30.6,579.0,0.2913,1,28300.0,15,suburban,parttime,0,0,1,577.0
Male,30,under_55,GroupB,14300.0,14.3,6.7,554.0,0.12,0,9800.0,4,urban,parttime,0,0,0,598.0
Male,52,under_55,GroupA,26500.0,12.1,29.5,590.0,0.3286,0,16800.0,2,urban,fulltime,1,0,0,600.0
Female,41,under_55,GroupA,23100.0,13.3,25.5,651.0,0.1108,1,17100.0,9,urban,fulltime,1,0,0,652.0
Female,54,under_55,GroupA,33700.0,14.4,30.9,530.0,0.3426,2,15200.0,1,rural,parttime,0,1,1,505.0
Male,45,under_55,GroupA,54200.0,16.0,25.0,738.0,0.1905,0,10300.0,2,suburban,fulltime,0,1,1,728.0
Male,25,under_55,GroupA,18800.0,13.5,2.1,435.0,0.5113,0,11600.0,1,rural,fulltime,1,0,0,432.0
Female,46,under_55,GroupC,28700.0,14.1,25.1,569.0,0.2041,0,18500.0,15,urban,fulltime,1,0,0,630.0
Female,39,under_55,GroupC,16600.0,11.8,21.7,341.0,0.4421,3,2000.0,18,rural,fulltime,0,0,0,328.0
Male,52,under_55,GroupA,33900.0,14.5,34.2,590.0,0.3445,0,14000.0,2,rural,fulltime,0,1,1,622.0
Male,37,under_55,GroupB,29900.0,11.9,14.9,564.0,0.2176,1,14400.0,0,suburban,fulltime,0,0,1,536.0
Male,64,55_plus,GroupC,24400.0,11.7,45.0,650.0,0.0392,0,11000.0,2,urban,fulltime,1,0,1,668.0
Male,30,under_55,GroupA,63000.0,14.3,13.4,663.0,0.4128,0,21100.0,0,suburban,fulltime,0,1,1,673.0
Female,74,55_plus,GroupA,14500.0,12.9,45.0,386.0,0.3959,1,8300.0,9,suburban,parttime,0,0,0,452.0
Male,26,under_55,GroupA,40500.0,15.0,3.3,623.0,0.1571,0,27100.0,1,rural,selfemployed,1,1,1,650.0
Female,35,under_55,GroupA,25100.0,14.1,15.8,506.0,0.3166,1,27400.0,9,urban,selfemployed,0,0,0,540.0
Male,54,under_55,GroupA,61700.0,14.7,34.2,653.0,0.4001,0,41800.0,3,suburban,fulltime,0,0,0,648.0
Male,31,under_55,GroupA,27100.0,13.9,11.8,618.0,0.2176,0,16300.0,0,suburban,fulltime,1,1,1,632.0
Male,55,55_plus,GroupA,38000.0,12.7,38.7,664.0,0.2086,0,20700.0,0,suburban,fulltime,0,1,1,666.0
Male,39,under_55,GroupB,46700.0,11.3,23.3,678.0,0.2903,0,17600.0,1,urban,fulltime,0,1,1,649.0
Female,38,under_55,GroupB,29100.0,8.0,25.0,481.0,0.252,2,17100.0,13,suburban,fulltime,0,0,1,527.0
Female,44,under_55,GroupA,13400.0,14.0,27.9,598.0,0.2948,0,9700.0,11,rural,fulltime,0,0,0,553.0
Male,43,under_55,GroupC,37800.0,13.7,20.4,520.0,0.4217,1,21300.0,0,rural,fulltime,0,1,1,528.0
Male,55,55_plus,GroupA,13900.0,11.1,32.8,443.0,0.3217,2,9100.0,2,suburban,parttime,0,0,0,454.0
Female,46,under_55,GroupC,27500.0,14.3,27.8,700.0,0.0405,0,6400.0,12,urban,selfemployed,0,1,1,699.0
Male,78,55_plus,GroupA,21900.0,15.5,45.0,311.0,0.8149,2,13800.0,0,suburban,fulltime,0,0,0,300.0
Male,50,under_55,GroupA,42400.0,10.7,33.3,612.0,0.2859,1,26000.0,1,suburban,fulltime,0,0,0,616.0
Male,53,under_55,GroupA,24900.0,13.3,29.2,564.0,0.1903,1,12300.0,2,suburban,selfemployed,0,0,0,564.0
Male,61,55_plus,GroupB,22400.0,13.4,39.6,407.0,0.4483,1,10600.0,1,urban,selfemployed,1,0,0,437.0
Female,42,under_55,GroupA,23300.0,18.0,12.8,617.0,0.3698,0,12200.0,9,suburban,fulltime,0,1,1,570.0
Female,36,under_55,GroupA,18000.0,13.9,15.6,474.0,0.2396,2,8300.0,13,rural,selfemployed,0,0,0,490.0
Female,53,under_55,GroupA,30200.0,12.9,27.6,660.0,0.2689,0,12100.0,0,suburban,fulltime,0,1,1,641.0
Male,69,55_plus,GroupA,27400.0,13.8,45.0,357.0,0.9226,1,9000.0,14,suburban,fulltime,0,0,0,355.0
Female,60,55_plus,GroupB,23700.0,13.3,38.3,454.0,0.5097,0,12800.0,13,urban,fulltime,0,0,0,515.0
Female,46,under_55,GroupB,21700.0,12.3,22.9,486.0,0.5004,1,11800.0,4,urban,fulltime,1,0,0,478.0
Male,36,under_55,GroupB,18600.0,13.5,13.1,300.0,0.4337,4,17200.0,11,urban,parttime,0,0,0,300.0
Male,51,under_55,GroupA,34900.0,13.0,32.6,539.0,0.5637,0,9000.0,0,rural,fulltime,0,0,0,522.0
Male,45,under_55,GroupC,44500.0,17.8,21.3,701.0,0.1196,0,18300.0,1,urban,fulltime,0,1,1,699.0
Male,34,under_55,GroupB,37900.0,16.6,11.0,654.0,0.3667,0,23900.0,1,rural,fulltime,0,0,0,649.0
Female,53,under_55,GroupB,27700.0,14.9,32.5,424.0,0.3228,1,20100.0,3,urban,fulltime,0,1,1,516.0
Female,44,under_55,GroupB,25600.0,12.2,22.2,529.0,0.2444,1,30200.0,13,urban,fulltime,1,0,1,556.0
Male,24,under_55,GroupA,35100.0,14.3,3.8,443.0,0.5739,0,28400.0,1,urban,fulltime,0,0,0,461.0
Male,34,under_55,GroupA,27000.0,19.6,5.7,412.0,0.6325,1,8600.0,16,suburban,fulltime,0,1,1,432.0
Female,25,under_55,GroupB,20300.0,14.2,4.9,364.0,0.5904,1,9300.0,14,rural,fulltime,0,0,0,381.0
Female,58,55_plus,GroupA,27900.0,13.8,35.8,427.0,0.4086,3,12000.0,10,urban,parttime,0,0,0,393.0
Male,49,under_55,GroupC,26400.0,12.2,32.5,544.0,0.1615,1,24300.0,3,urban,selfemployed,0,1,1,583.0
Female,47,under_55,GroupC,22300.0,18.4,23.1,482.0,0.0966,1,7000.0,10,suburban,selfemployed,0,1,1,558.0
Male,38,under_55,GroupA,28900.0,14.1,16.2,680.0,0.1122,0,24500.0,4,suburban,fulltime,0,1,1,687.0
Male,51,under_55,GroupA,49800.0,17.5,22.9,547.0,0.7887,0,30700.0,1,suburban,fulltime,0,0,0,541.0
Male,53,under_55,GroupA,19800.0,15.7,36.4,576.0,0.3235,0,12500.0,12,urban,fulltime,1,0,0,570.0
Female,59,55_plus,GroupA,19200.0,13.4,41.4,456.0,0.3318,2,14700.0,9,suburban,parttime,1,0,0,447.0
Male,42,under_55,GroupA,62000.0,11.9,20.5,631.0,0.3574,1,50400.0,13,suburban,fulltime,0,1,1,618.0
Male,29,under_55,GroupB,23500.0,17.9,3.2,550.0,0.1431,1,8800.0,1,urban,fulltime,0,0,0,518.0
Male,23,under_55,GroupA,45700.0,11.6,4.5,652.0,0.1145,1,37300.0,1,suburban,fulltime,0,1,1,651.0
Male,37,under_55,GroupB,49600.0,12.7,20.4,693.0,0.4253,0,17700.0,2,rural,fulltime,0,0,1,668.0
Male,29,under_55,GroupB,40600.0,15.4,8.0,370.0,0.7355,2,22300.0,2,suburban,fulltime,0,0,0,386.0
Male,20,under_55,GroupA,25900.0,15.0,0.0,355.0,0.3704,2,7100.0,0,rural,fulltime,0,0,0,363.0
Female,52,under_55,GroupB,18900.0,16.6,23.2,534.0,0.1425,0,15800.0,2,urban,parttime,0,0,1,587.0
Male,19,under_55,GroupC,20400.0,16.5,0.0,339.0,0.7429,1,8300.0,0,urban,selfemployed,0,0,0,300.0
Male,41,under_55,GroupA,26100.0,15.5,21.5,681.0,0.0684,1,14400.0,1,rural,fulltime,0,1,1,664.0
Male,41,under_55,GroupA,43700.0,17.6,15.6,540.0,0.6722,0,28700.0,0,suburban,fulltime,0,0,0,525.0
Female,45,under_55,GroupA,24900.0,16.3,24.7,567.0,0.3591,0,16900.0,9,rural,fulltime,0,0,0,573.0
Male,32,under_55,GroupC,24700.0,14.3,11.6,478.0,0.4403,1,7700.0,14,urban,fulltime,0,1,1,485.0
Male,55,55_plus,GroupC,31400.0,15.5,36.3,527.0,0.4239,1,14400.0,1,urban,fulltime,1,1,1,512.0
Male,50,under_55,GroupA,50600.0,14.0,32.8,672.0,0.1922,0,20900.0,3,suburban,selfemployed,0,1,1,678.0
Male,62,55_plus,GroupA,20900.0,13.4,40.3,393.0,0.3051,3,12500.0,2,suburban,parttime,0,0,0,403.0
Female,38,under_55,GroupA,14600.0,13.6,14.9,525.0,0.3888,0,3800.0,9,suburban,fulltime,0,1,1,505.0
Male,44,under_55,GroupA,20300.0,12.4,26.9,386.0,0.5391,2,28000.0,3,rural,fulltime,0,0,0,351.0
Male,42,under_55,GroupA,36600.0,17.4,17.7,589.0,0.4573,0,33200.0,8,urban,selfemployed,0,0,0,625.0
Male,34,under_55,GroupA,27500.0,11.4,13.8,565.0,0.2316,1,36500.0,9,suburban,parttime,0,1,1,572.0
Male,35,under_55,GroupA,25900.0,13.8,19.2,653.0,0.1626,0,26600.0,2,urban,fulltime,0,1,1,665.0
Female,40,under_55,GroupB,28000.0,14.5,13.4,411.0,0.5904,2,4400.0,4,urban,parttime,0,0,0,392.0
Female,39,under_55,GroupA,29300.0,10.8,23.4,452.0,0.7164,1,20200.0,16,urban,selfemployed,0,0,0,466.0
Male,20,under_55,GroupB,27700.0,12.3,1.3,300.0,0.6893,3,25200.0,1,rural,selfemployed,0,0,0,300.0
Female,18,under_55,GroupC,27000.0,17.2,0.0,528.0,0.2135,0,15400.0,13,rural,fulltime,1,1,1,562.0
Female,25,under_55,GroupA,6800.0,16.0,0.0,300.0,0.3473,1,3400.0,10,rural,fulltime,0,0,0,300.0
Male,37,under_55,GroupA,35800.0,16.3,16.4,627.0,0.1452,1,9900.0,0,rural,fulltime,1,1,1,640.0
Male,43,under_55,GroupB,57000.0,17.3,23.8,752.0,0.1219,0,39400.0,2,urban,fulltime,0,1,1,757.0
Male,44,under_55,GroupA,38000.0,20.2,18.5,538.0,0.5831,0,44300.0,4,suburban,fulltime,0,0,0,548.0
Female,33,under_55,GroupA,27900.0,12.6,11.9,482.0,0.49,1,23500.0,14,suburban,fulltime,1,0,1,519.0
Female,36,under_55,GroupA,20300.0,13.0,17.9,522.0,0.342,0,10200.0,14,rural,parttime,0,0,0,559.0
Male,59,55_plus,GroupA,53400.0,16.8,43.4,579.0,0.7234,0,22800.0,2,suburban,fulltime,0,1,1,564.0
Female,30,under_55,GroupB,25600.0,12.1,9.9,300.0,0.4684,2,14600.0,0,urban,fulltime,1,0,0,402.0
Male,60,55_plus,GroupA,16900.0,11.4,45.0,498.0,0.2088,1,22400.0,0,suburban,parttime,1,0,0,498.0
Male,32,under_55,GroupA,22600.0,15.0,8.7,444.0,0.3487,2,16700.0,3,suburban,selfemployed,0,0,0,442.0
Female,29,under_55,GroupA,28500.0,11.8,13.1,545.0,0.5733,0,9400.0,10,urban,parttime,0,0,0,544.0
Male,44,under_55,GroupA,46300.0,14.8,23.2,628.0,0.4022,0,22900.0,2,suburban,fulltime,0,1,1,625.0
Female,45,under_55,GroupA,36100.0,16.3,26.5,309.0,0.6251,3,26400.0,15,suburban,fulltime,0,0,0,343.0
Male,28,under_55,GroupB,50300.0,16.9,1.1,661.0,0.1202,0,51400.0,1,urban,fulltime,0,1,1,680.0
Male,24,under_55,GroupA,40400.0,12.8,10.6,679.0,0.3047,0,33600.0,2,suburban,fulltime,0,1,1,670.0
Male,29,under_55,GroupA,26300.0,14.4,8.8,522.0,0.2807,1,21500.0,1,suburban,parttime,0,0,0,504.0
Female,46,under_55,GroupC,54900.0,16.7,25.0,606.0,0.4371,0,24000.0,2,urban,selfemployed,0,1,1,671.0
Male,39,under_55,GroupA,39500.0,13.5,20.7,597.0,0.3759,0,22100.0,10,suburban,fulltime,0,1,1,609.0
Male,29,under_55,GroupA,66300.0,16.9,8.3,531.0,0.6809,0,65700.0,2,urban,fulltime,0,0,0,521.0
Male,34,under_55,GroupA,25500.0,15.8,7.8,512.0,0.5872,0,18100.0,2,suburban,parttime,0,0,0,505.0
Female,55,55_plus,GroupC,41200.0,20.1,28.5,602.0,0.3259,1,19200.0,12,urban,fulltime,0,0,1,599.0
Female,49,under_55,GroupB,32100.0,11.8,34.3,649.0,0.1432,0,9400.0,0,suburban,parttime,0,1,1,660.0
Female,42,under_55,GroupA,21500.0,21.4,13.9,594.0,0.1153,0,12200.0,2,urban,parttime,1,1,1,616.0
Male,61,55_plus,GroupA,49700.0,13.8,37.6,622.0,0.5704,0,42100.0,7,suburban,fulltime,0,0,0,620.0
Male,45,under_55,GroupC,20300.0,11.1,29.6,462.0,0.6822,0,16700.0,1,suburban,fulltime,0,0,0,454.0
Male,30,under_55,GroupB,62500.0,13.4,11.6,633.0,0.4118,0,36900.0,7,urban,fulltime,1,1,1,670.0
Male,51,under_55,GroupC,20000.0,16.2,28.4,456.0,0.4998,1,15800.0,2,suburban,fulltime,1,0,0,460.0
Male,34,under_55,GroupB,38900.0,9.5,19.0,582.0,0.4291,0,14000.0,1,urban,fulltime,0,1,1,553.0
Male,59,55_plus,GroupA,38900.0,16.6,39.4,699.0,0.1456,0,15000.0,2,urban,fulltime,1,1,1,713.0
Female,36,under_55,GroupA,21600.0,8.0,19.1,587.0,0.1187,1,11200.0,14,suburban,selfemployed,0,1,1,574.0
Female,23,under_55,GroupB,38200.0,15.0,7.4,652.0,0.2897,1,21800.0,19,urban,fulltime,0,1,1,535.0
Male,37,under_55,GroupA,25100.0,11.1,22.5,301.0,0.668,3,23300.0,0,suburban,fulltime,0,0,0,300.0
Male,35,under_55,GroupA,30900.0,13.9,19.0,527.0,0.6361,0,33100.0,1,urban,fulltime,1,1,1,516.0
Male,32,under_55,GroupB,29200.0,12.7,13.8,496.0,0.7169,0,8300.0,0,suburban,fulltime,0,0,0,497.0
Female,46,under_55,GroupA,17100.0,15.7,21.4,495.0,0.4688,1,9200.0,10,urban,selfemployed,0,0,0,472.0
Female,37,under_55,GroupB,35000.0,10.9,17.8,670.0,0.3292,0,25900.0,18,suburban,parttime,0,1,1,624.0
Female,32,under_55,GroupA,28400.0,12.7,15.3,455.0,0.599,0,7900.0,19,rural,fulltime,1,0,1,514.0
Male,25,under_55,GroupA,60800.0,17.2,1.0,620.0,0.2666,0,20800.0,2,suburban,fulltime,0,1,1,622.0
Female,46,under_55,GroupC,38400.0,15.7,23.8,678.0,0.1449,0,16600.0,9,urban,fulltime,0,0,1,649.0
Male,28,under_55,GroupA,26200.0,15.5,4.3,444.0,0.6357,0,16600.0,2,suburban,fulltime,0,1,1,436.0
Female,24,under_55,GroupC,18800.0,12.3,6.3,433.0,0.2712,1,8600.0,11,urban,selfemployed,1,0,0,449.0
Male,40,under_55,GroupB,28000.0,16.5,26.0,389.0,0.3769,2,32100.0,1,suburban,selfemployed,1,0,0,421.0
Male,36,under_55,GroupA,28600.0,14.2,19.7,453.0,0.5354,1,8500.0,3,rural,fulltime,1,0,0,450.0
Male,38,under_55,GroupC,20400.0,13.9,17.1,478.0,0.3656,1,8600.0,2,rural,fulltime,0,0,0,478.0
Female,37,under_55,GroupB,19800.0,16.5,15.3,625.0,0.2924,1,11500.0,0,urban,fulltime,0,0,1,535.0
Male,36,under_55,GroupB,69200.0,13.9,16.3,654.0,0.2426,0,41900.0,3,urban,fulltime,0,1,1,702.0
Male,30,under_55,GroupA,16800.0,11.3,14.5,565.0,0.2836,0,19700.0,22,rural,fulltime,0,0,0,585.0
Female,57,55_plus,GroupB,21800.0,14.0,34.8,496.0,0.2304,2,7400.0,1,suburban,fulltime,0,0,0,483.0
Female,52,under_55,GroupA,19900.0,12.0,32.1,416.0,0.646,1,11800.0,2,suburban,fulltime,0,0,0,396.0
Male,46,under_55,GroupB,34300.0,11.4,27.1,584.0,0.2321,1,10800.0,2,rural,fulltime,0,0,0,585.0
Female,35,under_55,GroupB,16200.0,13.7,16.8,518.0,0.4305,1,11500.0,8,urban,parttime,0,0,0,442.0
Male,54,under_55,GroupA,21700.0,14.1,30.2,314.0,0.7315,4,9500.0,2,urban,fulltime,0,0,0,300.0
Female,45,under_55,GroupA,27300.0,16.0,20.2,430.0,0.95,1,16100.0,13,urban,fulltime,0,0,0,409.0
Male,57,55_plus,GroupA,24300.0,16.9,36.7,451.0,0.6134,1,23400.0,0,suburban,fulltime,0,0,0,445.0
Female,33,under_55,GroupB,17400.0,10.6,20.6,563.0,0.1423,0,26300.0,13,urban,selfemployed,0,0,0,603.0
Male,43,under_55,GroupA,28300.0,16.2,11.7,600.0,0.3349,0,17700.0,1,urban,fulltime,0,1,1,588.0
Female,68,55_plus,GroupA,14500.0,13.8,45.0,459.0,0.4517,0,19300.0,3,suburban,fulltime,0,0,0,473.0
Female,47,under_55,GroupA,21100.0,10.1,29.8,472.0,0.636,0,11100.0,1,urban,fulltime,0,0,0,484.0
Female,23,under_55,GroupC,27900.0,9.5,0.7,519.0,0.3623,0,15100.0,18,suburban,fulltime,0,0,0,471.0
Male,50,under_55,GroupB,68300.0,14.3,27.3,715.0,0.4192,0,32400.0,0,urban,fulltime,1,0,1,685.0
Male,67,55_plus,GroupA,24500.0,13.0,45.0,612.0,0.083,0,28300.0,0,suburban,fulltime,0,1,1,604.0
Male,30,under_55,GroupB,41600.0,11.1,16.2,597.0,0.0541,0,32000.0,3,urban,fulltime,1,1,1,695.0
Male,66,55_plus,GroupA,51300.0,15.4,45.0,596.0,0.4517,1,7800.0,0,suburban,fulltime,0,1,1,582.0
Male,58,55_plus,GroupA,29300.0,11.9,39.3,723.0,0.0557,0,41400.0,0,suburban,fulltime,0,1,1,715.0
Female,46,under_55,GroupA,30200.0,15.7,25.5,468.0,0.599,0,9500.0,9,urban,parttime,0,0,0,486.0
Female,42,under_55,GroupA,23900.0,10.6,27.6,562.0,0.2334,0,11200.0,14,suburban,fulltime,1,0,1,621.0
Male,39,under_55,GroupB,29100.0,14.7,20.2,496.0,0.4092,1,20100.0,0,suburban,parttime,0,0,0,465.0
Male,19,under_55,GroupA,24800.0,11.0,0.0,401.0,0.4547,1,10100.0,1,suburban,selfemployed,1,0,0,390.0
Male,58,55_plus,GroupA,30300.0,11.9,44.6,475.0,0.434,2,17500.0,1,suburban,fulltime,0,1,1,490.0
Female,54,under_55,GroupC,14200.0,13.8,33.2,498.0,0.2689,1,11200.0,24,urban,fulltime,1,0,0,482.0
Male,25,under_55,GroupA,17300.0,13.6,0.0,300.0,0.5827,1,14600.0,2,suburban,parttime,0,0,0,300.0
Female,56,55_plus,GroupA,22600.0,13.8,36.2,384.0,0.3692,3,14500.0,15,suburban,fulltime,0,0,0,374.0
Male,39,under_55,GroupA,15900.0,13.8,18.4,612.0,0.1057,0,6200.0,1,rural,parttime,0,1,1,600.0
Male,64,55_plus,GroupC,15100.0,10.4,45.0,652.0,0.1153,0,4400.0,2,rural,selfemployed,0,1,1,603.0
Male,49,under_55,GroupA,29200.0,10.0,30.7,602.0,0.388,0,29600.0,15,urban,fulltime,0,0,0,588.0
Female,44,under_55,GroupC,28700.0,15.4,25.1,502.0,0.4565,0,15100.0,0,rural,fulltime,0,1,1,588.0
Male,35,under_55,GroupA,45400.0,17.9,5.4,559.0,0.647,0,35800.0,0,urban,fulltime,0,1,1,553.0
Male,48,under_55,GroupA,35800.0,12.2,30.1,404.0,0.6551,2,42700.0,0,urban,fulltime,0,0,0,399.0
Female,43,under_55,GroupA,20100.0,15.4,25.0,453.0,0.2779,1,16500.0,16,suburban,parttime,0,0,0,508.0
Male,21,under_55,GroupA,46200.0,17.6,0.0,576.0,0.2129,0,21900.0,2,suburban,parttime,0,1,1,570.0
Male,26,under_55,GroupC,34800.0,16.1,6.7,453.0,0.4484,0,21500.0,2,urban,fulltime,1,0,0,530.0
Female,41,under_55,GroupB,32800.0,14.1,23.2,649.0,0.1047,0,21400.0,16,urban,fulltime,0,0,1,671.0
Male,68,55_plus,GroupB,14700.0,13.6,45.0,539.0,0.2132,1,8600.0,2,rural,selfemployed,1,1,1,523.0
Female,30,under_55,GroupA,18600.0,14.2,6.9,502.0,0.2006,0,21300.0,3,suburban,fulltime,0,0,0,544.0
Female,18,under_55,GroupA,29000.0,14.5,0.0,455.0,0.377,0,24800.0,13,suburban,fulltime,0,0,0,450.0
Female,60,55_plus,GroupA,22300.0,11.2,38.7,437.0,0.6466,1,32500.0,6,rural,parttime,0,0,0,410.0
Male,66,55_plus,GroupA,25000.0,13.2,43.8,473.0,0.624,0,14100.0,13,urban,fulltime,0,0,0,474.0
Male,50,under_55,GroupA,39500.0,14.2,28.3,747.0,0.1331,0,36600.0,1,suburban,fulltime,0,1,1,739.0
Male,62,55_plus,GroupA,27600.0,10.5,45.0,606.0,0.1614,1,9100.0,1,suburban,selfemployed,1,1,1,596.0
Male,25,under_55,GroupA,44300.0,17.5,0.0,473.0,0.4563,0,23100.0,0,suburban,selfemployed,0,0,0,473.0
Male,58,55_plus,GroupB,20700.0,11.4,39.4,354.0,0.7177,1,15300.0,4,urban,fulltime,0,0,0,385.0
Male,51,under_55,GroupA,65300.0,17.7,28.8,575.0,0.5887,0,65100.0,0,urban,fulltime,0,0,0,584.0
Male,47,under_55,GroupC,44600.0,17.0,23.4,654.0,0.254,0,24100.0,0,suburban,selfemployed,0,1,1,669.0
Male,27,under_55,GroupA,40000.0,12.0,10.5,632.0,0.4373,0,18600.0,0,suburban,fulltime,0,0,0,639.0
Male,66,55_plus,GroupA,22500.0,14.2,41.5,453.0,0.4497,1,10600.0,1,suburban,fulltime,0,1,1,459.0
Female,47,under_55,GroupA,26600.0,13.1,28.6,391.0,0.5538,2,12900.0,7,rural,selfemployed,1,0,0,408.0
Female,40,under_55,GroupA,26900.0,16.7,17.0,575.0,0.3731,0,68000.0,12,rural,fulltime,0,1,1,570.0
Male,39,under_55,GroupA,26800.0,18.1,12.8,483.0,0.375,2,9400.0,0,suburban,fulltime,0,1,1,481.0
Female,43,under_55,GroupA,42900.0,12.8,25.6,602.0,0.4103,0,34500.0,13,suburban,fulltime,0,1,1,593.0
Male,25,under_55,GroupA,52500.0,16.2,3.8,490.0,0.6329,1,14000.0,1,suburban,fulltime,0,0,0,490.0
Male,24,under_55,GroupB,27700.0,8.5,7.8,535.0,0.4876,0,26600.0,1,urban,fulltime,0,0,0,478.0
Male,37,under_55,GroupA,29400.0,15.6,14.9,611.0,0.3,0,16100.0,1,suburban,fulltime,1,1,1,620.0
Female,31,under_55,GroupA,24300.0,15.5,10.3,434.0,0.2266,2,12000.0,14,suburban,fulltime,1,1,1,465.0
Male,35,under_55,GroupB,20000.0,13.8,17.9,555.0,0.3377,0,12200.0,2,urban,selfemployed,0,1,1,539.0
Female,41,under_55,GroupC,30300.0,11.5,24.5,300.0,0.7717,4,14100.0,19,suburban,fulltime,0,0,0,300.0
Male,36,under_55,GroupA,53400.0,15.6,7.8,580.0,0.5389,0,24300.0,0,suburban,fulltime,0,1,1,586.0
Male,44,under_55,GroupC,22500.0,12.1,27.2,458.0,0.5208,1,24400.0,5,rural,selfemployed,0,0,0,452.0
Male,43,under_55,GroupB,35600.0,20.0,12.5,700.0,0.1602,0,39700.0,0,rural,parttime,1,1,1,674.0
Female,44,under_55,GroupC,24400.0,12.0,26.3,465.0,0.4017,0,21300.0,10,urban,fulltime,0,1,1,562.0
Female,66,55_plus,GroupB,37800.0,15.2,45.0,736.0,0.3224,0,31300.0,2,suburban,fulltime,0,0,1,658.0
Male,47,under_55,GroupB,19800.0,11.4,25.7,728.0,0.2137,0,13400.0,1,suburban,fulltime,0,1,1,676.0
Male,41,under_55,GroupA,56000.0,13.1,24.1,502.0,0.6559,1,21800.0,1,suburban,fulltime,0,0,0,519.0
Male,38,under_55,GroupC,39300.0,11.2,22.2,691.0,0.2604,0,16500.0,12,suburban,fulltime,0,1,1,657.0
Male,58,55_plus,GroupA,19900.0,10.2,41.5,300.0,0.95,3,7200.0,2,suburban,fulltime,0,0,0,300.0
Male,39,under_55,GroupA,48100.0,13.3,18.6,687.0,0.2155,0,37600.0,4,rural,fulltime,1,1,1,710.0
Female,20,under_55,GroupA,25100.0,14.4,3.6,556.0,0.2631,0,6900.0,8,suburban,parttime,0,1,1,564.0
Male,53,under_55,GroupB,22800.0,11.8,35.1,585.0,0.3474,0,8500.0,3,suburban,selfemployed,0,1,1,579.0
Male,41,under_55,GroupA,58100.0,13.7,21.3,641.0,0.3854,0,16300.0,1,suburban,fulltime,0,1,1,656.0
Female,18,under_55,GroupC,30200.0,14.5,0.0,535.0,0.315,0,21000.0,10,urban,fulltime,1,0,0,509.0
Female,34,under_55,GroupA,52300.0,16.4,8.3,679.0,0.3289,1,11900.0,13,rural,fulltime,0,0,1,623.0
Female,59,55_plus,GroupC,20700.0,15.5,33.3,652.0,0.0972,1,10600.0,12,urban,fulltime,0,1,1,579.0
Male,53,under_55,GroupB,31000.0,16.3,33.2,617.0,0.3189,0,12900.0,0,suburban,fulltime,0,1,1,609.0
Male,47,under_55,GroupA,68800.0,18.2,20.7,694.0,0.4269,0,53100.0,1,suburban,fulltime,0,1,1,686.0
Female,58,55_plus,GroupA,21800.0,14.8,44.8,507.0,0.3491,1,5700.0,8,urban,parttime,0,0,1,507.0
Female,18,under_55,GroupA,36400.0,16.5,0.2,662.0,0.2194,0,14100.0,11,urban,fulltime,0,0,0,576.0
Male,53,under_55,GroupA,29100.0,12.3,35.5,327.0,0.8831,1,13000.0,3,suburban,fulltime,0,0,0,319.0
Male,56,55_plus,GroupA,18400.0,10.5,40.0,516.0,0.2776,1,10400.0,0,urban,fulltime,0,1,1,493.0
Male,37,under_55,GroupB,16600.0,11.2,19.6,499.0,0.3546,0,9100.0,6,rural,selfemployed,0,0,0,508.0
Male,48,under_55,GroupB,18500.0,9.8,31.8,533.0,0.1975,0,15000.0,1,suburban,fulltime,0,0,0,562.0
Female,33,under_55,GroupA,42500.0,11.7,14.0,538.0,0.5688,0,17100.0,12,rural,selfemployed,1,1,1,550.0
Female,52,under_55,GroupB,28400.0,13.4,34.1,643.0,0.3487,1,11600.0,1,urban,parttime,0,1,1,601.0
Male,50,under_55,GroupA,43800.0,9.3,36.3,587.0,0.4982,0,12100.0,2,suburban,fulltime,0,1,1,576.0
Male,45,under_55,GroupA,50400.0,15.4,27.0,674.0,0.3192,0,18400.0,3,suburban,fulltime,1,1,1,691.0
Male,37,under_55,GroupA,55400.0,19.1,12.9,727.0,0.2792,0,57600.0,16,urban,fulltime,0,1,1,730.0
Male,41,under_55,GroupA,50600.0,14.7,16.8,636.0,0.2883,1,20200.0,2,suburban,fulltime,1,0,0,627.0
Male,55,55_plus,GroupB,51100.0,13.6,33.6,719.0,0.163,0,30400.0,1,suburban,selfemployed,1,1,1,711.0
Male,38,under_55,GroupA,33300.0,16.1,19.2,656.0,0.3555,0,11500.0,1,urban,selfemployed,0,0,0,653.0
Male,60,55_plus,GroupA,23900.0,17.5,33.7,434.0,0.7394,0,11800.0,9,suburban,fulltime,0,0,0,437.0
Female,30,under_55,GroupA,24500.0,17.2,6.9,490.0,0.512,0,15200.0,0,urban,parttime,1,0,0,520.0
Female,45,under_55,GroupB,34900.0,15.9,24.7,551.0,0.3455,1,39300.0,2,suburban,fulltime,0,0,1,567.0
Female,18,under_55,GroupA,20200.0,17.4,0.0,369.0,0.4307,0,17500.0,12,suburban,fulltime,0,0,0,398.0
Female,18,under_55,GroupA,19100.0,8.0,1.6,319.0,0.3653,2,9500.0,8,rural,selfemployed,0,0,0,334.0
Female,31,under_55,GroupB,13000.0,8.0,13.8,647.0,0.0551,0,7800.0,18,suburban,parttime,0,1,1,619.0
Female,18,under_55,GroupC,21600.0,14.6,0.0,506.0,0.0797,1,12700.0,16,rural,parttime,0,0,0,500.0
Male,56,55_plus,GroupA,47200.0,14.9,38.4,673.0,0.2878,0,36900.0,0,rural,fulltime,0,1,1,683.0
Male,59,55_plus,GroupC,38100.0,12.7,43.4,525.0,0.5662,0,24200.0,2,urban,fulltime,0,1,1,551.0
Male,58,55_plus,GroupA,44800.0,13.4,36.5,668.0,0.219,0,20400.0,0,rural,fulltime,0,1,1,667.0
Female,29,under_55,GroupB,14700.0,13.4,7.5,558.0,0.1351,0,7600.0,13,urban,parttime,0,0,0,572.0
Female,18,under_55,GroupA,27700.0,14.8,0.0,436.0,0.6297,0,12700.0,8,suburban,fulltime,1,0,0,433.0
Male,25,under_55,GroupA,23200.0,14.2,0.0,539.0,0.1898,0,12800.0,0,suburban,fulltime,0,0,0,539.0
Male,36,under_55,GroupB,20200.0,14.2,18.7,441.0,0.6609,1,14400.0,5,urban,fulltime,0,0,0,382.0
Male,62,55_plus,GroupC,29000.0,13.5,39.1,670.0,0.1453,1,38200.0,2,urban,selfemployed,1,0,1,648.0
Female,66,55_plus,GroupA,18900.0,13.7,45.0,424.0,0.4174,2,7600.0,2,suburban,fulltime,0,0,0,359.0
Male,35,under_55,GroupA,22400.0,14.8,14.2,599.0,0.3626,0,6300.0,1,suburban,selfemployed,0,1,1,589.0
Male,43,under_55,GroupA,25600.0,14.1,19.5,598.0,0.333,0,10500.0,11,rural,selfemployed,0,0,0,606.0
Male,47,under_55,GroupA,19900.0,15.5,30.3,546.0,0.1779,1,15900.0,1,suburban,fulltime,0,1,1,549.0
Male,28,under_55,GroupA,25800.0,13.8,9.1,492.0,0.7668,0,12700.0,3,suburban,fulltime,0,0,0,483.0
Male,58,55_plus,GroupA,35000.0,16.7,33.1,592.0,0.4438,0,41700.0,3,urban,fulltime,0,1,1,591.0
Female,41,under_55,GroupA,29000.0,12.8,20.5,512.0,0.6759,1,11900.0,2,urban,fulltime,1,0,0,493.0
Male,75,55_plus,GroupB,24500.0,14.0,45.0,588.0,0.2941,1,27900.0,4,rural,fulltime,1,1,1,551.0
Male,49,under_55,GroupA,40500.0,17.1,25.8,658.0,0.0975,1,28100.0,12,suburban,fulltime,0,1,1,667.0
Female,56,55_plus,GroupA,39200.0,13.8,32.1,562.0,0.2542,1,21900.0,10,suburban,fulltime,1,1,1,619.0
Male,64,55_plus,GroupB,36200.0,17.5,36.1,630.0,0.3094,0,15300.0,2,urban,fulltime,1,0,1,653.0
Female,42,under_55,GroupC,15300.0,10.6,26.8,624.0,0.0639,0,11200.0,10,urban,fulltime,0,1,1,650.0
Female,18,under_55,GroupB,19100.0,12.6,0.0,381.0,0.5911,1,18400.0,15,suburban,parttime,1,0,0,300.0
Male,61,55_plus,GroupB,34400.0,14.1,43.4,589.0,0.3888,0,27400.0,2,suburban,fulltime,1,1,1,577.0
Male,18,under_55,GroupA,52400.0,16.0,0.0,645.0,0.2483,0,23400.0,6,urban,fulltime,1,1,1,636.0
Male,39,under_55,GroupA,41400.0,11.1,20.9,684.0,0.1127,1,29700.0,5,suburban,fulltime,0,1,1,687.0
Male,35,under_55,GroupB,18600.0,13.3,21.2,382.0,0.6002,1,12700.0,3,urban,fulltime,1,0,0,389.0
Male,41,under_55,GroupA,43800.0,18.1,15.9,588.0,0.2784,1,47000.0,6,suburban,fulltime,0,1,1,594.0
Male,36,under_55,GroupA,61700.0,15.9,14.9,601.0,0.571,0,23600.0,2,rural,selfemployed,0,1,1,602.0
Female,49,under_55,GroupA,57100.0,15.9,26.7,718.0,0.3411,0,18200.0,3,rural,fulltime,1,0,1,670.0
Female,61,55_plus,GroupA,20700.0,17.0,40.9,466.0,0.6676,0,11300.0,14,suburban,fulltime,1,0,0,477.0
Male,57,55_plus,GroupB,27300.0,13.3,38.8,601.0,0.1851,0,7400.0,0,suburban,fulltime,0,0,1,598.0
Male,28,under_55,GroupA,20700.0,14.9,8.3,525.0,0.4497,0,11700.0,1,urban,parttime,1,0,0,525.0
Female,59,55_plus,GroupA,34700.0,12.4,43.8,576.0,0.498,0,16500.0,12,urban,fulltime,0,0,0,579.0
Female,47,under_55,GroupA,33100.0,14.2,28.7,537.0,0.4377,1,15500.0,3,suburban,fulltime,0,1,1,551.0
Female,55,55_plus,GroupB,20000.0,13.6,35.7,606.0,0.3211,0,2600.0,8,rural,fulltime,0,0,1,563.0
Male,47,under_55,GroupA,20800.0,14.2,29.9,426.0,0.413,2,8100.0,0,suburban,fulltime,0,0,0,441.0
Female,30,under_55,GroupA,18600.0,12.1,8.2,498.0,0.3494,1,5900.0,9,suburban,selfemployed,1,1,1,503.0
Female,52,under_55,GroupA,37500.0,15.9,29.3,594.0,0.4192,1,11700.0,2,urban,parttime,0,1,1,594.0
Male,59,55_plus,GroupA,41300.0,15.3,43.6,649.0,0.2511,0,19200.0,0,suburban,fulltime,0,1,1,641.0
Female,18,under_55,GroupA,31400.0,13.9,0.0,520.0,0.1551,0,9300.0,15,rural,parttime,0,0,0,567.0
Male,54,under_55,GroupA,21900.0,16.2,27.1,602.0,0.2532,0,11100.0,2,suburban,selfemployed,0,1,1,604.0
Male,46,under_55,GroupA,30400.0,12.4,32.3,703.0,0.1115,0,20000.0,19,suburban,selfemployed,0,1,1,708.0
Male,35,under_55,GroupC,26700.0,15.4,14.1,653.0,0.3129,0,11400.0,1,urban,fulltime,0,1,1,634.0
Male,18,under_55,GroupC,28300.0,13.5,1.1,391.0,0.5364,1,14700.0,12,urban,selfemployed,0,0,0,422.0
Female,57,55_plus,GroupA,30900.0,15.0,38.4,627.0,0.2716,0,29500.0,11,rural,fulltime,0,1,1,611.0
Male,49,under_55,GroupB,34600.0,14.6,20.8,652.0,0.3033,0,33100.0,1,urban,fulltime,1,1,1,614.0
Male,57,55_plus,GroupA,27800.0,13.5,34.7,548.0,0.4505,0,19900.0,2,rural,fulltime,0,1,1,566.0
Female,47,under_55,GroupA,35500.0,15.3,19.3,697.0,0.1125,0,25800.0,14,suburban,parttime,0,1,1,690.0
Female,34,under_55,GroupB,37700.0,15.8,15.2,653.0,0.1834,1,15100.0,17,urban,selfemployed,1,0,0,637.0
Male,45,under_55,GroupA,60600.0,10.7,32.0,654.0,0.4556,0,45100.0,1,rural,fulltime,0,1,1,649.0
Female,57,55_plus,GroupB,13300.0,10.4,42.4,545.0,0.1846,0,9900.0,15,rural,parttime,0,0,0,620.0
Female,25,under_55,GroupA,23800.0,19.1,0.0,571.0,0.1953,0,12000.0,15,suburban,selfemployed,0,0,1,526.0
Male,44,under_55,GroupA,24000.0,15.3,24.3,632.0,0.219,0,9300.0,1,rural,fulltime,0,1,1,640.0
Female,56,55_plus,GroupC,16700.0,15.7,31.8,322.0,0.7675,2,9400.0,14,urban,fulltime,0,0,0,337.0
Male,55,55_plus,GroupA,45800.0,17.0,30.0,620.0,0.4571,0,24000.0,12,rural,selfemployed,0,1,1,621.0
Male,28,under_55,GroupA,28100.0,19.1,0.9,400.0,0.5883,1,13900.0,1,suburban,fulltime,0,0,0,398.0
Male,36,under_55,GroupA,84900.0,19.4,10.1,772.0,0.2472,0,99500.0,13,urban,fulltime,0,1,1,760.0
Male,18,under_55,GroupB,15800.0,14.1,0.0,300.0,0.3409,2,5100.0,2,suburban,fulltime,0,0,0,326.0
Female,43,under_55,GroupC,17300.0,15.4,26.6,440.0,0.533,2,11300.0,15,rural,fulltime,0,0,0,387.0
Female,46,under_55,GroupA,9500.0,12.6,25.8,485.0,0.2243,1,4500.0,11,suburban,parttime,0,0,0,457.0
Female,60,55_plus,GroupA,21100.0,16.5,39.3,552.0,0.2466,0,17300.0,9,urban,fulltime,0,0,0,595.0
Male,55,55_plus,GroupA,45600.0,10.2,43.4,481.0,0.3934,3,33300.0,1,urban,fulltime,0,0,0,475.0
Male,18,under_55,GroupA,32300.0,18.7,0.0,579.0,0.0994,0,12500.0,4,urban,fulltime,0,1,1,587.0
Female,63,55_plus,GroupA,31300.0,13.5,41.7,631.0,0.3335,0,33000.0,3,rural,selfemployed,1,0,0,606.0
Male,39,under_55,GroupA,38500.0,13.9,15.0,685.0,0.2813,0,27600.0,1,rural,fulltime,1,1,1,698.0
Female,38,under_55,GroupB,13800.0,14.0,17.4,564.0,0.0404,0,9500.0,12,suburban,parttime,0,0,0,589.0
Female,38,under_55,GroupA,18400.0,15.1,14.6,549.0,0.1881,0,9900.0,7,suburban,parttime,1,0,0,602.0
Female,24,under_55,GroupA,24400.0,12.8,6.5,381.0,0.7659,0,24700.0,13,suburban,fulltime,0,0,0,409.0
Male,26,under_55,GroupA,39100.0,14.6,4.9,593.0,0.3471,0,18100.0,0,suburban,fulltime,0,1,1,597.0
Male,27,under_55,GroupB,18700.0,11.9,11.2,366.0,0.6619,3,13800.0,1,suburban,fulltime,0,0,0,333.0
Male,36,under_55,GroupB,22400.0,10.9,16.3,485.0,0.3413,1,20000.0,2,urban,fulltime,1,0,0,491.0
Male,47,under_55,GroupA,24600.0,13.7,25.8,356.0,0.479,3,15300.0,2,suburban,fulltime,0,0,0,369.0
Female,42,under_55,GroupA,9800.0,15.7,19.7,389.0,0.3364,1,5000.0,0,suburban,selfemployed,0,0,0,410.0
Female,26,under_55,GroupA,59200.0,14.3,9.1,631.0,0.3878,0,61600.0,11,suburban,fulltime,0,1,1,678.0
Male,52,under_55,GroupB,54100.0,15.6,35.1,610.0,0.3995,0,72800.0,2,urban,fulltime,0,1,1,670.0
Female,60,55_plus,GroupC,21800.0,13.6,37.2,414.0,0.5637,1,12500.0,1,suburban,parttime,1,0,0,417.0
Male,28,under_55,GroupB,35500.0,14.0,6.5,499.0,0.4074,1,15900.0,1,urban,selfemployed,0,0,0,509.0
Female,45,under_55,GroupA,27500.0,13.8,22.8,589.0,0.3332,1,25400.0,14,urban,fulltime,0,1,1,539.0
Male,60,55_plus,GroupA,41000.0,15.5,38.8,582.0,0.4691,0,57400.0,2,suburban,fulltime,0,1,1,572.0
Male,35,under_55,GroupA,21000.0,10.9,21.0,476.0,0.4495,1,15600.0,0,urban,fulltime,1,0,0,480.0
Male,53,under_55,GroupA,38500.0,11.8,28.3,510.0,0.7043,0,24900.0,2,suburban,fulltime,0,1,1,524.0
Male,60,55_plus,GroupA,21600.0,15.5,37.7,534.0,0.349,0,9100.0,1,suburban,fulltime,1,1,1,547.0
Male,21,under_55,GroupA,27700.0,11.7,1.3,545.0,0.1696,1,14900.0,1,suburban,fulltime,0,0,0,529.0
Female,47,under_55,GroupA,37700.0,17.1,24.0,676.0,0.172,1,25900.0,9,suburban,fulltime,0,0,1,663.0
Female,41,under_55,GroupA,51400.0,16.7,23.4,705.0,0.3193,0,23600.0,0,rural,selfemployed,0,1,1,683.0
Male,32,under_55,GroupB,25400.0,11.6,15.4,572.0,0.4683,0,20600.0,2,rural,fulltime,0,1,1,585.0
Male,48,under_55,GroupB,36100.0,14.6,25.8,718.0,0.2996,0,20500.0,4,urban,selfemployed,0,0,1,640.0
Female,34,under_55,GroupB,20300.0,16.9,7.5,300.0,0.8205,2,14500.0,10,suburban,selfemployed,1,0,0,310.0
Male,38,under_55,GroupC,37900.0,11.0,15.6,732.0,0.0804,0,24900.0,0,rural,selfemployed,0,1,1,672.0
Female,58,55_plus,GroupA,17500.0,15.5,42.6,490.0,0.3726,1,5200.0,13,urban,fulltime,1,1,1,492.0
Male,36,under_55,GroupB,19800.0,14.3,18.3,458.0,0.3814,2,8600.0,2,urban,fulltime,1,0,0,475.0
Male,33,under_55,GroupA,26500.0,11.8,14.1,572.0,0.1025,1,11300.0,0,suburban,fulltime,1,1,1,588.0
Male,57,55_plus,GroupA,23800.0,15.2,37.4,561.0,0.3257,0,15500.0,4,suburban,fulltime,0,1,1,546.0
Male,42,under_55,GroupC,29700.0,10.8,21.6,332.0,0.5184,3,13100.0,1,rural,fulltime,0,0,0,329.0
Female,51,under_55,GroupB,24100.0,12.1,35.1,617.0,0.1942,0,17400.0,15,urban,fulltime,0,0,0,642.0
Male,42,under_55,GroupC,15000.0,12.4,25.5,584.0,0.1336,0,4900.0,0,rural,fulltime,0,0,0,560.0
Male,34,under_55,GroupA,29500.0,15.2,10.0,688.0,0.1312,0,20300.0,1,suburban,parttime,1,1,1,686.0
Male,41,under_55,GroupA,27700.0,12.1,21.4,645.0,0.1292,0,18200.0,2,suburban,fulltime,0,1,1,660.0
Female,24,under_55,GroupA,27200.0,14.0,6.1,332.0,0.7636,2,10700.0,12,urban,fulltime,0,0,0,300.0
Male,42,under_55,GroupB,26800.0,16.5,21.9,556.0,0.2512,1,16200.0,2,rural,fulltime,0,1,1,574.0
Male,61,55_plus,GroupB,25200.0,10.9,42.1,634.0,0.3511,0,10500.0,3,suburban,parttime,0,1,1,606.0
Female,42,under_55,GroupC,19500.0,14.7,26.0,410.0,0.549,1,13100.0,11,urban,parttime,1,0,0,430.0
Female,60,55_plus,GroupA,27300.0,14.1,41.8,488.0,0.2407,2,12900.0,9,urban,selfemployed,0,0,0,519.0
Male,65,55_plus,GroupA,33100.0,13.4,45.0,585.0,0.2761,1,15300.0,1,rural,selfemployed,0,0,0,580.0
Female,52,under_55,GroupA,17500.0,12.0,30.6,545.0,0.1978,1,9600.0,9,suburban,selfemployed,1,0,1,522.0
Female,45,under_55,GroupA,27500.0,11.1,25.1,598.0,0.2635,0,9600.0,0,suburban,fulltime,1,1,1,615.0
Female,43,under_55,GroupA,32800.0,8.2,33.6,448.0,0.7037,1,21400.0,13,urban,selfemployed,0,0,0,438.0
Female,55,55_plus,GroupB,24600.0,11.1,38.1,450.0,0.2851,1,10400.0,12,suburban,fulltime,0,0,0,500.0
Male,26,under_55,GroupA,24200.0,13.3,4.0,494.0,0.532,0,21100.0,2,rural,fulltime,0,0,0,470.0
Male,18,under_55,GroupA,37600.0,12.6,0.3,517.0,0.3199,0,16000.0,3,urban,fulltime,0,0,0,518.0
Male,37,under_55,GroupB,24000.0,10.3,25.7,577.0,0.02,0,10800.0,2,suburban,fulltime,1,1,1,625.0
Male,49,under_55,GroupC,39600.0,19.9,27.0,664.0,0.2355,0,31900.0,1,urban,fulltime,0,1,1,698.0
Female,38,under_55,GroupA,17000.0,18.0,16.0,329.0,0.7309,1,23000.0,13,rural,fulltime,1,0,0,335.0
Male,34,under_55,GroupB,27500.0,14.5,16.9,488.0,0.2812,2,15900.0,1,urban,fulltime,0,0,0,499.0
Male,61,55_plus,GroupA,35600.0,15.8,41.6,550.0,0.5766,1,28100.0,0,suburban,selfemployed,1,0,0,546.0
Female,54,under_55,GroupC,19400.0,12.1,32.8,612.0,0.115,1,13200.0,17,urban,fulltime,0,0,0,570.0
Female,35,under_55,GroupA,19700.0,13.7,13.7,497.0,0.2868,0,31100.0,19,rural,fulltime,0,0,0,541.0
Female,58,55_plus,GroupA,31500.0,13.5,34.4,422.0,0.7624,2,11500.0,10,urban,fulltime,0,0,0,385.0
Female,50,under_55,GroupB,19800.0,10.8,29.8,451.0,0.5086,0,10300.0,3,urban,parttime,0,0,0,464.0
Male,49,under_55,GroupA,37300.0,16.2,28.1,619.0,0.2522,0,17500.0,3,urban,fulltime,0,1,1,625.0
Female,49,under_55,GroupA,30800.0,12.1,31.9,537.0,0.4887,1,20000.0,10,rural,fulltime,0,1,1,545.0
Male,47,under_55,GroupA,37000.0,15.5,28.2,559.0,0.3414,1,14100.0,13,rural,fulltime,0,1,1,550.0
Male,40,under_55,GroupA,30100.0,12.7,25.0,575.0,0.4218,1,16400.0,15,rural,selfemployed,0,0,0,571.0
Female,36,under_55,GroupA,21100.0,14.3,13.4,542.0,0.4726,0,10000.0,10,rural,fulltime,0,0,0,505.0
Male,48,under_55,GroupA,53300.0,14.3,31.0,560.0,0.6099,0,29200.0,1,suburban,fulltime,0,1,1,589.0
Male,62,55_plus,GroupC,30800.0,17.5,38.1,599.0,0.2785,0,32500.0,1,urban,fulltime,0,1,1,628.0
Male,47,under_55,GroupB,14900.0,12.6,23.7,410.0,0.3414,2,4600.0,1,urban,parttime,0,0,0,422.0
Male,34,under_55,GroupA,32600.0,10.0,16.9,595.0,0.1874,1,12700.0,1,rural,fulltime,0,1,1,605.0
Male,31,under_55,GroupA,26800.0,15.8,13.0,565.0,0.4197,0,14500.0,2,suburban,fulltime,0,1,1,556.0
Female,31,under_55,GroupA,71900.0,16.5,5.0,638.0,0.544,0,23900.0,2,suburban,fulltime,1,1,1,606.0
Male,60,55_plus,GroupA,27700.0,12.7,36.9,464.0,0.5977,0,12100.0,1,suburban,fulltime,1,0,0,471.0
Male,44,under_55,GroupA,35500.0,15.6,26.0,608.0,0.3268,1,20900.0,2,urban,fulltime,1,1,1,603.0
Male,42,under_55,GroupA,21100.0,11.0,24.9,605.0,0.2311,0,11000.0,1,urban,fulltime,0,1,1,596.0
Male,27,under_55,GroupA,54800.0,16.2,0.7,566.0,0.2919,1,28700.0,2,urban,fulltime,0,0,0,546.0
Female,19,under_55,GroupC,12100.0,11.5,0.0,363.0,0.2909,2,6700.0,12,rural,fulltime,0,0,0,335.0
Male,49,under_55,GroupA,46300.0,14.5,28.1,689.0,0.2137,1,18100.0,2,suburban,fulltime,0,1,1,664.0
Female,29,under_55,GroupA,12800.0,16.6,4.9,300.0,0.7854,2,4900.0,16,rural,fulltime,0,0,0,300.0
Male,37,under_55,GroupB,23400.0,11.7,17.3,560.0,0.4867,0,22000.0,1,suburban,fulltime,0,0,0,557.0
Male,47,under_55,GroupC,32800.0,15.7,29.7,698.0,0.2595,0,17700.0,1,suburban,parttime,0,1,1,714.0
Male,36,under_55,GroupA,63400.0,12.5,18.4,704.0,0.3264,0,27000.0,0,suburban,fulltime,0,1,1,691.0
Male,24,under_55,GroupC,19100.0,12.8,6.1,509.0,0.347,0,11700.0,2,urban,selfemployed,0,0,0,518.0
Male,44,under_55,GroupA,51300.0,15.9,20.6,694.0,0.0988,1,29400.0,1,suburban,fulltime,1,1,1,696.0
Male,33,under_55,GroupA,48000.0,10.0,19.9,700.0,0.2114,0,25600.0,2,suburban,fulltime,0,1,1,708.0
Male,50,under_55,GroupA,29800.0,13.3,31.8,611.0,0.3291,0,8300.0,5,suburban,fulltime,0,1,1,594.0
Male,40,under_55,GroupA,91100.0,17.8,17.7,777.0,0.2361,0,37100.0,2,suburban,fulltime,0,1,1,801.0
Female,35,under_55,GroupA,29300.0,16.7,14.6,578.0,0.2857,0,45000.0,3,suburban,fulltime,0,1,1,618.0
Female,39,under_55,GroupA,17000.0,17.4,18.8,513.0,0.4628,0,6400.0,21,urban,fulltime,1,0,0,507.0
Male,50,under_55,GroupB,17300.0,15.6,29.1,428.0,0.5056,2,5000.0,16,urban,fulltime,0,0,0,420.0
Female,37,under_55,GroupA,23300.0,10.5,27.8,533.0,0.3055,0,19800.0,10,urban,fulltime,1,0,0,567.0
Female,50,under_55,GroupB,14700.0,13.5,37.4,438.0,0.185,1,23500.0,14,urban,parttime,1,0,1,533.0
Female,49,under_55,GroupA,23600.0,14.4,31.5,613.0,0.1265,0,6500.0,11,suburban,parttime,0,1,1,629.0
Male,22,under_55,GroupB,33900.0,12.0,4.2,566.0,0.1596,0,54500.0,1,suburban,fulltime,1,1,1,593.0
Male,18,under_55,GroupB,31100.0,13.8,2.1,452.0,0.6192,0,20100.0,0,urban,fulltime,0,0,0,410.0
Male,38,under_55,GroupA,33800.0,12.5,20.3,569.0,0.4845,0,16900.0,0,rural,fulltime,0,0,0,580.0
Female,36,under_55,GroupA,25700.0,16.1,11.4,614.0,0.5676,0,6400.0,17,suburban,fulltime,0,0,0,546.0
Female,33,under_55,GroupB,22800.0,11.6,14.9,464.0,0.7352,0,11800.0,13,suburban,fulltime,0,0,0,486.0
Female,42,under_55,GroupA,21800.0,14.8,21.3,461.0,0.5831,0,16400.0,9,urban,parttime,1,0,0,480.0
Male,69,55_plus,GroupA,34200.0,16.3,45.0,584.0,0.2299,1,17900.0,18,suburban,fulltime,0,1,1,591.0
Female,30,under_55,GroupB,31200.0,14.5,11.3,544.0,0.2282,1,20400.0,12,urban,selfemployed,0,0,1,620.0
Male,46,under_55,GroupB,16000.0,13.3,32.7,538.0,0.4524,0,17100.0,3,suburban,fulltime,0,0,0,568.0
Female,48,under_55,GroupA,35600.0,16.4,24.0,414.0,0.5138,2,22300.0,7,suburban,fulltime,0,0,0,453.0
Male,21,under_55,GroupA,38900.0,16.3,0.0,606.0,0.1209,0,20300.0,2,urban,fulltime,1,1,1,622.0
Female,23,under_55,GroupB,27600.0,12.1,1.0,417.0,0.4129,1,19800.0,13,urban,fulltime,0,0,0,431.0
Male,27,under_55,GroupA,39400.0,13.6,3.5,586.0,0.158,0,33700.0,17,suburban,selfemployed,0,1,1,590.0
Male,46,under_55,GroupB,22900.0,14.7,27.6,503.0,0.5398,0,19800.0,2,urban,parttime,0,0,0,500.0
Male,49,under_55,GroupB,18100.0,9.7,30.8,395.0,0.2505,2,6500.0,1,suburban,fulltime,1,0,0,460.0
Male,21,under_55,GroupA,47700.0,17.1,0.0,509.0,0.5899,0,16700.0,1,suburban,fulltime,0,0,0,512.0
Male,52,under_55,GroupB,35400.0,13.8,32.3,534.0,0.4742,1,19700.0,1,suburban,selfemployed,1,0,1,496.0
Male,37,under_55,GroupA,29700.0,14.4,19.9,594.0,0.3577,0,52000.0,1,suburban,parttime,0,1,1,596.0
Male,76,55_plus,GroupA,13900.0,9.8,45.0,468.0,0.1565,2,7900.0,0,suburban,fulltime,0,0,0,487.0
Male,47,under_55,GroupA,49600.0,16.5,19.5,617.0,0.5131,0,28300.0,3,rural,fulltime,0,1,1,619.0
Female,33,under_55,GroupA,21400.0,15.3,4.2,475.0,0.3445,0,11700.0,24,urban,fulltime,0,0,0,462.0
Female,18,under_55,GroupB,26500.0,14.7,0.0,518.0,0.3272,0,8700.0,4,suburban,fulltime,0,1,1,506.0
Female,22,under_55,GroupA,17300.0,15.5,0.1,524.0,0.2474,0,6000.0,2,urban,fulltime,1,0,1,477.0
Male,58,55_plus,GroupA,36600.0,15.1,36.4,598.0,0.4867,0,25100.0,2,rural,fulltime,0,1,1,581.0
Female,53,under_55,GroupC,16400.0,9.6,35.1,446.0,0.3534,1,7400.0,8,rural,fulltime,1,0,0,482.0
Female,39,under_55,GroupC,34600.0,11.7,21.4,582.0,0.2482,1,21500.0,12,rural,parttime,0,1,1,596.0
Female,49,under_55,GroupC,22100.0,16.2,23.9,739.0,0.2533,0,15400.0,15,rural,fulltime,0,1,1,592.0
Female,44,under_55,GroupB,30100.0,12.7,26.8,482.0,0.2332,1,20500.0,15,rural,selfemployed,0,1,1,603.0
Male,34,under_55,GroupA,43600.0,13.8,12.8,640.0,0.2252,1,20000.0,3,suburban,fulltime,1,0,0,638.0
Female,20,under_55,GroupA,22700.0,16.5,0.0,354.0,0.5107,0,12100.0,6,suburban,selfemployed,1,0,0,375.0
Male,23,under_55,GroupA,36500.0,10.3,0.9,368.0,0.6761,1,27800.0,0,suburban,fulltime,1,0,0,353.0
Male,61,55_plus,GroupC,29800.0,17.3,41.4,553.0,0.1728,2,16100.0,9,rural,selfemployed,0,1,1,562.0
Female,27,under_55,GroupA,30200.0,15.5,7.1,373.0,0.7324,0,31300.0,24,suburban,fulltime,0,0,0,416.0
Female,25,under_55,GroupA,32900.0,14.5,0.0,523.0,0.4068,0,23600.0,16,urban,parttime,1,0,1,521.0
Male,23,under_55,GroupB,55100.0,15.8,0.0,565.0,0.3209,0,15800.0,2,urban,fulltime,0,1,1,559.0
Female,28,under_55,GroupA,23700.0,9.9,15.4,546.0,0.2336,0,7000.0,12,suburban,selfemployed,0,1,1,600.0
Male,20,under_55,GroupA,47700.0,11.5,3.1,463.0,0.4108,2,20800.0,1,suburban,fulltime,0,0,0,458.0
Female,32,under_55,GroupA,18100.0,15.1,6.6,440.0,0.1903,2,8400.0,12,suburban,parttime,0,0,0,439.0
Male,55,55_plus,GroupA,24100.0,14.4,36.0,506.0,0.3083,2,12300.0,2,urban,fulltime,0,0,0,500.0
Male,53,under_55,GroupC,18200.0,13.0,33.2,635.0,0.126,0,5800.0,15,urban,fulltime,1,1,1,609.0
Male,33,under_55,GroupA,25100.0,14.7,15.1,491.0,0.5299,0,19600.0,0,urban,parttime,0,0,0,501.0
Female,40,under_55,GroupA,25600.0,17.8,16.2,571.0,0.4823,0,14100.0,10,suburban,fulltime,1,0,1,572.0
Male,35,under_55,GroupC,23000.0,8.0,22.4,634.0,0.3986,0,18200.0,0,rural,fulltime,0,1,1,576.0
Female,37,under_55,GroupA,25600.0,12.5,14.4,611.0,0.4767,0,12000.0,0,rural,fulltime,0,1,1,571.0
Female,43,under_55,GroupA,25900.0,16.3,23.8,577.0,0.4342,0,11000.0,11,urban,fulltime,0,1,1,530.0
Male,66,55_plus,GroupA,23600.0,14.3,45.0,388.0,0.2995,4,18600.0,2,suburban,selfemployed,0,0,0,375.0
Female,59,55_plus,GroupA,17100.0,15.2,35.9,528.0,0.2331,0,12100.0,14,urban,fulltime,0,0,0,539.0
Male,45,under_55,GroupA,24700.0,14.2,24.9,524.0,0.5259,0,19500.0,2,urban,fulltime,0,0,0,539.0
Male,50,under_55,GroupB,31100.0,14.9,29.5,617.0,0.1604,0,25800.0,1,suburban,fulltime,0,0,0,692.0
Male,66,55_plus,GroupB,24200.0,14.3,44.6,644.0,0.1935,0,16000.0,2,suburban,selfemployed,0,1,1,621.0
Male,61,55_plus,GroupA,31100.0,16.8,37.7,618.0,0.2877,0,17200.0,1,urban,fulltime,1,1,1,616.0
Female,42,under_55,GroupC,18000.0,12.0,25.4,510.0,0.7019,0,4100.0,23,rural,fulltime,1,0,0,442.0
Male,41,under_55,GroupB,35700.0,15.4,19.0,394.0,0.5656,3,11600.0,0,urban,fulltime,0,0,0,378.0
Male,28,under_55,GroupB,28600.0,18.9,4.3,419.0,0.5393,0,19900.0,1,rural,fulltime,1,0,0,443.0
Male,33,under_55,GroupA,33200.0,11.8,14.9,700.0,0.1469,0,45500.0,0,suburban,fulltime,0,0,0,696.0
Male,21,under_55,GroupC,31300.0,17.7,2.7,555.0,0.1711,0,18900.0,11,urban,selfemployed,0,1,1,569.0
Female,49,under_55,GroupB,40800.0,15.6,27.6,550.0,0.453,0,32700.0,13,rural,fulltime,0,1,1,617.0
Male,46,under_55,GroupC,21700.0,11.2,30.9,724.0,0.0221,0,14800.0,20,rural,selfemployed,0,1,1,669.0
Male,35,under_55,GroupA,25100.0,13.5,23.7,646.0,0.1402,0,21100.0,0,suburban,fulltime,0,1,1,616.0
Male,57,55_plus,GroupA,35200.0,11.2,38.2,462.0,0.522,1,33000.0,1,rural,fulltime,1,0,0,463.0
Female,44,under_55,GroupA,17900.0,12.3,26.8,607.0,0.2297,0,4500.0,3,suburban,fulltime,1,0,0,614.0
Male,37,under_55,GroupA,46900.0,12.5,15.9,559.0,0.533,0,43200.0,5,urban,fulltime,0,1,1,562.0
Female,40,under_55,GroupA,31300.0,15.6,17.5,580.0,0.4258,0,34500.0,11,suburban,fulltime,1,1,1,583.0
Female,43,under_55,GroupC,22900.0,9.4,28.0,511.0,0.3073,1,8300.0,10,urban,selfemployed,0,0,0,507.0
Male,23,under_55,GroupA,58200.0,15.0,2.9,469.0,0.5366,1,19400.0,1,urban,fulltime,0,0,0,509.0
Male,38,under_55,GroupB,53200.0,15.8,16.8,754.0,0.1619,0,29800.0,1,rural,fulltime,0,1,1,738.0
Male,27,under_55,GroupA,22500.0,15.6,4.2,522.0,0.3096,1,17900.0,1,rural,fulltime,0,1,1,514.0
Female,19,under_55,GroupA,18300.0,13.1,3.8,344.0,0.8761,3,14000.0,15,suburban,fulltime,0,0,0,300.0
Male,31,under_55,GroupB,38800.0,13.8,13.7,657.0,0.2905,0,35700.0,3,suburban,fulltime,0,1,1,641.0
Female,27,under_55,GroupA,26700.0,19.3,0.2,496.0,0.47,0,16400.0,12,suburban,fulltime,0,0,0,487.0
Male,43,under_55,GroupA,26100.0,9.4,29.6,610.0,0.2371,0,15100.0,2,urban,fulltime,0,1,1,602.0
Male,57,55_plus,GroupC,24300.0,16.3,33.5,522.0,0.2857,1,13600.0,1,urban,fulltime,0,0,1,529.0
Male,21,under_55,GroupA,52700.0,15.7,2.4,604.0,0.4307,0,16200.0,0,suburban,fulltime,0,1,1,589.0
Male,34,under_55,GroupA,29200.0,14.9,13.0,428.0,0.7869,1,25600.0,10,rural,fulltime,1,0,0,421.0
Female,64,55_plus,GroupA,17100.0,13.3,40.9,541.0,0.3426,0,15600.0,11,suburban,parttime,0,0,0,547.0
Female,53,under_55,GroupB,24100.0,14.5,27.6,598.0,0.4537,0,17100.0,0,suburban,fulltime,0,1,1,528.0
Male,40,under_55,GroupB,31800.0,13.4,24.1,531.0,0.4539,1,16200.0,3,urban,fulltime,0,0,0,525.0
Female,74,55_plus,GroupB,19000.0,13.7,45.0,481.0,0.6534,0,12600.0,9,urban,selfemployed,0,0,0,490.0
Male,38,under_55,GroupA,61000.0,16.1,21.3,690.0,0.26,0,93900.0,1,suburban,fulltime,1,1,1,680.0
Female,64,55_plus,GroupA,36500.0,16.9,44.2,783.0,0.0576,0,21400.0,10,rural,selfemployed,0,1,1,721.0
Male,58,55_plus,GroupA,54300.0,17.3,32.1,730.0,0.1565,0,30400.0,0,suburban,fulltime,0,1,1,710.0
Male,70,55_plus,GroupB,25900.0,15.4,45.0,585.0,0.1579,1,26600.0,4,urban,fulltime,0,0,1,589.0
Female,18,under_55,GroupB,23900.0,13.0,0.0,421.0,0.2577,2,21200.0,9,suburban,fulltime,0,0,0,423.0
Female,39,under_55,GroupA,21800.0,15.8,18.7,569.0,0.4392,0,10700.0,2,urban,parttime,0,0,1,556.0
Male,49,under_55,GroupA,48800.0,13.7,24.9,715.0,0.2052,0,28700.0,1,suburban,fulltime,0,1,1,702.0
Male,67,55_plus,GroupB,19100.0,16.7,43.9,567.0,0.0933,1,15000.0,3,urban,fulltime,0,1,1,585.0
Male,48,under_55,GroupA,22900.0,15.2,25.0,582.0,0.2202,1,10800.0,2,suburban,parttime,0,0,0,570.0
Male,49,under_55,GroupA,24700.0,14.9,34.1,619.0,0.253,0,18100.0,2,suburban,fulltime,0,1,1,615.0
Female,52,under_55,GroupA,28100.0,14.8,35.6,462.0,0.558,1,15400.0,8,suburban,parttime,1,0,0,470.0
Male,26,under_55,GroupA,21000.0,14.9,1.1,404.0,0.4403,1,8100.0,2,rural,fulltime,0,0,0,413.0
Female,49,under_55,GroupB,38600.0,19.5,27.4,559.0,0.2488,0,39000.0,15,suburban,fulltime,0,1,1,592.0
Female,36,under_55,GroupB,30100.0,10.2,28.4,660.0,0.2314,0,15800.0,22,suburban,fulltime,1,0,1,640.0
Female,48,under_55,GroupA,29100.0,10.7,29.9,601.0,0.2591,0,6600.0,12,rural,selfemployed,1,1,1,615.0
Male,39,under_55,GroupC,24900.0,14.3,21.3,529.0,0.3045,1,33300.0,8,urban,fulltime,0,0,0,566.0
Male,36,under_55,GroupA,62500.0,14.6,18.0,584.0,0.4011,1,41800.0,0,urban,fulltime,1,1,1,601.0
Male,50,under_55,GroupA,20700.0,9.7,33.9,566.0,0.1886,0,6500.0,1,suburban,selfemployed,0,0,0,586.0
Male,42,under_55,GroupA,24600.0,16.5,18.8,608.0,0.1374,0,15700.0,3,rural,parttime,0,1,1,631.0
Male,36,under_55,GroupA,45100.0,11.3,23.4,609.0,0.5514,0,24400.0,3,rural,selfemployed,0,1,1,600.0
Female,18,under_55,GroupC,47300.0,20.2,0.0,419.0,0.7541,1,48600.0,1,suburban,fulltime,1,0,0,436.0
Female,33,under_55,GroupB,24100.0,14.5,14.8,614.0,0.1817,1,6600.0,19,rural,fulltime,0,1,1,557.0
Female,65,55_plus,GroupB,14900.0,18.9,42.8,398.0,0.3028,3,10300.0,15,rural,parttime,0,0,0,404.0
Male,39,under_55,GroupC,52800.0,15.2,14.8,717.0,0.2155,0,25100.0,0,urban,selfemployed,1,1,1,710.0
Female,33,under_55,GroupA,35500.0,15.2,7.6,513.0,0.3998,1,14300.0,16,rural,parttime,1,0,0,516.0
Male,47,under_55,GroupC,19500.0,14.6,28.8,570.0,0.4151,0,9100.0,1,rural,fulltime,0,1,1,600.0
Male,62,55_plus,GroupA,41200.0,13.0,43.8,583.0,0.538,0,13500.0,0,rural,fulltime,1,1,1,589.0
Female,24,under_55,GroupB,18600.0,10.2,3.2,497.0,0.2111,0,15700.0,13,suburban,parttime,0,0,0,513.0
Male,28,under_55,GroupA,51500.0,19.4,2.2,407.0,0.8679,0,33000.0,2,urban,selfemployed,1,0,0,432.0
Male,44,under_55,GroupB,54900.0,15.4,24.6,692.0,0.1242,0,22800.0,2,urban,fulltime,0,1,1,734.0
Female,59,55_plus,GroupA,30100.0,11.9,41.3,456.0,0.5458,1,13100.0,8,suburban,fulltime,1,0,0,436.0
Male,46,under_55,GroupC,50600.0,11.0,31.2,633.0,0.4348,0,32000.0,3,urban,selfemployed,1,1,1,621.0
Male,53,under_55,GroupA,24900.0,14.4,31.5,595.0,0.2012,0,19700.0,1,suburban,fulltime,1,1,1,592.0
Male,30,under_55,GroupA,30000.0,15.7,7.2,545.0,0.3931,0,13300.0,3,suburban,fulltime,0,1,1,536.0
Male,22,under_55,GroupB,22500.0,8.0,4.3,487.0,0.3017,1,19000.0,3,urban,selfemployed,0,0,0,478.0
Male,40,under_55,GroupA,28800.0,11.8,23.2,471.0,0.5931,1,25900.0,1,suburban,fulltime,0,1,1,469.0
Female,29,under_55,GroupA,28900.0,16.1,8.9,624.0,0.104,0,20100.0,8,suburban,fulltime,0,1,1,653.0
Male,36,under_55,GroupA,27600.0,13.4,20.9,491.0,0.5067,1,17500.0,1,suburban,selfemployed,0,1,1,496.0
Male,52,under_55,GroupA,38700.0,11.1,35.0,696.0,0.0785,0,19000.0,2,suburban,fulltime,1,1,1,702.0
Female,51,under_55,GroupA,25300.0,13.5,31.7,514.0,0.1894,1,16500.0,11,suburban,fulltime,1,0,0,564.0
Male,18,under_55,GroupB,35900.0,14.3,0.0,531.0,0.2213,0,12100.0,2,suburban,fulltime,0,1,1,517.0
Female,45,under_55,GroupB,21100.0,14.2,26.0,537.0,0.3609,1,8700.0,9,rural,fulltime,0,1,1,489.0
Male,48,under_55,GroupB,17500.0,12.3,31.9,525.0,0.3473,1,9000.0,3,urban,fulltime,0,1,1,501.0
Male,59,55_plus,GroupC,20300.0,12.0,44.1,372.0,0.5391,1,11200.0,3,rural,fulltime,0,0,0,393.0
Male,18,under_55,GroupB,22700.0,10.7,2.6,436.0,0.2286,2,28200.0,2,suburban,fulltime,0,1,1,413.0
Female,58,55_plus,GroupB,14000.0,14.2,37.8,561.0,0.3783,1,5300.0,12,urban,parttime,0,0,0,454.0
Male,30,under_55,GroupA,53700.0,22.0,0.0,640.0,0.0616,0,33400.0,3,suburban,fulltime,0,1,1,665.0
Male,18,under_55,GroupC,37800.0,15.3,0.0,521.0,0.1231,1,31000.0,2,urban,fulltime,0,0,0,551.0
Male,41,under_55,GroupA,20300.0,12.7,25.6,537.0,0.3464,0,13300.0,18,urban,parttime,0,1,1,549.0
Male,51,under_55,GroupA,39500.0,14.7,32.5,660.0,0.2488,0,6400.0,1,suburban,fulltime,1,1,1,664.0
Male,51,under_55,GroupA,45300.0,10.8,31.9,704.0,0.2877,0,41000.0,2,urban,fulltime,1,1,1,702.0
Male,33,under_55,GroupA,18200.0,12.4,16.3,385.0,0.8046,0,7800.0,2,urban,fulltime,0,0,0,372.0
Male,38,under_55,GroupC,30600.0,16.1,16.2,565.0,0.4416,0,23700.0,0,suburban,fulltime,0,1,1,577.0
Female,73,55_plus,GroupB,27900.0,9.6,45.0,582.0,0.0744,1,20300.0,2,urban,parttime,0,0,1,608.0
Male,41,under_55,GroupA,29100.0,12.5,26.4,451.0,0.5392,1,18200.0,1,suburban,fulltime,0,1,1,454.0
Male,27,under_55,GroupB,27300.0,12.2,8.3,591.0,0.1468,2,13500.0,3,suburban,fulltime,0,1,1,579.0
Female,47,under_55,GroupB,28700.0,14.4,25.4,521.0,0.3292,1,27900.0,13,urban,selfemployed,0,0,0,566.0
Male,30,under_55,GroupB,23000.0,10.3,14.6,687.0,0.1656,0,19700.0,1,urban,fulltime,0,1,1,660.0
Male,24,under_55,GroupB,14900.0,8.0,9.8,417.0,0.4646,2,6000.0,1,rural,fulltime,0,0,0,380.0
Male,51,under_55,GroupB,20000.0,8.8,39.6,525.0,0.281,1,7100.0,2,urban,fulltime,0,0,0,510.0
Male,42,under_55,GroupB,46600.0,11.9,23.0,507.0,0.5815,1,24700.0,2,suburban,fulltime,0,0,0,503.0
Female,33,under_55,GroupA,36000.0,14.0,15.8,544.0,0.1922,2,14000.0,1,rural,fulltime,0,0,0,566.0
Female,50,under_55,GroupA,27800.0,15.2,27.9,335.0,0.544,2,20200.0,13,urban,fulltime,1,0,0,324.0
Female,43,under_55,GroupA,18200.0,12.3,25.0,495.0,0.3532,1,6500.0,8,urban,selfemployed,1,0,1,523.0
Female,37,under_55,GroupC,17400.0,13.5,17.1,386.0,0.4572,1,5000.0,14,urban,parttime,0,0,0,455.0
Female,51,under_55,GroupA,62700.0,17.0,21.3,709.0,0.1942,0,15300.0,11,suburban,fulltime,1,1,1,702.0
Male,45,under_55,GroupA,36500.0,18.1,20.8,623.0,0.2038,0,13000.0,0,suburban,fulltime,1,1,1,639.0
Female,51,under_55,GroupA,31200.0,11.8,36.6,353.0,0.7386,2,29500.0,15,rural,fulltime,0,0,0,361.0
Male,34,under_55,GroupA,52400.0,19.2,6.2,619.0,0.3895,0,74900.0,1,rural,fulltime,0,1,1,613.0
Male,30,under_55,GroupA,34000.0,17.4,5.6,646.0,0.2446,0,36800.0,0,urban,fulltime,0,1,1,640.0
Female,37,under_55,GroupA,29400.0,20.6,14.3,626.0,0.2623,0,24100.0,9,suburban,parttime,0,1,1,632.0
Female,31,under_55,GroupB,23700.0,15.6,7.2,471.0,0.3194,1,12400.0,0,suburban,fulltime,0,0,0,513.0
Female,62,55_plus,GroupA,15800.0,11.7,45.0,530.0,0.2316,1,8600.0,1,urban,parttime,0,0,0,511.0
Male,40,under_55,GroupA,26900.0,13.0,20.0,537.0,0.3788,1,21900.0,2,suburban,fulltime,0,0,0,546.0
Male,71,55_plus,GroupA,15300.0,12.0,45.0,399.0,0.579,2,13500.0,2,urban,parttime,1,0,0,402.0
Male,37,under_55,GroupA,51800.0,17.9,14.6,645.0,0.4139,1,17100.0,12,rural,fulltime,0,1,1,642.0
Female,27,under_55,GroupB,15300.0,16.5,6.2,300.0,0.4433,1,11300.0,19,urban,fulltime,0,0,0,436.0
Female,30,under_55,GroupA,56000.0,18.7,7.5,532.0,0.6414,1,21900.0,7,suburban,selfemployed,0,1,1,521.0
Male,60,55_plus,GroupA,28600.0,14.6,43.7,456.0,0.5026,2,13900.0,0,rural,fulltime,0,0,0,459.0
Female,42,under_55,GroupA,20300.0,15.7,17.7,413.0,0.5922,1,10100.0,17,urban,fulltime,0,1,1,458.0
Female,45,under_55,GroupA,29700.0,14.9,26.0,667.0,0.3002,0,22300.0,14,suburban,fulltime,0,1,1,625.0
Male,54,under_55,GroupA,24800.0,11.5,37.5,559.0,0.1441,1,18700.0,2,suburban,fulltime,0,1,1,561.0
Male,57,55_plus,GroupA,27000.0,14.7,31.8,536.0,0.6038,0,31200.0,2,suburban,fulltime,0,0,0,511.0
Female,52,under_55,GroupA,15000.0,14.4,28.9,361.0,0.7076,2,11600.0,16,rural,parttime,0,0,0,329.0
Male,50,under_55,GroupC,29800.0,8.0,37.2,731.0,0.184,0,14900.0,0,urban,fulltime,0,1,1,660.0
Male,41,under_55,GroupA,40600.0,16.1,19.1,616.0,0.2701,0,40900.0,1,suburban,fulltime,0,1,1,631.0
Female,36,under_55,GroupA,25200.0,17.3,15.7,624.0,0.2733,0,21300.0,0,rural,parttime,0,1,1,585.0
Male,49,under_55,GroupB,33200.0,16.5,31.1,498.0,0.6675,0,10800.0,0,rural,fulltime,1,0,0,518.0
Female,29,under_55,GroupA,18400.0,13.9,7.2,462.0,0.4639,1,35400.0,9,suburban,fulltime,0,0,0,445.0
Male,32,under_55,GroupA,34500.0,12.8,5.4,539.0,0.2672,1,24000.0,1,suburban,parttime,1,0,0,548.0
Female,28,under_55,GroupA,25300.0,12.8,11.6,513.0,0.5063,0,21000.0,13,suburban,parttime,0,0,0,519.0
Male,45,under_55,GroupB,55100.0,13.7,26.7,661.0,0.3914,0,35800.0,1,urban,fulltime,0,1,1,667.0
Female,36,under_55,GroupA,21200.0,15.8,16.8,631.0,0.2193,0,22200.0,2,suburban,fulltime,1,1,1,596.0
Male,59,55_plus,GroupA,20700.0,16.0,39.0,481.0,0.3168,1,9000.0,1,suburban,fulltime,0,0,0,494.0
Female,70,55_plus,GroupA,25100.0,11.6,45.0,584.0,0.4494,0,34100.0,11,suburban,parttime,0,0,0,546.0
Male,37,under_55,GroupA,68300.0,17.3,13.6,608.0,0.8098,0,28700.0,3,suburban,fulltime,0,1,1,596.0
Male,37,under_55,GroupA,43400.0,15.0,17.6,639.0,0.3171,0,21800.0,1,suburban,fulltime,1,1,1,639.0
Male,40,under_55,GroupA,21200.0,13.7,24.8,386.0,0.291,3,9500.0,0,urban,fulltime,1,1,1,359.0
Male,39,under_55,GroupA,33400.0,19.0,16.1,600.0,0.3811,1,24900.0,1,suburban,selfemployed,0,1,1,599.0
Male,31,under_55,GroupB,24300.0,12.1,12.7,596.0,0.1606,1,14700.0,4,suburban,fulltime,0,0,0,575.0
Female,38,under_55,GroupB,18000.0,13.8,21.6,398.0,0.3148,2,9500.0,7,suburban,parttime,0,0,0,422.0
Male,42,under_55,GroupA,39400.0,14.4,19.6,660.0,0.2272,0,23600.0,1,suburban,fulltime,0,1,1,686.0
Male,33,under_55,GroupA,28300.0,15.8,11.8,555.0,0.497,0,30100.0,2,urban,selfemployed,0,0,0,558.0
Male,42,under_55,GroupA,42400.0,13.0,23.3,640.0,0.3419,0,46100.0,0,suburban,fulltime,0,1,1,638.0
Female,28,under_55,GroupB,19000.0,9.8,15.4,682.0,0.1222,0,7300.0,15,urban,fulltime,1,1,1,619.0
Female,18,under_55,GroupB,45000.0,11.8,1.7,557.0,0.2804,0,32100.0,10,urban,selfemployed,0,1,1,594.0
Male,64,55_plus,GroupA,27900.0,10.3,43.8,636.0,0.1642,0,16000.0,0,suburban,fulltime,0,1,1,652.0
Male,32,under_55,GroupB,15600.0,12.6,9.7,550.0,0.4888,0,15000.0,3,urban,fulltime,0,0,0,496.0
Female,24,under_55,GroupB,26500.0,11.6,4.2,495.0,0.5013,0,13500.0,10,urban,selfemployed,0,1,1,476.0
Female,41,under_55,GroupA,27200.0,14.2,18.9,364.0,0.7633,1,20400.0,10,suburban,fulltime,0,0,0,399.0
Male,44,under_55,GroupA,64100.0,10.3,26.7,669.0,0.4152,0,40300.0,1,suburban,fulltime,0,1,1,661.0
Male,50,under_55,GroupA,39600.0,15.7,31.9,642.0,0.211,1,12000.0,11,urban,selfemployed,0,1,1,629.0
Male,42,under_55,GroupA,25500.0,16.1,20.4,684.0,0.0472,0,14300.0,0,rural,fulltime,0,0,0,662.0
Male,44,under_55,GroupA,26100.0,11.3,27.5,572.0,0.3662,0,28400.0,1,urban,fulltime,0,1,1,563.0
Female,55,55_plus,GroupB,30000.0,12.2,35.1,737.0,0.1396,0,32400.0,17,suburban,parttime,0,1,1,697.0
Female,41,under_55,GroupA,27700.0,15.7,20.3,623.0,0.4435,0,30900.0,16,suburban,fulltime,1,0,1,559.0
Male,30,under_55,GroupA,15000.0,14.8,7.4,355.0,0.4846,1,9200.0,2,suburban,fulltime,1,0,0,354.0
Male,50,under_55,GroupB,28500.0,15.0,24.9,585.0,0.4822,0,15800.0,0,suburban,fulltime,1,1,1,569.0
Female,39,under_55,GroupA,23300.0,15.5,18.2,443.0,0.6416,1,7800.0,2,suburban,fulltime,0,0,0,419.0
Male,56,55_plus,GroupB,29700.0,14.1,35.7,336.0,0.7296,2,15500.0,2,urban,fulltime,0,0,0,355.0
Male,39,under_55,GroupA,23700.0,10.2,19.7,609.0,0.1101,0,24800.0,15,suburban,fulltime,0,0,0,620.0
Male,39,under_55,GroupA,31100.0,14.4,18.6,506.0,0.6921,0,12700.0,5,rural,fulltime,0,1,1,506.0
Female,49,under_55,GroupB,26400.0,17.4,26.7,439.0,0.5085,1,15700.0,9,urban,fulltime,0,0,0,487.0
Male,53,under_55,GroupB,33000.0,14.4,32.5,722.0,0.2409,0,21400.0,2,suburban,fulltime,0,1,1,660.0
Female,44,under_55,GroupB,19700.0,13.1,24.0,595.0,0.5406,0,13600.0,11,suburban,selfemployed,0,0,0,508.0
Female,33,under_55,GroupA,30000.0,16.2,5.3,532.0,0.7366,0,22900.0,1,suburban,fulltime,0,0,0,486.0
Male,28,under_55,GroupB,14200.0,11.6,14.4,336.0,0.6077,3,8300.0,0,suburban,parttime,1,0,0,300.0
Male,52,under_55,GroupA,29200.0,16.8,28.8,655.0,0.121,0,15600.0,1,suburban,fulltime,0,1,1,668.0
Male,43,under_55,GroupA,92000.0,12.3,22.8,799.0,0.1453,0,46500.0,2,urban,fulltime,0,1,1,788.0
Female,27,under_55,GroupB,11800.0,16.1,2.3,528.0,0.0562,0,3700.0,12,suburban,fulltime,0,0,0,525.0
Male,34,under_55,GroupA,25900.0,12.0,19.9,508.0,0.5311,1,18000.0,3,urban,parttime,0,1,1,504.0
Male,32,under_55,GroupB,16600.0,9.4,14.8,557.0,0.2099,1,18500.0,3,urban,parttime,0,0,0,516.0
Male,37,under_55,GroupA,45400.0,14.9,15.9,637.0,0.391,0,18700.0,1,suburban,fulltime,0,1,1,621.0
Male,24,under_55,GroupA,42200.0,12.7,4.0,607.0,0.4113,0,19600.0,11,suburban,fulltime,1,0,0,610.0
Male,44,under_55,GroupB,56400.0,14.1,25.5,590.0,0.4324,1,30200.0,0,urban,selfemployed,1,1,1,577.0
Male,48,under_55,GroupA,15100.0,15.6,26.2,397.0,0.5338,1,6300.0,5,suburban,selfemployed,1,0,0,386.0
Male,26,under_55,GroupA,21400.0,15.3,1.3,300.0,0.7409,1,7400.0,12,suburban,selfemployed,1,0,0,305.0
Male,54,under_55,GroupA,38600.0,16.1,26.6,695.0,0.1385,0,36400.0,0,suburban,fulltime,0,1,1,706.0
Male,42,under_55,GroupB,42000.0,13.8,28.0,589.0,0.578,0,9800.0,2,urban,fulltime,0,1,1,611.0
Female,55,55_plus,GroupA,22400.0,14.1,34.0,337.0,0.7308,3,10600.0,1,suburban,parttime,0,0,0,300.0
Male,29,under_55,GroupB,24400.0,16.3,3.7,481.0,0.2688,1,15500.0,2,urban,fulltime,0,0,0,479.0
Male,45,under_55,GroupA,30600.0,9.9,32.5,546.0,0.3026,1,32200.0,0,suburban,parttime,0,0,0,551.0
Female,53,under_55,GroupA,34200.0,18.5,30.3,599.0,0.3859,0,28400.0,9,rural,fulltime,0,1,1,626.0
Female,32,under_55,GroupA,50400.0,19.8,5.3,510.0,0.6251,0,15700.0,11,rural,fulltime,1,0,0,522.0
Male,61,55_plus,GroupB,22000.0,16.2,43.3,530.0,0.4099,0,17200.0,15,urban,fulltime,0,1,1,550.0
Male,78,55_plus,GroupB,22000.0,12.3,45.0,555.0,0.1982,1,7200.0,1,rural,selfemployed,0,0,0,534.0
Male,32,under_55,GroupA,25100.0,16.1,10.9,561.0,0.1785,2,9700.0,0,suburban,fulltime,0,1,1,569.0
Male,38,under_55,GroupA,33900.0,12.4,17.2,671.0,0.0645,0,34000.0,2,suburban,selfemployed,0,1,1,681.0
Female,51,under_55,GroupC,25000.0,16.7,24.3,614.0,0.3394,0,11700.0,14,rural,fulltime,0,0,0,578.0
Female,40,under_55,GroupB,21900.0,14.1,19.0,445.0,0.5429,0,12500.0,10,suburban,selfemployed,1,1,1,495.0
Female,39,under_55,GroupA,15900.0,16.7,20.8,547.0,0.3594,0,3700.0,2,suburban,parttime,0,0,0,514.0
Female,57,55_plus,GroupA,21000.0,13.7,34.6,582.0,0.1432,0,14900.0,13,urban,fulltime,0,0,0,621.0
Male,35,under_55,GroupA,55600.0,18.4,14.1,599.0,0.614,0,12500.0,2,urban,fulltime,0,1,1,598.0
Female,34,under_55,GroupA,17700.0,14.9,10.2,494.0,0.4329,1,5100.0,10,rural,fulltime,0,0,0,460.0
Male,18,under_55,GroupA,31900.0,13.7,0.0,523.0,0.3116,0,36300.0,3,rural,parttime,0,0,0,516.0
Female,48,under_55,GroupA,39200.0,15.0,31.1,613.0,0.5082,0,55700.0,15,urban,fulltime,0,1,1,587.0
Male,28,under_55,GroupA,26400.0,9.2,13.3,633.0,0.292,0,20200.0,2,rural,fulltime,1,1,1,631.0
Male,39,under_55,GroupB,15100.0,17.2,10.5,529.0,0.3386,0,6700.0,4,rural,parttime,0,0,0,535.0
Female,22,under_55,GroupA,19000.0,13.1,6.6,434.0,0.3805,2,5600.0,10,rural,selfemployed,0,0,0,406.0
Female,39,under_55,GroupA,23600.0,14.9,23.1,495.0,0.5435,0,9000.0,14,urban,fulltime,0,0,0,497.0
Male,39,under_55,GroupB,33000.0,15.4,13.3,701.0,0.22,0,12100.0,1,urban,fulltime,0,0,1,678.0
Male,45,under_55,GroupB,44100.0,17.3,21.7,693.0,0.215,0,24000.0,0,urban,fulltime,0,1,1,728.0
Male,26,under_55,GroupB,23800.0,17.9,0.2,379.0,0.3277,2,22800.0,16,suburban,selfemployed,0,0,0,399.0
Female,47,under_55,GroupA,37600.0,19.8,23.1,607.0,0.1849,1,18600.0,1,rural,parttime,0,1,1,596.0
Male,34,under_55,GroupB,21900.0,13.8,6.7,511.0,0.1549,1,25100.0,2,suburban,fulltime,1,1,1,504.0
Female,49,under_55,GroupA,21100.0,10.8,32.3,635.0,0.2306,0,6100.0,18,urban,fulltime,1,1,1,639.0
Male,43,under_55,GroupA,47800.0,10.9,20.4,610.0,0.3239,1,20100.0,1,suburban,fulltime,0,1,1,615.0
Male,51,under_55,GroupB,37000.0,14.9,32.4,560.0,0.6801,0,20700.0,0,suburban,fulltime,0,0,0,555.0
Male,41,under_55,GroupA,33200.0,12.3,22.4,638.0,0.1223,0,13500.0,2,urban,fulltime,0,1,1,643.0
Male,53,under_55,GroupC,17900.0,12.6,36.6,508.0,0.2317,1,12400.0,1,urban,selfemployed,0,0,0,539.0
Male,43,under_55,GroupA,43600.0,19.0,17.7,776.0,0.0821,0,9600.0,2,rural,fulltime,1,1,1,779.0
Female,33,under_55,GroupA,12000.0,10.4,13.1,408.0,0.352,1,8400.0,3,suburban,fulltime,0,0,0,387.0
Male,54,under_55,GroupC,16400.0,17.6,25.0,501.0,0.2256,1,12600.0,9,urban,fulltime,0,0,0,528.0
Male,18,under_55,GroupB,28600.0,12.0,3.7,561.0,0.1862,0,12700.0,0,urban,fulltime,0,1,1,614.0
Male,41,under_55,GroupA,23700.0,12.9,27.7,510.0,0.4809,0,23900.0,9,suburban,fulltime,1,0,0,507.0
Male,36,under_55,GroupA,34600.0,13.8,15.3,681.0,0.1341,0,16800.0,1,rural,fulltime,0,1,1,689.0
Male,27,under_55,GroupB,52400.0,15.6,7.9,780.0,0.1325,0,55900.0,3,urban,selfemployed,0,1,1,752.0
Male,50,under_55,GroupC,35200.0,16.5,23.9,473.0,0.3266,2,24100.0,3,urban,fulltime,0,0,0,500.0
Male,66,55_plus,GroupA,22700.0,18.5,42.7,418.0,0.6593,1,18500.0,2,suburban,fulltime,1,0,0,419.0
Male,50,under_55,GroupA,39000.0,14.7,24.9,665.0,0.195,0,19500.0,3,urban,fulltime,0,1,1,650.0
Male,50,under_55,GroupA,26700.0,15.9,28.0,562.0,0.415,0,17700.0,5,urban,selfemployed,1,1,1,580.0
Male,53,under_55,GroupA,37600.0,16.5,31.8,555.0,0.5047,1,14600.0,3,suburban,fulltime,0,0,0,556.0
Male,33,under_55,GroupB,21000.0,15.0,14.6,628.0,0.13,0,24600.0,1,urban,selfemployed,0,0,0,637.0
Male,63,55_plus,GroupA,49200.0,21.4,39.3,703.0,0.2918,0,26300.0,2,suburban,fulltime,1,0,1,702.0
Male,37,under_55,GroupA,43800.0,13.4,17.0,706.0,0.2545,0,76500.0,15,suburban,selfemployed,0,1,1,706.0
Male,48,under_55,GroupA,50500.0,16.3,25.6,532.0,0.5726,0,46200.0,0,suburban,fulltime,0,1,1,548.0
Male,35,under_55,GroupA,21600.0,8.0,24.3,438.0,0.3749,2,10000.0,0,rural,parttime,0,0,0,442.0
Male,43,under_55,GroupB,23800.0,16.0,18.3,561.0,0.2556,0,18100.0,2,rural,fulltime,1,1,1,599.0
Male,44,under_55,GroupA,26200.0,15.8,25.2,623.0,0.2981,0,6000.0,1,rural,fulltime,0,1,1,614.0
Male,26,under_55,GroupB,44200.0,14.6,9.0,417.0,0.8825,0,57500.0,9,urban,selfemployed,1,0,0,469.0
Female,37,under_55,GroupA,31300.0,12.2,16.5,500.0,0.6163,1,28500.0,15,rural,fulltime,0,0,0,509.0
Male,55,55_plus,GroupB,26300.0,15.2,33.3,561.0,0.2613,1,26400.0,1,urban,fulltime,0,0,0,537.0
Male,49,under_55,GroupA,51300.0,16.9,26.7,565.0,0.7422,0,37300.0,0,suburban,fulltime,0,1,1,560.0
Female,42,under_55,GroupA,20600.0,17.5,19.2,594.0,0.1836,0,16800.0,20,urban,parttime,0,0,1,617.0
Male,49,under_55,GroupA,22800.0,14.2,26.0,582.0,0.2577,0,20000.0,2,rural,selfemployed,0,1,1,602.0
Female,40,under_55,GroupA,15100.0,12.4,22.4,538.0,0.2039,0,10100.0,14,rural,fulltime,0,1,1,581.0
Female,32,under_55,GroupA,39400.0,18.9,11.0,551.0,0.6881,0,24600.0,6,suburban,fulltime,1,0,0,522.0
Male,44,under_55,GroupC,53100.0,14.4,21.4,719.0,0.155,0,38100.0,13,rural,fulltime,1,1,1,712.0
Male,65,55_plus,GroupB,24900.0,13.8,38.6,429.0,0.4165,1,9100.0,4,urban,fulltime,0,0,0,475.0
Male,53,under_55,GroupA,32700.0,11.9,30.8,530.0,0.3943,1,39400.0,1,suburban,fulltime,1,0,0,544.0
Male,56,55_plus,GroupA,22000.0,14.4,36.0,451.0,0.3898,2,16600.0,0,urban,selfemployed,0,0,0,438.0
Male,22,under_55,GroupA,33600.0,14.5,6.0,569.0,0.2501,0,6200.0,1,suburban,selfemployed,0,1,1,584.0
Female,39,under_55,GroupB,29000.0,13.5,23.3,596.0,0.2356,0,12500.0,7,urban,fulltime,0,0,1,624.0
Male,51,under_55,GroupC,50400.0,15.3,29.6,765.0,0.2128,0,11900.0,3,rural,selfemployed,1,1,1,719.0
Male,49,under_55,GroupA,48600.0,17.4,25.5,676.0,0.2079,0,29000.0,1,suburban,fulltime,0,1,1,673.0
Male,68,55_plus,GroupC,21200.0,15.5,45.0,585.0,0.2967,0,10300.0,13,urban,fulltime,0,0,0,553.0
Male,31,under_55,GroupA,66200.0,17.1,5.7,513.0,0.4684,1,36000.0,1,suburban,fulltime,0,1,1,505.0
Female,27,under_55,GroupA,33500.0,14.5,7.3,620.0,0.2092,0,26500.0,11,suburban,fulltime,0,0,0,610.0
Female,34,under_55,GroupA,25600.0,15.3,12.6,640.0,0.1086,0,17400.0,15,suburban,fulltime,0,1,1,658.0
Female,18,under_55,GroupB,71300.0,13.2,0.0,614.0,0.1914,1,42800.0,2,urban,fulltime,1,1,1,584.0
Female,40,under_55,GroupC,11600.0,10.5,23.6,421.0,0.1475,1,2000.0,14,rural,selfemployed,0,0,0,484.0
Male,45,under_55,GroupB,24500.0,13.0,19.5,435.0,0.7586,1,11500.0,1,suburban,fulltime,0,1,1,413.0
Male,38,under_55,GroupA,33400.0,20.2,9.8,348.0,0.7937,2,11600.0,0,suburban,fulltime,0,0,0,327.0
Female,48,under_55,GroupB,33500.0,11.5,27.8,487.0,0.3394,1,38700.0,8,urban,selfemployed,0,0,1,562.0
Female,46,under_55,GroupA,40900.0,17.0,20.3,541.0,0.3667,1,50400.0,9,suburban,fulltime,0,1,1,567.0
Male,51,under_55,GroupB,15200.0,13.2,37.0,468.0,0.4481,0,7100.0,0,suburban,fulltime,0,0,0,511.0
Male,34,under_55,GroupA,34100.0,16.1,11.9,580.0,0.364,0,13900.0,3,rural,selfemployed,0,1,1,588.0
Female,45,under_55,GroupA,32100.0,15.9,22.9,497.0,0.4605,1,22000.0,14,suburban,fulltime,0,0,0,491.0
Male,42,under_55,GroupB,19900.0,13.4,17.6,569.0,0.3072,0,17300.0,2,urban,selfemployed,0,1,1,564.0
Male,67,55_plus,GroupC,28100.0,12.3,45.0,630.0,0.2337,0,19600.0,2,suburban,fulltime,0,0,0,662.0
Female,30,under_55,GroupA,24200.0,15.9,6.7,475.0,0.5892,0,21900.0,15,suburban,fulltime,0,0,0,471.0
Male,43,under_55,GroupA,24500.0,13.9,27.4,557.0,0.3459,0,13600.0,3,rural,selfemployed,0,1,1,568.0
Female,57,55_plus,GroupA,23400.0,13.9,33.4,394.0,0.6495,0,12000.0,8,suburban,fulltime,0,0,0,468.0
Male,42,under_55,GroupA,31300.0,13.1,22.1,665.0,0.3076,0,28600.0,14,suburban,fulltime,0,1,1,667.0
Male,49,under_55,GroupB,37700.0,15.3,23.0,594.0,0.595,0,27000.0,0,urban,fulltime,0,0,0,592.0
Male,50,under_55,GroupA,19400.0,11.2,30.7,454.0,0.3623,1,7400.0,0,suburban,fulltime,0,0,0,456.0
Male,33,under_55,GroupA,9500.0,15.7,4.8,364.0,0.3782,1,7200.0,5,urban,fulltime,0,0,0,351.0
Female,20,under_55,GroupB,14000.0,12.1,0.0,321.0,0.3338,3,5600.0,14,rural,fulltime,1,0,0,300.0
Female,28,under_55,GroupA,34400.0,14.7,3.6,402.0,0.6766,0,23600.0,0,suburban,fulltime,0,1,1,416.0
Male,56,55_plus,GroupB,20700.0,11.7,40.4,485.0,0.5715,1,21300.0,2,urban,fulltime,0,0,0,448.0
Female,67,55_plus,GroupA,28700.0,15.0,45.0,525.0,0.256,1,16800.0,8,suburban,fulltime,0,1,1,543.0
Female,56,55_plus,GroupA,22600.0,16.3,35.1,418.0,0.5549,1,24600.0,1,urban,parttime,0,0,0,465.0
Female,48,under_55,GroupA,17700.0,13.5,30.2,642.0,0.2386,0,7100.0,8,urban,fulltime,1,1,1,588.0
Male,35,under_55,GroupB,27400.0,14.5,16.2,500.0,0.308,1,12700.0,3,urban,fulltime,1,1,1,551.0
Female,49,under_55,GroupB,19200.0,17.7,26.7,710.0,0.108,0,12300.0,1,urban,fulltime,1,0,1,606.0
Female,24,under_55,GroupA,25700.0,14.3,3.6,411.0,0.4216,2,11200.0,13,suburban,fulltime,0,0,0,413.0
Male,52,under_55,GroupA,22900.0,11.8,32.1,632.0,0.0911,0,16000.0,2,urban,fulltime,0,1,1,621.0
Female,70,55_plus,GroupA,23100.0,13.2,45.0,372.0,0.6846,1,7000.0,14,suburban,fulltime,0,0,0,463.0
Female,46,under_55,GroupA,20400.0,13.3,26.4,538.0,0.2622,0,8400.0,13,suburban,fulltime,0,1,1,562.0
Male,31,under_55,GroupC,20500.0,12.5,14.0,387.0,0.6358,1,14500.0,0,urban,fulltime,0,0,0,403.0
Female,23,under_55,GroupA,19100.0,13.9,5.4,533.0,0.4341,0,9600.0,2,rural,fulltime,0,0,0,507.0
Male,49,under_55,GroupA,29100.0,12.0,26.7,462.0,0.669,1,17200.0,1,rural,selfemployed,0,0,0,450.0
Male,58,55_plus,GroupA,60900.0,16.0,39.2,463.0,0.8263,1,82000.0,2,urban,fulltime,0,0,0,471.0
Male,37,under_55,GroupB,32300.0,14.1,13.6,466.0,0.5204,0,26800.0,14,suburban,fulltime,0,1,1,547.0
Female,50,under_55,GroupA,17700.0,11.5,29.5,370.0,0.4924,2,15100.0,9,rural,fulltime,1,0,0,396.0
Female,45,under_55,GroupA,30200.0,17.3,17.1,355.0,0.852,0,9200.0,11,urban,fulltime,1,0,0,434.0
Male,54,under_55,GroupB,48800.0,14.5,32.4,711.0,0.4695,0,34800.0,3,urban,fulltime,0,1,1,618.0
Male,64,55_plus,GroupA,20000.0,19.7,37.6,326.0,0.7186,2,18000.0,1,suburban,parttime,0,0,0,321.0
Female,44,under_55,GroupB,21500.0,12.9,24.1,346.0,0.1941,1,16700.0,15,urban,fulltime,0,0,0,501.0
Male,54,under_55,GroupA,70500.0,15.4,31.4,652.0,0.5524,0,15100.0,1,suburban,fulltime,0,0,0,653.0
Male,49,under_55,GroupA,27800.0,16.1,28.7,641.0,0.0948,1,29000.0,0,suburban,parttime,0,1,1,628.0
Female,41,under_55,GroupB,21200.0,13.1,22.7,586.0,0.1009,0,11500.0,19,urban,fulltime,0,1,1,647.0
Male,50,under_55,GroupA,27900.0,16.0,30.4,715.0,0.0609,0,40400.0,0,suburban,fulltime,0,1,1,727.0
Female,20,under_55,GroupA,22300.0,18.1,0.0,541.0,0.3131,0,7700.0,10,suburban,parttime,1,0,0,509.0
Male,43,under_55,GroupA,50200.0,12.9,19.2,614.0,0.4649,0,19400.0,11,suburban,fulltime,0,1,1,631.0
Female,52,under_55,GroupC,10900.0,11.2,33.0,403.0,0.6228,1,13100.0,13,urban,parttime,0,0,0,400.0
Male,32,under_55,GroupA,44100.0,19.8,2.2,528.0,0.3631,0,44400.0,2,suburban,fulltime,0,0,0,557.0
Male,34,under_55,GroupB,31500.0,12.0,19.8,456.0,0.6203,1,36800.0,0,suburban,fulltime,1,0,0,471.0
Male,48,under_55,GroupB,53700.0,16.3,30.1,689.0,0.3344,0,23000.0,0,urban,fulltime,1,1,1,690.0
Male,71,55_plus,GroupA,37400.0,17.1,45.0,681.0,0.2979,0,9400.0,1,rural,fulltime,0,1,1,680.0
Female,33,under_55,GroupA,33400.0,15.2,12.1,615.0,0.1269,1,15900.0,8,urban,fulltime,0,1,1,588.0
Female,55,55_plus,GroupA,27600.0,14.4,30.0,412.0,0.4124,2,34500.0,10,urban,fulltime,0,0,0,450.0
Male,42,under_55,GroupA,49000.0,14.0,24.6,483.0,0.8253,1,68900.0,11,suburban,fulltime,0,0,0,478.0
Male,59,55_plus,GroupA,15000.0,16.9,37.7,627.0,0.1228,0,9700.0,4,rural,fulltime,0,0,1,637.0
Male,35,under_55,GroupA,22100.0,16.2,16.3,529.0,0.3646,0,6200.0,2,suburban,selfemployed,0,1,1,510.0
Male,49,under_55,GroupA,23500.0,12.4,33.2,534.0,0.3551,1,21000.0,0,urban,fulltime,0,0,0,513.0
Female,39,under_55,GroupB,23300.0,15.7,20.2,654.0,0.1685,0,11700.0,10,suburban,parttime,0,1,1,601.0
Male,72,55_plus,GroupB,22900.0,12.9,45.0,629.0,0.2559,1,17700.0,3,urban,fulltime,0,1,1,559.0
Male,44,under_55,GroupC,21300.0,13.9,29.4,507.0,0.2439,0,19000.0,1,rural,selfemployed,0,1,1,578.0
Male,39,under_55,GroupA,34800.0,10.1,27.0,532.0,0.4457,0,13500.0,16,suburban,fulltime,1,1,1,544.0
Male,30,under_55,GroupA,48700.0,14.6,9.3,564.0,0.5961,0,23800.0,6,rural,fulltime,0,1,1,575.0
Female,68,55_plus,GroupA,22500.0,15.6,45.0,453.0,0.4156,1,5500.0,11,urban,fulltime,0,0,0,444.0
Female,40,under_55,GroupA,32800.0,13.9,19.5,636.0,0.2696,0,16400.0,17,suburban,fulltime,0,1,1,628.0
Female,49,under_55,GroupA,17500.0,14.2,25.5,575.0,0.3102,0,13700.0,12,suburban,fulltime,0,0,0,571.0
Female,37,under_55,GroupB,37800.0,14.1,17.6,789.0,0.3088,0,41200.0,11,suburban,fulltime,0,1,1,669.0
Male,26,under_55,GroupB,43800.0,16.0,6.1,521.0,0.5872,0,17000.0,4,urban,fulltime,0,1,1,509.0
Male,30,under_55,GroupA,37100.0,12.4,13.1,445.0,0.5758,2,20000.0,4,suburban,fulltime,0,0,0,431.0
Female,34,under_55,GroupA,23600.0,11.6,15.2,450.0,0.6163,0,15300.0,15,urban,fulltime,0,1,1,477.0
Male,42,under_55,GroupA,53600.0,15.6,19.7,586.0,0.5963,0,28300.0,10,rural,fulltime,0,1,1,611.0
Male,38,under_55,GroupB,31700.0,13.0,22.4,575.0,0.2414,0,18900.0,2,suburban,fulltime,1,0,0,651.0
Male,37,under_55,GroupA,26800.0,14.0,20.8,515.0,0.4048,1,9800.0,0,urban,fulltime,0,0,0,524.0
Female,31,under_55,GroupB,29600.0,14.5,9.7,566.0,0.4382,1,14900.0,8,rural,fulltime,0,1,1,538.0
Male,46,under_55,GroupA,31100.0,18.2,19.6,666.0,0.1952,0,8200.0,3,suburban,fulltime,0,1,1,678.0
Male,28,under_55,GroupB,32000.0,15.5,14.3,573.0,0.289,1,23700.0,9,urban,fulltime,0,1,1,540.0
Male,19,under_55,GroupB,15900.0,14.6,0.0,300.0,0.42,3,15400.0,5,suburban,fulltime,0,0,0,300.0
Male,40,under_55,GroupA,23400.0,12.0,22.9,588.0,0.2901,0,7000.0,2,suburban,fulltime,1,1,1,583.0
Male,50,under_55,GroupA,39000.0,16.0,33.6,658.0,0.1165,1,18700.0,7,suburban,fulltime,0,1,1,659.0
Male,23,under_55,GroupC,22200.0,15.2,4.6,563.0,0.1612,1,18100.0,1,urban,selfemployed,1,0,0,582.0
Male,30,under_55,GroupA,58600.0,16.7,7.1,538.0,0.7184,0,10600.0,1,suburban,selfemployed,0,1,1,526.0
Female,46,under_55,GroupA,28400.0,15.5,24.0,546.0,0.1764,1,16400.0,15,suburban,parttime,0,1,1,618.0
Male,57,55_plus,GroupB,44600.0,16.0,37.9,641.0,0.1997,0,28300.0,1,urban,selfemployed,1,1,1,683.0
Male,52,under_55,GroupA,33600.0,12.6,28.9,578.0,0.4234,0,28100.0,3,urban,fulltime,1,1,1,586.0
Male,48,under_55,GroupA,32300.0,15.9,29.0,615.0,0.3819,0,9200.0,3,urban,fulltime,0,1,1,611.0
Female,37,under_55,GroupA,41600.0,15.7,17.6,668.0,0.206,0,50600.0,0,suburban,parttime,0,1,1,663.0
Female,44,under_55,GroupA,34900.0,17.9,21.2,536.0,0.5217,1,11000.0,11,suburban,fulltime,0,0,0,512.0
Female,43,under_55,GroupB,36600.0,13.4,25.6,563.0,0.3113,1,35200.0,0,urban,selfemployed,0,0,0,566.0
Male,52,under_55,GroupA,34500.0,12.4,36.7,656.0,0.3414,0,27800.0,1,suburban,fulltime,1,1,1,652.0
Female,56,55_plus,GroupB,22600.0,13.1,35.6,550.0,0.4865,0,9800.0,8,urban,parttime,1,0,1,518.0
Female,56,55_plus,GroupA,22000.0,10.4,37.6,534.0,0.2891,1,5200.0,13,rural,parttime,0,0,0,522.0
Female,63,55_plus,GroupC,13800.0,12.8,43.1,483.0,0.3434,1,8600.0,23,urban,selfemployed,0,0,0,466.0
Female,40,under_55,GroupA,28700.0,12.3,19.7,673.0,0.224,0,7300.0,13,suburban,fulltime,0,0,1,613.0
Male,38,under_55,GroupA,63200.0,17.6,9.9,703.0,0.2644,0,33700.0,1,rural,fulltime,1,1,1,694.0
Male,47,under_55,GroupA,39000.0,14.4,26.4,649.0,0.341,0,16300.0,12,suburban,fulltime,1,1,1,681.0
Male,25,under_55,GroupA,26400.0,13.3,3.9,511.0,0.2374,1,9700.0,0,suburban,fulltime,0,1,1,529.0
Male,34,under_55,GroupC,22200.0,17.3,10.3,641.0,0.3539,0,22200.0,10,rural,fulltime,0,1,1,586.0
Female,36,under_55,GroupC,20800.0,13.5,16.6,730.0,0.0856,0,11300.0,17,urban,fulltime,0,0,1,612.0
Male,29,under_55,GroupC,45800.0,13.5,10.8,559.0,0.8345,1,17700.0,2,rural,fulltime,1,0,0,506.0
Male,39,under_55,GroupA,24700.0,12.2,25.8,506.0,0.3282,1,9100.0,0,suburban,fulltime,1,0,0,503.0
Male,49,under_55,GroupA,57600.0,18.0,27.4,734.0,0.2017,0,15700.0,2,suburban,fulltime,0,1,1,749.0
Male,61,55_plus,GroupA,30900.0,17.4,35.2,581.0,0.3343,0,25300.0,1,suburban,fulltime,0,1,1,600.0
Female,23,under_55,GroupA,15800.0,18.2,1.9,430.0,0.3803,0,9900.0,12,suburban,selfemployed,0,0,0,412.0
Male,64,55_plus,GroupC,24400.0,12.7,45.0,591.0,0.3319,0,17500.0,1,urban,selfemployed,0,1,1,557.0
Female,65,55_plus,GroupA,26300.0,13.3,44.9,613.0,0.2051,1,27700.0,8,suburban,parttime,1,1,1,548.0
Female,18,under_55,GroupA,17600.0,14.3,1.2,300.0,0.6521,1,11800.0,17,rural,parttime,0,0,0,300.0
Female,20,under_55,GroupA,39000.0,14.4,0.0,407.0,0.5566,0,10800.0,13,suburban,selfemployed,0,0,0,430.0
Male,39,under_55,GroupB,50000.0,14.4,19.3,608.0,0.5537,1,15500.0,12,urban,fulltime,0,0,1,559.0
Female,46,under_55,GroupC,15600.0,8.0,34.5,477.0,0.3947,0,14700.0,13,rural,fulltime,0,0,0,531.0
Male,42,under_55,GroupB,32400.0,14.6,19.8,711.0,0.0813,0,18100.0,11,suburban,fulltime,0,1,1,688.0
Female,66,55_plus,GroupA,19300.0,9.6,45.0,326.0,0.539,3,14800.0,10,suburban,selfemployed,1,0,0,341.0
Male,35,under_55,GroupB,20200.0,12.8,11.3,550.0,0.5189,0,12000.0,13,suburban,parttime,0,1,1,515.0
Male,67,55_plus,GroupA,24600.0,15.4,41.4,464.0,0.3005,3,27500.0,1,suburban,fulltime,0,0,0,449.0
Male,39,under_55,GroupA,20200.0,12.8,27.6,431.0,0.3633,2,6700.0,15,suburban,selfemployed,0,0,0,405.0
Female,18,under_55,GroupB,10800.0,15.2,4.6,400.0,0.2119,1,6800.0,11,urban,fulltime,0,0,0,414.0
Male,49,under_55,GroupA,20700.0,17.0,27.6,471.0,0.278,2,19500.0,5,suburban,fulltime,0,0,0,456.0
Male,18,under_55,GroupB,28200.0,13.0,2.8,569.0,0.1859,0,7000.0,1,urban,fulltime,0,1,1,593.0
Male,43,under_55,GroupB,28900.0,9.9,26.9,518.0,0.5009,1,31100.0,0,suburban,fulltime,0,0,0,514.0
Female,25,under_55,GroupC,15900.0,12.4,8.0,423.0,0.4575,2,16200.0,13,rural,fulltime,0,0,0,380.0
Female,32,under_55,GroupA,16800.0,18.2,10.0,631.0,0.1134,0,4700.0,11,rural,fulltime,0,0,1,642.0
Male,62,55_plus,GroupB,22500.0,8.0,45.0,523.0,0.5041,0,8700.0,15,suburban,fulltime,0,1,1,557.0
Male,36,under_55,GroupC,29300.0,20.9,13.0,639.0,0.2247,0,22700.0,0,rural,fulltime,1,0,0,626.0
Male,31,under_55,GroupC,20300.0,13.6,11.2,462.0,0.3715,1,10100.0,3,urban,selfemployed,0,1,1,470.0
Female,52,under_55,GroupB,27100.0,13.5,32.5,550.0,0.4983,1,15200.0,12,suburban,fulltime,1,0,0,518.0
Female,42,under_55,GroupB,28900.0,14.6,24.2,565.0,0.3858,1,13200.0,13,urban,selfemployed,0,0,0,528.0
Male,37,under_55,GroupA,64000.0,17.4,13.0,704.0,0.2399,0,13700.0,1,suburban,fulltime,0,1,1,706.0
Male,47,under_55,GroupA,26700.0,12.0,29.7,618.0,0.2214,0,35200.0,1,urban,fulltime,0,1,1,593.0
Male,18,under_55,GroupA,19100.0,11.3,0.0,520.0,0.2257,0,6100.0,2,rural,fulltime,0,0,0,518.0
Male,56,55_plus,GroupA,42300.0,11.7,38.6,694.0,0.106,0,17600.0,2,suburban,fulltime,0,1,1,704.0
Female,43,under_55,GroupA,49400.0,19.7,17.3,533.0,0.615,0,34400.0,19,suburban,fulltime,0,1,1,565.0
Male,55,55_plus,GroupA,41900.0,15.6,29.2,543.0,0.4324,1,43600.0,0,suburban,fulltime,0,1,1,549.0
Male,54,under_55,GroupA,33600.0,14.2,31.9,514.0,0.4858,1,15300.0,1,suburban,fulltime,0,0,0,512.0
Female,58,55_plus,GroupB,20200.0,13.1,37.0,690.0,0.3338,0,31100.0,21,suburban,fulltime,0,0,0,580.0
Female,44,under_55,GroupC,22300.0,12.8,23.4,598.0,0.1304,0,11200.0,14,urban,selfemployed,1,1,1,652.0
Male,33,under_55,GroupA,22300.0,16.3,7.6,417.0,0.501,2,18200.0,2,suburban,fulltime,1,0,0,431.0
Male,47,under_55,GroupA,45700.0,15.9,25.3,627.0,0.1956,1,28500.0,3,suburban,fulltime,0,1,1,643.0
Male,46,under_55,GroupA,44200.0,17.1,22.7,513.0,0.6634,0,40400.0,3,suburban,fulltime,0,0,0,509.0
Male,43,under_55,GroupA,29000.0,12.3,22.5,512.0,0.4927,1,16800.0,3,rural,fulltime,0,0,0,513.0
Female,33,under_55,GroupC,16800.0,11.7,14.9,412.0,0.6894,3,13900.0,9,rural,fulltime,1,0,0,307.0
Female,46,under_55,GroupA,23800.0,13.1,26.0,608.0,0.2962,0,16500.0,5,rural,fulltime,1,1,1,590.0
Male,39,under_55,GroupA,19100.0,15.4,15.1,303.0,0.8298,3,14900.0,3,rural,fulltime,0,0,0,300.0
Female,48,under_55,GroupB,17700.0,12.0,33.1,411.0,0.5016,3,14000.0,13,urban,parttime,0,0,0,316.0
Male,54,under_55,GroupB,20900.0,12.0,31.3,505.0,0.4117,1,9900.0,0,urban,parttime,0,0,0,475.0
Male,69,55_plus,GroupB,24700.0,13.8,45.0,518.0,0.4842,0,29200.0,2,urban,fulltime,0,1,1,530.0
Male,47,under_55,GroupB,29200.0,13.8,18.2,593.0,0.3534,0,9800.0,3,urban,fulltime,0,1,1,590.0
Female,36,under_55,GroupC,29600.0,17.9,8.5,509.0,0.679,1,18500.0,14,rural,parttime,0,0,0,388.0
Female,74,55_plus,GroupB,11300.0,10.6,45.0,419.0,0.4188,1,7400.0,8,urban,parttime,1,0,0,419.0
Male,49,under_55,GroupA,26700.0,15.4,26.3,352.0,0.8984,1,5200.0,0,rural,fulltime,0,0,0,361.0
Male,39,under_55,GroupC,34200.0,11.2,23.4,551.0,0.4553,0,4700.0,12,urban,fulltime,0,1,1,571.0
Male,53,under_55,GroupC,25800.0,13.3,37.3,639.0,0.1217,0,12300.0,3,urban,fulltime,1,1,1,653.0
Male,44,under_55,GroupA,36500.0,13.8,24.8,662.0,0.2772,0,21700.0,1,rural,fulltime,0,1,1,638.0
Male,37,under_55,GroupA,37600.0,14.3,17.4,598.0,0.4253,0,36600.0,1,suburban,fulltime,0,1,1,590.0
Female,58,55_plus,GroupA,25500.0,13.7,35.7,618.0,0.1465,0,16700.0,12,rural,fulltime,1,1,1,627.0
Male,43,under_55,GroupA,57400.0,13.1,22.7,625.0,0.5762,0,38900.0,0,rural,fulltime,0,1,1,621.0
Male,27,under_55,GroupA,41200.0,18.8,4.2,526.0,0.283,1,9400.0,1,suburban,fulltime,1,1,1,547.0
Male,40,under_55,GroupA,21500.0,11.7,26.1,438.0,0.3011,2,11200.0,2,suburban,fulltime,0,0,0,434.0
Male,35,under_55,GroupB,22100.0,13.7,16.4,637.0,0.1893,0,15900.0,3,suburban,fulltime,1,1,1,650.0
Male,36,under_55,GroupA,30800.0,14.5,10.9,434.0,0.7996,0,28400.0,0,urban,fulltime,1,0,0,448.0
Male,32,under_55,GroupA,44800.0,15.4,19.5,612.0,0.4982,0,23400.0,14,urban,fulltime,1,0,0,606.0
Male,58,55_plus,GroupA,31200.0,12.6,42.0,576.0,0.2923,1,18600.0,4,suburban,fulltime,0,0,0,578.0
Female,18,under_55,GroupA,26500.0,12.7,0.6,416.0,0.5012,0,12000.0,14,rural,selfemployed,1,0,0,451.0
Male,31,under_55,GroupC,19600.0,14.7,9.9,437.0,0.4246,2,8100.0,1,urban,fulltime,1,0,0,412.0
Male,36,under_55,GroupA,30000.0,13.3,16.6,487.0,0.6705,0,10600.0,5,rural,fulltime,0,1,1,471.0
Female,45,under_55,GroupA,25100.0,16.7,16.3,517.0,0.4566,1,35000.0,11,urban,selfemployed,0,0,0,519.0
Male,33,under_55,GroupA,36600.0,14.7,14.2,574.0,0.4739,0,33600.0,1,suburban,selfemployed,0,0,0,576.0
Male,18,under_55,GroupC,14400.0,13.8,0.0,300.0,0.4637,2,4400.0,3,urban,selfemployed,0,0,0,300.0
Female,19,under_55,GroupB,34100.0,12.1,0.7,563.0,0.1619,0,21700.0,0,suburban,fulltime,0,1,1,620.0
Male,45,under_55,GroupA,35200.0,12.6,27.7,645.0,0.2098,0,9800.0,1,rural,fulltime,1,1,1,643.0
Male,25,under_55,GroupB,30300.0,14.6,6.0,498.0,0.3226,1,16100.0,3,suburban,fulltime,0,1,1,528.0
Male,34,under_55,GroupB,17200.0,15.9,16.3,361.0,0.5978,2,8900.0,1,suburban,fulltime,0,0,0,314.0
Female,31,under_55,GroupA,28900.0,17.9,5.3,581.0,0.1307,1,25000.0,11,suburban,parttime,1,0,0,541.0
Female,28,under_55,GroupB,18900.0,14.0,5.7,372.0,0.4649,1,15100.0,15,suburban,fulltime,1,0,0,411.0
Male,19,under_55,GroupA,24700.0,12.3,1.6,308.0,0.7581,1,9700.0,3,rural,fulltime,1,0,0,300.0
Male,47,under_55,GroupA,31900.0,11.6,30.6,321.0,0.7996,2,16400.0,2,suburban,fulltime,1,0,0,319.0
Male,37,under_55,GroupC,25100.0,12.2,14.5,518.0,0.5706,0,27200.0,3,urban,fulltime,0,0,0,536.0
Male,64,55_plus,GroupA,29900.0,15.3,43.3,573.0,0.3861,0,15600.0,3,urban,fulltime,0,0,0,559.0
Female,53,under_55,GroupA,35600.0,17.3,31.6,485.0,0.8907,0,14300.0,12,suburban,parttime,0,0,0,425.0
Male,32,under_55,GroupA,46200.0,15.2,9.9,735.0,0.136,1,15300.0,2,suburban,fulltime,1,1,1,723.0
Female,48,under_55,GroupA,39200.0,15.2,24.3,710.0,0.0382,0,38600.0,9,urban,fulltime,0,1,1,718.0
Male,46,under_55,GroupA,66800.0,16.2,29.3,666.0,0.3242,0,37800.0,0,suburban,fulltime,1,1,1,639.0
Female,33,under_55,GroupB,31600.0,12.5,12.7,647.0,0.6033,0,24900.0,10,rural,fulltime,1,0,0,556.0
Male,34,under_55,GroupC,32400.0,14.4,13.9,611.0,0.2878,0,13000.0,1,suburban,fulltime,0,0,0,629.0
Male,34,under_55,GroupA,35800.0,12.1,13.9,562.0,0.6034,0,16000.0,5,suburban,fulltime,1,0,0,576.0
Female,36,under_55,GroupA,24100.0,13.0,19.5,555.0,0.4048,0,21100.0,0,suburban,fulltime,1,1,1,551.0
Male,31,under_55,GroupB,22700.0,15.3,9.3,511.0,0.3656,1,7900.0,0,rural,fulltime,1,1,1,490.0
Male,36,under_55,GroupA,19300.0,12.4,16.0,505.0,0.4262,0,6000.0,3,suburban,selfemployed,1,0,0,505.0
Female,50,under_55,GroupA,18000.0,13.2,32.1,601.0,0.0728,0,15000.0,1,rural,fulltime,0,1,1,609.0
Female,39,under_55,GroupA,34000.0,13.7,24.2,619.0,0.3821,0,12500.0,2,urban,selfemployed,0,1,1,615.0
Female,49,under_55,GroupA,23800.0,14.1,29.1,609.0,0.431,0,16500.0,10,suburban,fulltime,0,0,0,590.0
Female,25,under_55,GroupA,26600.0,17.2,5.0,595.0,0.1395,0,12800.0,3,urban,fulltime,0,1,1,565.0
Male,61,55_plus,GroupA,43900.0,15.7,34.6,582.0,0.6221,0,20000.0,0,urban,fulltime,0,0,1,567.0
Male,37,under_55,GroupA,28100.0,15.9,16.3,497.0,0.7764,0,17300.0,1,urban,fulltime,1,0,0,503.0
Female,61,55_plus,GroupB,17500.0,12.7,41.3,539.0,0.3423,1,9800.0,14,suburban,fulltime,1,1,1,483.0
Male,49,under_55,GroupC,23000.0,13.8,29.9,580.0,0.2999,1,30800.0,1,suburban,fulltime,0,1,1,605.0
Female,25,under_55,GroupA,15800.0,12.6,5.5,314.0,0.6395,1,7000.0,15,urban,fulltime,0,0,0,340.0
Female,46,under_55,GroupA,24900.0,12.2,27.7,509.0,0.3976,1,12900.0,1,urban,parttime,1,0,0,500.0
Male,53,under_55,GroupA,33700.0,17.4,25.1,363.0,0.7925,1,19500.0,1,rural,fulltime,1,0,0,385.0
Male,41,under_55,GroupB,41500.0,14.2,18.0,591.0,0.3418,0,32200.0,2,rural,parttime,0,1,1,637.0
Female,37,under_55,GroupA,29200.0,14.6,13.6,539.0,0.3485,0,35700.0,0,rural,fulltime,1,0,1,550.0
Male,63,55_plus,GroupB,18300.0,10.2,45.0,497.0,0.5715,0,14700.0,7,suburban,parttime,1,0,0,475.0
Male,72,55_plus,GroupA,22200.0,14.9,45.0,547.0,0.1943,1,13100.0,4,suburban,fulltime,1,1,1,563.0
Male,54,under_55,GroupB,25200.0,17.2,27.2,559.0,0.3476,0,19900.0,15,urban,fulltime,0,1,1,546.0
Female,31,under_55,GroupA,31700.0,19.1,2.7,636.0,0.0572,0,12900.0,10,suburban,parttime,0,0,0,637.0
Male,18,under_55,GroupA,31100.0,14.9,3.1,537.0,0.2564,0,29800.0,1,suburban,fulltime,0,0,0,535.0
Male,35,under_55,GroupA,20600.0,12.3,13.7,608.0,0.2352,1,14100.0,1,suburban,selfemployed,1,0,0,612.0
Male,48,under_55,GroupA,45300.0,15.8,27.3,521.0,0.6661,0,17900.0,1,urban,fulltime,0,0,0,519.0
Male,69,55_plus,GroupA,36000.0,16.7,44.9,577.0,0.4761,0,14700.0,2,suburban,fulltime,0,0,1,568.0
Female,38,under_55,GroupA,27700.0,18.6,20.3,514.0,0.5957,1,14800.0,13,urban,fulltime,0,1,1,489.0
Female,25,under_55,GroupB,19200.0,15.2,4.8,366.0,0.5519,1,5300.0,13,urban,selfemployed,0,0,0,382.0
Female,46,under_55,GroupA,20100.0,13.8,26.5,493.0,0.4937,0,14700.0,10,suburban,fulltime,0,0,0,470.0
Female,19,under_55,GroupB,15700.0,12.7,0.0,300.0,0.5923,1,9400.0,9,urban,parttime,0,0,0,374.0
Male,60,55_plus,GroupA,30200.0,18.1,35.7,425.0,0.6218,2,16900.0,1,urban,fulltime,0,0,0,416.0
Female,59,55_plus,GroupB,26900.0,15.8,41.5,675.0,0.146,0,13000.0,15,rural,fulltime,0,1,1,643.0
Male,52,under_55,GroupC,25500.0,13.2,31.6,363.0,0.95,1,22400.0,0,rural,fulltime,0,0,0,380.0
Female,66,55_plus,GroupA,28100.0,17.7,44.2,668.0,0.1047,0,28100.0,12,suburban,fulltime,1,1,1,678.0
Female,50,under_55,GroupA,24000.0,12.7,32.7,651.0,0.1185,0,11600.0,0,suburban,parttime,0,1,1,695.0
Male,59,55_plus,GroupA,32400.0,14.1,35.9,655.0,0.2784,0,24500.0,1,suburban,fulltime,0,0,0,665.0
Female,52,under_55,GroupB,24000.0,12.0,32.1,662.0,0.3475,0,13900.0,13,suburban,parttime,1,1,1,605.0
Male,18,under_55,GroupC,36700.0,19.5,0.0,451.0,0.3042,0,10500.0,3,rural,selfemployed,0,1,1,514.0
Male,46,under_55,GroupA,13700.0,9.5,30.0,475.0,0.1702,2,4700.0,3,rural,fulltime,1,1,1,476.0
Male,39,under_55,GroupC,17800.0,14.9,19.8,389.0,0.5183,1,10500.0,0,urban,fulltime,0,0,0,419.0
Male,32,under_55,GroupB,24000.0,11.4,15.2,404.0,0.3441,3,14500.0,5,rural,fulltime,0,0,0,404.0
Female,40,under_55,GroupA,17900.0,15.4,21.7,559.0,0.3636,1,5800.0,1,suburban,fulltime,0,0,0,541.0
Male,51,under_55,GroupA,22700.0,14.8,29.0,678.0,0.1072,0,17000.0,1,urban,fulltime,1,1,1,680.0
Female,42,under_55,GroupB,25500.0,13.7,23.7,589.0,0.2889,0,13200.0,11,rural,fulltime,1,0,1,589.0
Male,56,55_plus,GroupC,26200.0,16.5,36.0,588.0,0.3713,0,11500.0,3,urban,fulltime,1,1,1,596.0
Male,56,55_plus,GroupA,48300.0,17.2,38.1,540.0,0.6558,0,22400.0,1,suburban,selfemployed,0,1,1,561.0
Female,44,under_55,GroupC,22100.0,16.0,21.0,562.0,0.3321,0,8600.0,16,urban,selfemployed,0,0,1,618.0
Male,42,under_55,GroupA,33800.0,15.7,16.2,606.0,0.1474,1,15300.0,2,urban,fulltime,0,1,1,588.0
Female,18,under_55,GroupC,14200.0,15.7,0.0,430.0,0.5742,1,9700.0,12,urban,parttime,0,0,0,348.0
Male,31,under_55,GroupA,24800.0,16.7,12.7,614.0,0.2266,0,12600.0,2,suburban,fulltime,0,1,1,614.0
Female,55,55_plus,GroupA,17500.0,14.2,29.4,483.0,0.2815,1,9400.0,8,rural,parttime,0,0,0,517.0
Male,51,under_55,GroupA,40200.0,15.9,28.6,485.0,0.7225,0,41300.0,2,urban,fulltime,0,0,0,483.0
Male,18,under_55,GroupA,41000.0,17.5,0.0,619.0,0.0535,0,27900.0,0,urban,fulltime,0,1,1,645.0
Male,43,under_55,GroupA,27300.0,13.4,23.8,614.0,0.4152,0,18900.0,1,suburban,fulltime,0,0,0,594.0
Female,32,under_55,GroupA,32100.0,13.0,15.8,353.0,0.7055,1,12200.0,10,urban,fulltime,1,1,1,421.0
Female,62,55_plus,GroupA,30500.0,14.9,34.8,603.0,0.3803,1,22500.0,13,rural,fulltime,0,1,1,558.0
Male,34,under_55,GroupA,77700.0,17.8,13.3,679.0,0.5619,0,40200.0,1,suburban,fulltime,0,1,1,672.0
Male,21,under_55,GroupC,29800.0,12.6,0.0,475.0,0.2027,1,11400.0,0,suburban,fulltime,0,0,0,491.0
Female,62,55_plus,GroupA,10200.0,11.3,40.3,362.0,0.4178,2,6500.0,18,urban,parttime,0,0,0,370.0
Female,54,under_55,GroupA,24700.0,15.7,35.4,655.0,0.2596,0,17200.0,12,rural,fulltime,0,1,1,624.0
Female,46,under_55,GroupA,19100.0,16.7,25.2,498.0,0.4056,0,15900.0,10,urban,parttime,0,0,0,529.0
Male,44,under_55,GroupA,37000.0,17.4,12.1,657.0,0.2292,0,26200.0,0,suburban,selfemployed,0,1,1,654.0
Male,36,under_55,GroupA,15100.0,15.4,17.1,615.0,0.0899,0,13500.0,2,rural,selfemployed,0,0,0,621.0
Female,27,under_55,GroupA,18900.0,13.3,8.8,452.0,0.5584,0,12600.0,5,urban,fulltime,0,0,0,475.0
Male,28,under_55,GroupA,24400.0,14.0,4.5,466.0,0.6163,0,12400.0,8,suburban,selfemployed,0,0,0,454.0
Female,19,under_55,GroupA,16600.0,16.3,0.0,410.0,0.2771,1,7600.0,16,suburban,fulltime,0,1,1,409.0
Male,56,55_plus,GroupA,39600.0,15.6,34.5,605.0,0.3711,1,16100.0,2,rural,fulltime,1,0,0,587.0
Female,47,under_55,GroupA,38800.0,19.7,18.6,568.0,0.2593,2,28100.0,16,suburban,parttime,0,0,1,554.0
Female,42,under_55,GroupA,30700.0,17.9,18.0,633.0,0.3519,0,6800.0,0,rural,fulltime,1,0,1,641.0
Male,37,under_55,GroupC,38600.0,15.8,11.8,707.0,0.1371,0,39300.0,2,urban,fulltime,0,1,1,672.0
Female,37,under_55,GroupC,18300.0,12.1,22.1,300.0,0.5263,4,14700.0,17,urban,fulltime,0,0,0,300.0
Female,53,under_55,GroupB,19800.0,10.1,35.8,389.0,0.5516,1,24800.0,17,suburban,parttime,1,0,0,433.0
Male,56,55_plus,GroupA,47500.0,17.4,39.3,581.0,0.4429,1,45600.0,3,rural,fulltime,0,1,1,584.0
Male,59,55_plus,GroupA,18500.0,13.3,40.5,572.0,0.4031,0,6600.0,17,rural,parttime,0,0,0,565.0
Male,32,under_55,GroupC,17100.0,12.6,17.2,400.0,0.4445,2,13300.0,4,urban,fulltime,1,0,0,404.0
Male,49,under_55,GroupB,40200.0,16.2,25.2,706.0,0.0646,0,11600.0,2,suburban,fulltime,0,1,1,709.0
Female,53,under_55,GroupB,14300.0,17.2,33.1,526.0,0.3111,1,9800.0,12,suburban,fulltime,0,0,0,462.0
Male,56,55_plus,GroupA,20800.0,10.7,38.2,613.0,0.138,0,14000.0,13,rural,parttime,0,1,1,629.0
Male,51,under_55,GroupA,49300.0,14.4,31.7,670.0,0.3156,0,27000.0,0,urban,selfemployed,0,1,1,673.0
Female,60,55_plus,GroupB,11800.0,11.3,39.5,397.0,0.3163,1,7500.0,0,urban,fulltime,0,0,0,442.0
Male,51,under_55,GroupA,20600.0,14.9,25.5,554.0,0.3939,0,16400.0,4,rural,fulltime,0,1,1,566.0
Male,48,under_55,GroupA,63100.0,18.0,21.1,727.0,0.2923,0,14800.0,8,urban,fulltime,1,1,1,724.0
Male,48,under_55,GroupA,35600.0,18.4,21.0,646.0,0.2232,0,24500.0,1,rural,fulltime,0,1,1,658.0
Male,42,under_55,GroupA,40100.0,17.4,23.6,568.0,0.3604,1,32000.0,0,urban,fulltime,0,0,0,577.0
Male,46,under_55,GroupC,39300.0,11.9,26.7,617.0,0.192,1,18100.0,1,suburban,fulltime,0,1,1,618.0
Male,43,under_55,GroupA,16500.0,10.8,22.0,597.0,0.1599,0,8200.0,3,urban,selfemployed,0,0,0,574.0
Male,51,under_55,GroupA,33300.0,15.5,28.3,603.0,0.2945,0,22000.0,1,suburban,fulltime,0,1,1,608.0
Male,49,under_55,GroupA,28300.0,13.6,28.1,633.0,0.196,0,23000.0,2,urban,fulltime,1,1,1,647.0
Female,39,under_55,GroupA,19300.0,9.0,24.1,553.0,0.2121,1,9400.0,16,urban,fulltime,0,0,0,535.0
Male,27,under_55,GroupB,43900.0,13.4,6.2,731.0,0.1408,0,46500.0,1,suburban,fulltime,0,1,1,722.0
Female,25,under_55,GroupA,22100.0,16.4,0.0,371.0,0.4105,1,14000.0,16,rural,fulltime,0,0,0,389.0
Male,35,under_55,GroupB,45800.0,12.7,16.7,693.0,0.1539,0,14800.0,2,suburban,fulltime,0,1,1,707.0
Male,26,under_55,GroupA,47400.0,11.7,9.4,711.0,0.0629,0,25500.0,0,suburban,fulltime,0,1,1,729.0
Female,42,under_55,GroupC,27500.0,14.6,21.4,588.0,0.4356,1,21500.0,9,suburban,selfemployed,0,0,1,477.0
Female,59,55_plus,GroupA,25000.0,10.0,44.1,605.0,0.2369,0,23000.0,23,urban,fulltime,0,1,1,614.0
Female,40,under_55,GroupA,16600.0,13.6,27.1,481.0,0.3353,1,6000.0,13,urban,parttime,0,0,0,496.0
Male,55,55_plus,GroupB,26100.0,10.3,38.2,495.0,0.5283,1,12300.0,2,urban,fulltime,0,0,0,502.0
Female,25,under_55,GroupC,20400.0,13.0,4.4,351.0,0.4859,2,10100.0,0,suburban,fulltime,0,0,0,327.0
Female,55,55_plus,GroupB,22500.0,15.5,30.6,628.0,0.3328,1,7500.0,0,suburban,parttime,0,0,1,526.0
Male,24,under_55,GroupC,14800.0,13.0,4.2,333.0,0.6899,1,7500.0,1,rural,fulltime,1,0,0,307.0
Female,36,under_55,GroupA,35100.0,18.5,8.4,746.0,0.1967,0,28500.0,7,urban,fulltime,0,0,0,690.0
Male,63,55_plus,GroupB,22200.0,18.0,38.7,474.0,0.626,0,21200.0,2,urban,parttime,0,0,1,502.0
Female,58,55_plus,GroupB,25900.0,13.9,36.5,468.0,0.2055,0,14300.0,11,suburban,fulltime,0,1,1,617.0
Female,43,under_55,GroupA,28200.0,12.5,25.3,555.0,0.4645,1,7800.0,12,urban,fulltime,1,0,0,531.0
Female,22,under_55,GroupB,26500.0,15.1,0.0,554.0,0.194,0,11300.0,10,urban,parttime,0,1,1,565.0
Male,32,under_55,GroupA,28600.0,14.1,12.8,459.0,0.5758,1,26900.0,2,suburban,fulltime,0,0,0,459.0
Female,35,under_55,GroupA,24900.0,17.1,10.7,731.0,0.0382,0,24400.0,1,rural,parttime,0,1,1,694.0
Female,57,55_plus,GroupB,16000.0,12.9,37.4,600.0,0.2139,0,10100.0,13,rural,fulltime,1,1,1,582.0
Male,18,under_55,GroupA,40900.0,15.2,0.0,500.0,0.4013,0,52000.0,2,suburban,fulltime,0,1,1,500.0
Female,27,under_55,GroupB,20400.0,11.7,5.8,397.0,0.4429,1,7700.0,13,urban,fulltime,0,0,0,443.0
Male,35,under_55,GroupB,35200.0,11.9,20.2,721.0,0.2429,0,29500.0,0,urban,fulltime,1,1,1,675.0
Male,34,under_55,GroupB,36200.0,12.9,20.8,697.0,0.2388,0,7800.0,1,suburban,fulltime,0,1,1,666.0
Female,32,under_55,GroupA,27100.0,13.3,9.4,300.0,0.7643,2,16600.0,10,urban,fulltime,0,0,0,340.0
Male,44,under_55,GroupB,17700.0,15.7,22.1,300.0,0.6034,3,9600.0,13,urban,selfemployed,1,0,0,300.0
Male,50,under_55,GroupB,18700.0,16.1,28.6,305.0,0.6956,1,11000.0,2,urban,fulltime,0,0,0,358.0
Male,48,under_55,GroupB,46400.0,12.3,33.0,572.0,0.2498,1,23000.0,3,rural,fulltime,1,1,1,644.0
Female,44,under_55,GroupA,12900.0,12.6,27.7,489.0,0.182,1,17400.0,13,urban,fulltime,0,0,0,511.0
Female,62,55_plus,GroupB,12400.0,11.1,45.0,448.0,0.4444,1,9900.0,11,urban,parttime,0,0,0,440.0
Male,36,under_55,GroupC,30800.0,10.9,19.7,595.0,0.125,0,22600.0,0,urban,fulltime,0,1,1,630.0
Female,47,under_55,GroupA,25000.0,14.7,27.8,405.0,0.541,2,7400.0,9,urban,selfemployed,1,0,0,430.0
Male,64,55_plus,GroupB,22100.0,10.0,45.0,524.0,0.3541,0,18200.0,1,urban,parttime,0,1,1,535.0
Female,46,under_55,GroupA,31800.0,15.4,30.0,643.0,0.3664,0,42100.0,16,rural,fulltime,0,1,1,598.0
Female,37,under_55,GroupA,20800.0,8.7,21.0,448.0,0.3419,2,14200.0,10,suburban,fulltime,1,0,0,447.0
Female,46,under_55,GroupA,22000.0,13.7,22.5,595.0,0.2624,0,15900.0,8,suburban,parttime,0,1,1,594.0
Female,47,under_55,GroupC,17300.0,15.8,23.2,463.0,0.1617,3,20300.0,2,urban,parttime,0,0,0,422.0
Female,32,under_55,GroupB,28200.0,10.9,11.0,617.0,0.397,0,12100.0,11,suburban,fulltime,0,0,1,591.0
Female,18,under_55,GroupA,34300.0,12.5,0.4,300.0,0.6348,3,35700.0,9,suburban,fulltime,0,0,0,300.0
Female,57,55_plus,GroupA,16600.0,16.5,37.7,443.0,0.7105,0,8300.0,1,rural,fulltime,0,0,0,428.0
Male,59,55_plus,GroupA,72600.0,16.6,33.2,659.0,0.3611,0,81800.0,3,rural,fulltime,0,1,1,677.0
Male,34,under_55,GroupC,36900.0,16.5,6.7,560.0,0.4258,0,37100.0,2,urban,fulltime,0,0,0,542.0
Male,26,under_55,GroupA,22200.0,11.9,5.9,465.0,0.3729,1,8000.0,1,urban,fulltime,0,1,1,468.0
Female,42,under_55,GroupC,15700.0,11.0,22.7,680.0,0.111,0,8700.0,2,urban,selfemployed,0,1,1,611.0
Male,60,55_plus,GroupA,36400.0,15.9,38.6,532.0,0.4143,1,10700.0,5,suburban,selfemployed,0,1,1,542.0
Male,37,under_55,GroupA,21500.0,13.9,15.2,441.0,0.4301,2,10100.0,0,rural,fulltime,0,0,0,451.0
Female,36,under_55,GroupC,27600.0,17.7,15.8,651.0,0.3578,0,10900.0,14,rural,parttime,1,0,1,604.0
Male,38,under_55,GroupA,61300.0,15.7,14.5,624.0,0.5199,0,100400.0,0,urban,fulltime,0,1,1,630.0
Male,40,under_55,GroupB,41600.0,18.4,18.1,650.0,0.3557,0,30000.0,2,urban,fulltime,0,1,1,648.0
Male,53,under_55,GroupA,32900.0,11.5,34.6,604.0,0.2822,0,28500.0,4,suburban,fulltime,0,1,1,618.0
Female,50,under_55,GroupB,23000.0,10.1,36.4,447.0,0.5293,1,19600.0,2,suburban,fulltime,0,0,0,513.0
Female,36,under_55,GroupA,22600.0,15.3,11.1,580.0,0.2889,1,8100.0,12,urban,parttime,0,1,1,534.0
Female,45,under_55,GroupC,22100.0,10.5,30.3,437.0,0.3146,1,17100.0,13,rural,selfemployed,0,0,0,519.0
Female,42,under_55,GroupC,19900.0,14.9,22.8,445.0,0.5396,1,10600.0,14,urban,parttime,0,0,1,435.0
Male,22,under_55,GroupA,38000.0,14.0,0.0,516.0,0.1615,0,18200.0,19,suburban,fulltime,0,1,1,520.0
Male,69,55_plus,GroupA,27600.0,14.5,44.9,722.0,0.1147,0,28400.0,1,rural,fulltime,0,1,1,712.0
Female,45,under_55,GroupB,22500.0,11.2,29.7,459.0,0.2591,2,20600.0,0,rural,fulltime,0,0,0,522.0
Female,30,under_55,GroupA,19300.0,14.0,8.6,566.0,0.3833,0,9200.0,15,suburban,fulltime,0,0,0,571.0
Male,51,under_55,GroupC,35600.0,13.4,33.2,595.0,0.4441,0,18800.0,1,urban,fulltime,0,1,1,610.0
Male,50,under_55,GroupB,11800.0,9.5,35.5,401.0,0.2651,3,10800.0,2,urban,fulltime,0,0,0,389.0
Male,44,under_55,GroupB,39900.0,15.4,18.5,375.0,0.8777,1,25700.0,2,urban,fulltime,0,0,0,396.0
Female,51,under_55,GroupB,24800.0,12.7,32.6,606.0,0.1691,0,6000.0,10,suburban,fulltime,0,1,1,648.0
Male,18,under_55,GroupA,23800.0,13.0,3.3,585.0,0.1147,0,8300.0,1,urban,fulltime,1,1,1,582.0
Male,46,under_55,GroupA,29500.0,15.5,21.2,470.0,0.722,0,19300.0,2,suburban,fulltime,0,1,1,472.0
Female,45,under_55,GroupA,30400.0,13.8,23.3,504.0,0.3994,1,24800.0,12,suburban,parttime,0,1,1,520.0
Female,34,under_55,GroupA,39800.0,16.8,14.0,587.0,0.3938,2,9000.0,12,suburban,fulltime,0,0,0,526.0
Male,18,under_55,GroupC,43300.0,18.5,0.0,567.0,0.3505,0,56400.0,1,urban,fulltime,0,0,0,512.0
Male,58,55_plus,GroupB,41300.0,14.0,35.2,495.0,0.5611,1,15400.0,9,urban,fulltime,0,1,1,517.0
Male,36,under_55,GroupC,22000.0,9.3,21.4,619.0,0.4191,1,17700.0,1,rural,fulltime,0,0,0,521.0
Male,51,under_55,GroupB,12800.0,10.0,33.7,389.0,0.557,1,9000.0,1,suburban,fulltime,1,0,0,319.0
Female,39,under_55,GroupA,20300.0,12.5,24.0,453.0,0.2057,2,7000.0,12,suburban,selfemployed,0,0,0,511.0
Female,43,under_55,GroupB,20300.0,14.3,25.1,483.0,0.4737,1,9400.0,16,rural,selfemployed,0,0,0,464.0
Male,68,55_plus,GroupB,43000.0,20.6,36.3,590.0,0.41,1,45100.0,12,urban,selfemployed,0,1,1,550.0
Male,66,55_plus,GroupA,19300.0,13.5,44.9,561.0,0.3213,0,9800.0,17,suburban,parttime,0,1,1,551.0
Male,57,55_plus,GroupA,42600.0,13.5,36.0,704.0,0.1344,0,23200.0,2,suburban,fulltime,0,1,1,720.0
Male,55,55_plus,GroupA,27200.0,11.9,37.0,474.0,0.5536,0,5800.0,1,urban,fulltime,0,0,0,479.0
Male,63,55_plus,GroupA,41500.0,16.7,41.0,413.0,0.7442,2,28100.0,1,suburban,parttime,0,1,1,406.0
Male,47,under_55,GroupA,29600.0,15.5,21.7,477.0,0.6377,1,12800.0,0,urban,fulltime,0,0,0,487.0
Female,55,55_plus,GroupB,15600.0,12.6,38.3,596.0,0.3606,0,6700.0,15,rural,parttime,0,1,1,535.0
Male,29,under_55,GroupA,105000.0,17.3,5.0,638.0,0.4216,0,83600.0,4,suburban,fulltime,0,1,1,638.0
Female,58,55_plus,GroupA,18700.0,10.9,40.6,380.0,0.5677,1,25100.0,2,urban,parttime,0,1,1,426.0
Male,45,under_55,GroupB,23900.0,12.1,23.3,511.0,0.338,1,11200.0,1,suburban,fulltime,0,0,0,518.0
Male,47,under_55,GroupA,43300.0,12.8,29.6,549.0,0.6819,0,37600.0,5,suburban,fulltime,0,1,1,537.0
Male,45,under_55,GroupA,61800.0,17.4,20.7,672.0,0.2953,0,36100.0,1,rural,fulltime,0,1,1,680.0
Male,31,under_55,GroupA,22700.0,14.0,9.0,655.0,0.1995,0,18200.0,1,urban,parttime,0,0,0,632.0
Female,37,under_55,GroupA,24100.0,18.4,6.3,491.0,0.3517,0,35900.0,2,urban,fulltime,0,0,0,493.0
Female,36,under_55,GroupC,30500.0,13.2,22.5,553.0,0.4502,0,6900.0,12,urban,fulltime,0,1,1,549.0
Male,32,under_55,GroupA,26000.0,13.1,7.9,582.0,0.2927,0,13600.0,3,suburban,fulltime,0,1,1,596.0
Female,25,under_55,GroupA,25900.0,17.4,4.1,377.0,0.269,2,7600.0,12,suburban,selfemployed,0,0,0,425.0
Female,22,under_55,GroupA,13200.0,10.0,6.3,500.0,0.278,0,13200.0,2,suburban,fulltime,0,0,0,488.0
Male,45,under_55,GroupA,42700.0,16.8,24.9,648.0,0.4922,0,28500.0,0,suburban,parttime,0,0,0,628.0
Female,34,under_55,GroupB,28500.0,18.1,12.6,506.0,0.2598,1,16200.0,12,rural,parttime,1,0,1,547.0
Female,53,under_55,GroupC,46300.0,15.8,30.4,655.0,0.3204,0,24900.0,0,suburban,fulltime,0,1,1,689.0
Male,51,under_55,GroupA,54100.0,14.9,32.3,724.0,0.1331,0,39900.0,2,urban,fulltime,1,1,1,754.0
Female,31,under_55,GroupA,32100.0,13.2,11.8,609.0,0.3301,0,36100.0,13,urban,fulltime,0,0,1,591.0
Female,64,55_plus,GroupA,38200.0,18.1,40.5,678.0,0.3231,0,19900.0,13,suburban,fulltime,1,1,1,666.0
Male,31,under_55,GroupA,30200.0,12.5,11.8,611.0,0.3949,0,14100.0,1,urban,fulltime,0,1,1,596.0
Female,44,under_55,GroupB,21300.0,12.8,29.3,654.0,0.1266,0,6000.0,14,suburban,parttime,0,0,1,632.0
Male,43,under_55,GroupB,42700.0,15.2,23.2,499.0,0.4442,0,22500.0,1,rural,selfemployed,0,1,1,575.0
Male,18,under_55,GroupA,40100.0,9.7,2.2,623.0,0.0883,0,13900.0,1,urban,fulltime,0,0,0,612.0
Male,43,under_55,GroupA,44200.0,13.1,23.0,595.0,0.3781,0,27400.0,16,urban,fulltime,0,1,1,602.0
Female,40,under_55,GroupA,29100.0,10.7,23.1,562.0,0.3314,0,17900.0,12,suburban,parttime,0,1,1,596.0
Male,52,under_55,GroupA,37700.0,14.0,29.8,667.0,0.2849,0,10900.0,2,suburban,fulltime,0,0,0,649.0
Female,18,under_55,GroupB,20400.0,11.6,3.9,300.0,0.8058,2,14400.0,14,urban,fulltime,0,0,0,300.0
Male,63,55_plus,GroupB,29700.0,12.1,41.7,554.0,0.3713,1,16900.0,1,urban,fulltime,0,0,0,552.0
Male,37,under_55,GroupC,32700.0,16.9,16.7,688.0,0.163,0,13200.0,0,urban,selfemployed,0,0,1,649.0
Male,54,under_55,GroupA,19600.0,14.1,34.3,589.0,0.0764,1,18200.0,0,rural,fulltime,0,0,0,573.0
Male,53,under_55,GroupB,26700.0,14.0,26.8,590.0,0.2432,0,30100.0,5,urban,fulltime,0,1,1,638.0
Male,40,under_55,GroupA,33500.0,13.7,15.0,606.0,0.2806,1,34400.0,2,urban,fulltime,1,0,0,609.0
Female,45,under_55,GroupB,27700.0,13.6,26.7,639.0,0.1952,0,10400.0,0,suburban,parttime,0,1,1,666.0
Female,44,under_55,GroupB,44100.0,17.2,22.0,602.0,0.4918,0,17800.0,5,suburban,fulltime,0,1,1,613.0
Male,66,55_plus,GroupC,22800.0,13.3,45.0,536.0,0.3137,1,27900.0,22,rural,fulltime,1,1,1,524.0
Male,33,under_55,GroupA,32700.0,14.1,15.1,656.0,0.1993,0,15800.0,1,urban,parttime,0,1,1,658.0
Male,43,under_55,GroupA,31200.0,15.7,18.7,468.0,0.9118,0,9000.0,11,rural,parttime,0,1,1,473.0
Female,30,under_55,GroupA,19300.0,13.3,16.7,356.0,0.5318,2,5600.0,10,rural,fulltime,0,0,0,375.0
Female,33,under_55,GroupA,32200.0,13.9,13.3,429.0,0.5563,2,17800.0,0,urban,fulltime,1,0,0,393.0
Male,54,under_55,GroupA,12500.0,11.5,37.4,547.0,0.1101,1,5400.0,2,rural,fulltime,0,1,1,544.0
Male,29,under_55,GroupA,18700.0,11.2,16.1,586.0,0.1924,0,8100.0,3,suburban,selfemployed,0,1,1,601.0
Female,59,55_plus,GroupA,16100.0,13.1,38.4,519.0,0.328,0,7600.0,17,suburban,fulltime,0,1,1,480.0
Female,73,55_plus,GroupC,23500.0,15.1,45.0,594.0,0.3596,0,13000.0,2,urban,fulltime,0,0,1,566.0
Female,35,under_55,GroupA,20000.0,12.2,15.3,511.0,0.2469,1,13900.0,1,suburban,fulltime,0,0,0,505.0
Female,43,under_55,GroupB,36900.0,17.4,19.5,556.0,0.3812,0,18900.0,17,urban,fulltime,0,0,0,595.0
Female,20,under_55,GroupA,18700.0,10.8,4.6,447.0,0.2843,1,21900.0,13,suburban,parttime,0,0,0,475.0
Female,56,55_plus,GroupA,39300.0,15.8,29.9,391.0,0.8017,1,24100.0,20,suburban,fulltime,0,0,0,408.0
Male,29,under_55,GroupA,44800.0,10.1,12.4,639.0,0.4406,0,21100.0,4,suburban,fulltime,0,1,1,627.0
Male,31,under_55,GroupA,26600.0,10.7,5.0,358.0,0.4554,2,15100.0,0,rural,fulltime,0,0,0,368.0
Female,50,under_55,GroupA,22900.0,9.9,31.8,491.0,0.3527,1,16200.0,13,rural,fulltime,0,0,0,530.0
Male,38,under_55,GroupA,40900.0,15.2,21.7,496.0,0.5696,1,20400.0,0,urban,fulltime,0,0,0,528.0
Female,41,under_55,GroupA,29100.0,13.5,21.5,553.0,0.3033,1,30700.0,14,suburban,fulltime,0,0,0,537.0
Female,58,55_plus,GroupA,37500.0,15.2,35.5,640.0,0.2715,1,15100.0,17,suburban,parttime,0,1,1,635.0
Female,44,under_55,GroupA,33000.0,13.9,25.0,630.0,0.3465,1,21100.0,0,suburban,fulltime,0,1,1,641.0
Female,63,55_plus,GroupB,32800.0,12.2,45.0,510.0,0.5356,1,18300.0,13,urban,selfemployed,0,0,0,499.0
Male,44,under_55,GroupC,42500.0,13.4,26.0,667.0,0.2995,0,40600.0,0,urban,fulltime,0,1,1,668.0
Male,51,under_55,GroupB,38400.0,14.7,28.1,524.0,0.2258,2,21000.0,1,urban,fulltime,1,0,0,546.0
Male,54,under_55,GroupB,47200.0,10.5,36.3,653.0,0.2304,1,48800.0,3,urban,fulltime,0,0,1,612.0
Female,71,55_plus,GroupB,26600.0,13.8,45.0,587.0,0.305,1,8500.0,1,urban,fulltime,1,0,0,539.0
Male,43,under_55,GroupA,23000.0,11.7,27.0,417.0,0.5026,2,7000.0,2,urban,parttime,1,0,0,419.0
Male,26,under_55,GroupA,17600.0,15.0,3.5,300.0,0.7358,2,12600.0,3,suburban,fulltime,0,0,0,300.0
Female,35,under_55,GroupC,28600.0,17.4,13.7,350.0,0.6207,1,40900.0,10,rural,fulltime,0,0,0,422.0
Male,37,under_55,GroupA,23400.0,13.0,13.6,686.0,0.1066,0,9200.0,0,suburban,fulltime,1,1,1,684.0
Male,55,55_plus,GroupC,69000.0,16.7,30.8,754.0,0.0773,0,32500.0,1,suburban,fulltime,1,1,1,757.0
Male,47,under_55,GroupA,29900.0,9.8,28.4,569.0,0.3039,1,21700.0,1,urban,fulltime,0,1,1,553.0
Male,57,55_plus,GroupA,32300.0,14.9,43.5,608.0,0.3352,0,33300.0,2,urban,fulltime,0,1,1,615.0
Male,33,under_55,GroupC,53600.0,17.4,13.0,604.0,0.4192,1,20000.0,1,rural,selfemployed,0,1,1,576.0
Female,24,under_55,GroupA,24800.0,13.4,0.0,382.0,0.5905,0,11800.0,10,rural,fulltime,0,0,0,385.0
Female,46,under_55,GroupC,24200.0,16.3,23.0,476.0,0.5242,1,33000.0,12,rural,parttime,0,0,1,482.0
Male,41,under_55,GroupA,21900.0,12.8,23.6,542.0,0.2764,1,15100.0,7,urban,fulltime,0,0,0,535.0
Female,50,under_55,GroupA,31600.0,15.9,29.2,641.0,0.2806,0,5700.0,12,suburban,fulltime,0,0,1,644.0
Male,43,under_55,GroupA,17800.0,14.8,17.7,573.0,0.2152,0,11000.0,0,rural,selfemployed,0,1,1,600.0
Female,42,under_55,GroupC,32400.0,10.9,20.2,596.0,0.4112,0,26900.0,6,urban,fulltime,0,1,1,591.0
Female,35,under_55,GroupB,23600.0,12.6,19.8,501.0,0.429,1,16500.0,9,urban,fulltime,1,0,0,490.0
Male,60,55_plus,GroupA,28400.0,16.7,35.2,592.0,0.3212,0,24800.0,1,rural,fulltime,0,0,0,598.0
Female,22,under_55,GroupB,16600.0,12.2,7.6,527.0,0.3927,0,5400.0,9,suburban,parttime,0,0,0,523.0
Male,37,under_55,GroupC,55500.0,14.9,19.4,697.0,0.3642,0,55000.0,1,urban,fulltime,0,0,1,632.0
Male,37,under_55,GroupA,20700.0,8.0,24.8,562.0,0.3003,1,13300.0,0,urban,fulltime,0,0,0,545.0
Male,21,under_55,GroupA,21500.0,11.6,5.1,536.0,0.1814,0,12200.0,1,suburban,fulltime,0,1,1,538.0
Female,29,under_55,GroupA,40700.0,16.1,8.6,552.0,0.5028,0,18300.0,8,urban,fulltime,0,1,1,587.0
Male,57,55_plus,GroupC,26700.0,11.2,37.0,357.0,0.648,2,14000.0,0,urban,fulltime,0,0,0,380.0
Female,34,under_55,GroupC,24200.0,8.0,17.4,518.0,0.4518,0,23900.0,6,urban,fulltime,0,1,1,537.0
Female,57,55_plus,GroupC,28500.0,15.1,33.7,667.0,0.3606,0,20200.0,15,urban,parttime,1,1,1,576.0
Male,59,55_plus,GroupC,23200.0,12.3,42.0,616.0,0.271,0,13700.0,1,urban,fulltime,0,1,1,610.0
Male,41,under_55,GroupA,27300.0,15.1,16.4,628.0,0.2734,0,8500.0,16,suburban,fulltime,1,1,1,622.0
Male,36,under_55,GroupA,38800.0,15.2,15.5,652.0,0.327,0,26500.0,2,suburban,fulltime,0,1,1,649.0
Female,53,under_55,GroupC,23400.0,12.5,33.3,664.0,0.3645,0,19300.0,6,urban,parttime,0,0,0,571.0
Male,47,under_55,GroupA,44100.0,13.6,26.4,578.0,0.3834,1,30100.0,3,rural,fulltime,0,1,1,579.0
Female,56,55_plus,GroupA,29900.0,14.4,42.8,603.0,0.3816,0,35200.0,3,suburban,parttime,1,1,1,575.0
Male,29,under_55,GroupA,35000.0,14.6,12.5,583.0,0.3633,0,13200.0,1,suburban,fulltime,1,0,0,600.0
Female,42,under_55,GroupA,18800.0,16.2,24.5,550.0,0.3285,0,7500.0,8,rural,fulltime,1,1,1,545.0
Female,46,under_55,GroupA,18300.0,13.8,28.5,399.0,0.3412,1,6500.0,10,suburban,parttime,0,0,0,466.0
Male,32,under_55,GroupA,28400.0,16.0,9.6,656.0,0.16,0,23800.0,2,suburban,fulltime,0,1,1,647.0
Male,37,under_55,GroupA,18300.0,14.7,12.3,518.0,0.217,1,5000.0,0,suburban,fulltime,0,1,1,517.0
Female,44,under_55,GroupB,19400.0,12.3,31.4,360.0,0.4795,1,14100.0,11,urban,parttime,0,0,0,418.0
Male,28,under_55,GroupA,19100.0,12.7,9.3,554.0,0.2507,0,17200.0,2,suburban,fulltime,0,1,1,569.0
Male,70,55_plus,GroupA,13700.0,14.7,45.0,466.0,0.3907,1,5800.0,2,urban,fulltime,0,0,0,448.0
Male,67,55_plus,GroupA,29700.0,10.8,45.0,609.0,0.3691,0,11000.0,2,suburban,fulltime,0,0,1,603.0
Male,38,under_55,GroupB,33300.0,10.2,20.0,676.0,0.1942,0,21100.0,1,urban,selfemployed,0,1,1,695.0
Female,47,under_55,GroupA,24400.0,14.1,27.2,399.0,0.7393,1,35400.0,16,suburban,parttime,0,0,0,405.0
Male,42,under_55,GroupA,21000.0,17.9,17.4,650.0,0.1445,0,28300.0,2,urban,fulltime,0,1,1,664.0
Male,23,under_55,GroupA,28300.0,13.3,3.8,455.0,0.2761,2,12800.0,4,urban,fulltime,0,0,0,465.0
Female,47,under_55,GroupA,24400.0,17.6,22.7,300.0,0.756,1,25100.0,8,suburban,parttime,0,0,0,347.0
Female,34,under_55,GroupC,36000.0,11.9,16.9,517.0,0.4663,2,13400.0,11,urban,selfemployed,1,0,1,477.0
Female,43,under_55,GroupA,62200.0,15.8,24.7,667.0,0.3738,1,24100.0,7,rural,selfemployed,0,0,0,658.0
Female,40,under_55,GroupC,18800.0,12.3,21.7,629.0,0.4574,0,9100.0,14,urban,fulltime,0,0,0,551.0
Male,41,under_55,GroupA,40600.0,19.2,17.3,562.0,0.6052,0,27900.0,3,suburban,fulltime,0,1,1,595.0
Male,36,under_55,GroupA,29500.0,14.5,15.6,647.0,0.1525,0,18000.0,2,urban,parttime,0,1,1,668.0
Male,42,under_55,GroupA,24600.0,12.0,21.6,622.0,0.3092,0,19600.0,19,urban,fulltime,0,0,0,617.0
Female,42,under_55,GroupA,29200.0,18.4,14.7,547.0,0.2505,0,10000.0,24,urban,parttime,1,0,1,584.0
Female,41,under_55,GroupA,28800.0,14.3,24.0,580.0,0.3925,0,10400.0,13,suburban,fulltime,1,1,1,553.0
Male,42,under_55,GroupA,40900.0,9.5,22.4,418.0,0.565,2,46300.0,2,rural,selfemployed,0,0,0,428.0
Female,51,under_55,GroupA,19600.0,14.5,31.3,490.0,0.3744,2,12700.0,11,rural,parttime,0,0,0,451.0
Female,50,under_55,GroupA,19700.0,8.1,33.8,462.0,0.2416,2,16800.0,11,suburban,fulltime,0,0,0,463.0
Female,64,55_plus,GroupA,20200.0,16.3,36.5,539.0,0.1816,1,8200.0,13,suburban,parttime,0,1,1,545.0
Male,38,under_55,GroupB,28100.0,13.5,16.8,496.0,0.6728,0,13200.0,4,urban,fulltime,0,0,0,505.0
Male,42,under_55,GroupB,22300.0,9.2,25.5,502.0,0.5968,0,11000.0,4,urban,fulltime,1,0,0,512.0
Male,55,55_plus,GroupA,19100.0,15.4,33.8,589.0,0.2961,0,13400.0,2,suburban,fulltime,0,1,1,604.0
Male,68,55_plus,GroupA,87100.0,16.8,45.0,680.0,0.5587,0,43100.0,1,suburban,fulltime,1,1,1,685.0
Female,35,under_55,GroupA,16300.0,13.7,9.4,431.0,0.3534,2,5000.0,9,suburban,parttime,0,0,0,411.0
Female,31,under_55,GroupA,28600.0,10.1,10.6,481.0,0.7725,0,15500.0,3,suburban,fulltime,0,0,0,484.0
Male,45,under_55,GroupA,19600.0,13.7,28.8,547.0,0.3887,0,14900.0,0,rural,fulltime,0,0,0,537.0
Female,65,55_plus,GroupB,30800.0,16.8,43.1,525.0,0.4959,1,11600.0,12,suburban,fulltime,0,0,0,510.0
Male,29,under_55,GroupB,51700.0,14.6,13.9,792.0,0.0714,0,23900.0,2,urban,fulltime,1,1,1,780.0
Female,45,under_55,GroupC,23100.0,11.2,24.9,488.0,0.3671,0,7700.0,11,urban,parttime,1,1,1,581.0
Female,41,under_55,GroupA,18800.0,9.5,25.0,300.0,0.3065,3,13200.0,9,suburban,fulltime,0,0,0,336.0
Female,36,under_55,GroupC,19400.0,12.8,18.3,562.0,0.4809,0,21400.0,0,urban,fulltime,0,0,0,516.0
Male,48,under_55,GroupA,33000.0,12.7,29.0,576.0,0.4591,0,14400.0,8,urban,fulltime,0,0,0,573.0
Male,47,under_55,GroupA,36800.0,14.8,27.0,605.0,0.5244,0,29400.0,1,rural,fulltime,0,1,1,600.0
Male,36,under_55,GroupA,46000.0,11.6,19.8,601.0,0.4531,0,14500.0,0,suburban,fulltime,0,1,1,593.0
Female,55,55_plus,GroupA,30300.0,15.2,31.9,462.0,0.4521,2,16300.0,6,suburban,fulltime,0,0,0,433.0
Male,53,under_55,GroupA,50900.0,16.6,30.9,591.0,0.5824,0,39900.0,2,rural,fulltime,1,1,1,607.0
Male,44,under_55,GroupB,35900.0,14.1,23.0,668.0,0.1937,0,26500.0,2,urban,selfemployed,0,1,1,660.0
Female,59,55_plus,GroupA,47500.0,15.9,34.2,778.0,0.0636,0,17700.0,11,urban,fulltime,0,1,1,770.0
Female,18,under_55,GroupA,25200.0,15.2,0.0,435.0,0.3629,0,13200.0,1,suburban,parttime,0,0,0,478.0
Female,31,under_55,GroupA,12400.0,13.3,15.9,307.0,0.853,2,8800.0,10,urban,parttime,0,0,0,300.0
Male,72,55_plus,GroupA,36800.0,15.4,45.0,532.0,0.6166,0,20900.0,1,suburban,selfemployed,0,1,1,523.0
Male,28,under_55,GroupC,44900.0,17.7,6.9,608.0,0.492,0,20700.0,0,suburban,fulltime,0,1,1,586.0
Female,48,under_55,GroupA,38200.0,11.4,26.5,501.0,0.3751,2,7000.0,16,urban,fulltime,0,0,0,504.0
Female,35,under_55,GroupA,30200.0,14.4,11.4,553.0,0.4764,0,30800.0,10,suburban,parttime,0,0,0,548.0
Female,31,under_55,GroupB,13400.0,13.2,13.5,429.0,0.33,1,9300.0,10,urban,parttime,0,1,1,462.0
Male,48,under_55,GroupA,25900.0,12.9,30.4,670.0,0.1546,0,13400.0,2,rural,fulltime,0,1,1,668.0
Male,43,under_55,GroupA,11900.0,8.7,26.8,423.0,0.5439,0,7800.0,0,rural,fulltime,1,0,0,429.0
Female,33,under_55,GroupC,25500.0,16.2,12.5,369.0,0.5508,5,40700.0,1,rural,parttime,0,0,0,300.0
Male,44,under_55,GroupB,28800.0,16.1,25.7,655.0,0.3791,0,8200.0,2,suburban,selfemployed,0,1,1,617.0
Male,28,under_55,GroupA,37300.0,11.2,13.4,651.0,0.2518,0,9400.0,1,rural,fulltime,0,1,1,664.0
Male,46,under_55,GroupC,27700.0,10.8,28.1,540.0,0.2791,2,10100.0,4,rural,selfemployed,0,1,1,538.0
Male,52,under_55,GroupC,16500.0,12.9,34.5,585.0,0.2119,0,7400.0,1,urban,fulltime,1,0,1,580.0
Male,39,under_55,GroupB,46200.0,10.3,20.0,626.0,0.1536,1,40000.0,1,urban,fulltime,0,1,1,638.0
Male,43,under_55,GroupA,30100.0,17.3,18.5,603.0,0.1828,0,23400.0,2,urban,fulltime,0,1,1,603.0
Female,59,55_plus,GroupA,37300.0,16.8,36.2,434.0,0.8028,2,32800.0,12,suburban,fulltime,0,0,0,408.0
Female,42,under_55,GroupA,23900.0,10.7,32.0,423.0,0.5582,1,26700.0,13,urban,parttime,0,0,0,420.0
Female,32,under_55,GroupA,22600.0,14.7,12.0,528.0,0.4192,1,13800.0,10,rural,fulltime,0,0,0,520.0
Male,38,under_55,GroupB,43400.0,14.6,20.2,725.0,0.1571,0,15400.0,2,suburban,selfemployed,0,1,1,698.0
Female,18,under_55,GroupC,27800.0,12.9,0.0,371.0,0.4842,1,25100.0,10,urban,fulltime,0,0,0,415.0
Male,32,under_55,GroupA,36900.0,13.6,10.6,318.0,0.7218,3,32600.0,1,suburban,selfemployed,0,0,0,342.0
Female,50,under_55,GroupB,31200.0,14.8,30.4,552.0,0.2591,1,18300.0,9,urban,fulltime,0,0,0,588.0
Male,48,under_55,GroupA,38500.0,21.2,21.3,525.0,0.5506,1,20600.0,2,suburban,parttime,1,0,0,522.0
Male,28,under_55,GroupB,27700.0,15.9,4.4,556.0,0.1543,0,16000.0,2,urban,selfemployed,0,1,1,580.0
Female,38,under_55,GroupA,53600.0,13.5,13.8,779.0,0.0988,0,20200.0,10,urban,fulltime,0,1,1,751.0
Female,42,under_55,GroupA,27200.0,14.8,23.2,506.0,0.6033,0,13700.0,5,rural,selfemployed,0,1,1,490.0
Male,30,under_55,GroupA,41500.0,16.3,5.1,692.0,0.183,0,23900.0,21,urban,fulltime,0,0,0,678.0
Male,47,under_55,GroupC,25300.0,11.5,34.7,644.0,0.1321,0,11100.0,1,suburban,fulltime,0,1,1,658.0
Female,75,55_plus,GroupA,12200.0,14.9,45.0,423.0,0.5779,0,7200.0,7,rural,fulltime,0,0,0,446.0
Female,45,under_55,GroupA,24400.0,12.4,26.5,545.0,0.5354,0,11300.0,0,rural,fulltime,0,1,1,502.0
Male,20,under_55,GroupB,18500.0,14.1,0.6,300.0,0.7591,3,11900.0,1,urban,fulltime,0,0,0,300.0
Male,26,under_55,GroupB,31200.0,15.4,5.9,499.0,0.3678,0,21800.0,2,urban,selfemployed,0,1,1,505.0
Female,18,under_55,GroupA,14900.0,13.7,1.2,300.0,0.5694,2,8000.0,20,urban,selfemployed,0,0,0,300.0
Male,44,under_55,GroupA,28000.0,13.5,21.5,469.0,0.5417,1,23600.0,14,urban,selfemployed,0,0,0,468.0
Female,18,under_55,GroupA,22800.0,14.7,0.0,404.0,0.4189,2,11400.0,18,suburban,selfemployed,0,0,0,385.0
Male,47,under_55,GroupA,36400.0,12.2,25.3,481.0,0.4847,1,37500.0,1,suburban,fulltime,0,1,1,471.0
Female,49,under_55,GroupC,32000.0,10.7,36.2,684.0,0.1328,0,18900.0,2,urban,fulltime,0,0,1,693.0
Female,54,under_55,GroupC,22500.0,18.1,34.5,573.0,0.341,0,18600.0,16,urban,selfemployed,0,0,1,573.0
Female,40,under_55,GroupB,22400.0,12.0,23.1,300.0,0.4795,4,9900.0,15,urban,parttime,0,0,0,326.0
Female,38,under_55,GroupA,32900.0,17.2,17.8,520.0,0.2582,1,30400.0,1,suburban,parttime,0,1,1,572.0
Male,24,under_55,GroupC,28500.0,17.6,1.5,493.0,0.3589,0,26100.0,2,urban,fulltime,0,0,0,526.0
Female,40,under_55,GroupA,23400.0,12.0,14.6,521.0,0.3705,1,8100.0,18,suburban,fulltime,0,0,0,519.0
Male,21,under_55,GroupB,23100.0,14.1,0.0,358.0,0.7706,0,21000.0,2,urban,parttime,1,0,0,340.0
Female,33,under_55,GroupA,29100.0,14.8,10.2,498.0,0.4835,1,8200.0,1,suburban,parttime,0,0,0,489.0
Male,56,55_plus,GroupA,36200.0,17.2,34.2,704.0,0.1299,0,30400.0,1,urban,fulltime,0,0,1,703.0
Female,29,under_55,GroupA,28200.0,13.3,13.4,667.0,0.1044,0,34100.0,8,suburban,selfemployed,0,1,1,654.0
Male,53,under_55,GroupA,50000.0,17.1,31.3,492.0,0.8574,0,43400.0,1,suburban,fulltime,0,0,0,484.0
Male,45,under_55,GroupA,47900.0,20.4,19.7,602.0,0.3553,1,46400.0,1,rural,fulltime,0,1,1,625.0
Male,65,55_plus,GroupA,56800.0,14.6,39.6,687.0,0.3349,0,33200.0,0,suburban,selfemployed,0,0,1,701.0
Male,33,under_55,GroupB,32800.0,13.1,16.0,669.0,0.1092,0,24600.0,0,urban,fulltime,0,1,1,688.0
Female,42,under_55,GroupC,17000.0,12.9,18.5,318.0,0.7383,1,8200.0,2,urban,fulltime,1,0,0,340.0
Female,33,under_55,GroupA,44800.0,14.3,11.3,658.0,0.1648,0,18200.0,0,suburban,fulltime,0,0,1,654.0
Female,42,under_55,GroupB,14500.0,13.8,18.8,440.0,0.4843,1,7200.0,8,suburban,fulltime,0,0,0,404.0
Male,36,under_55,GroupB,37200.0,15.1,17.6,479.0,0.6307,2,22500.0,1,suburban,fulltime,0,0,0,412.0
Male,54,under_55,GroupA,37000.0,11.3,39.0,596.0,0.3862,0,32600.0,2,suburban,selfemployed,0,0,0,594.0
Male,33,under_55,GroupA,23900.0,12.3,15.0,572.0,0.2235,1,24900.0,1,suburban,selfemployed,0,1,1,586.0
Female,38,under_55,GroupB,16800.0,11.9,19.8,348.0,0.4402,1,4300.0,15,urban,parttime,0,0,0,410.0
Female,28,under_55,GroupA,32200.0,11.0,9.3,390.0,0.7311,2,19200.0,0,suburban,fulltime,0,0,0,371.0
Male,44,under_55,GroupA,31000.0,17.9,17.7,672.0,0.211,0,10000.0,1,rural,selfemployed,0,1,1,681.0
Male,33,under_55,GroupA,57000.0,15.8,10.7,580.0,0.6398,0,18400.0,1,urban,fulltime,0,1,1,588.0
Male,43,under_55,GroupA,83500.0,14.1,20.7,756.0,0.2757,0,81900.0,1,urban,fulltime,1,1,1,731.0
Male,42,under_55,GroupB,27900.0,16.2,22.7,675.0,0.1384,0,22400.0,0,suburban,fulltime,1,0,0,639.0
Male,48,under_55,GroupA,28400.0,13.9,31.9,645.0,0.2186,0,19300.0,1,suburban,selfemployed,0,0,0,661.0
Male,37,under_55,GroupA,30800.0,16.6,14.3,640.0,0.2529,0,11500.0,2,rural,fulltime,0,1,1,638.0
Female,34,under_55,GroupA,23500.0,12.3,20.4,589.0,0.1253,1,9300.0,14,rural,fulltime,0,1,1,606.0
Female,38,under_55,GroupA,18200.0,10.2,19.3,558.0,0.1692,0,9700.0,2,suburban,fulltime,0,1,1,593.0
Male,42,under_55,GroupA,38900.0,20.3,15.2,573.0,0.4833,0,16600.0,10,suburban,fulltime,0,1,1,560.0
Male,52,under_55,GroupA,21600.0,15.7,32.3,563.0,0.2101,1,11100.0,3,rural,fulltime,0,0,0,551.0
Male,51,under_55,GroupC,38000.0,12.8,30.8,553.0,0.5444,1,24500.0,2,suburban,fulltime,1,0,0,561.0
Female,18,under_55,GroupB,21800.0,12.8,0.0,396.0,0.4112,0,20400.0,12,urban,fulltime,0,0,0,412.0
Male,60,55_plus,GroupB,47200.0,9.8,45.0,717.0,0.1798,1,27400.0,1,urban,fulltime,0,0,0,649.0
Male,58,55_plus,GroupC,16900.0,11.4,39.7,471.0,0.4189,0,7700.0,14,suburban,fulltime,1,0,0,506.0
Male,29,under_55,GroupC,18300.0,13.9,6.3,475.0,0.4263,0,18300.0,16,suburban,fulltime,0,0,0,475.0
Female,55,55_plus,GroupA,45300.0,20.7,31.9,647.0,0.3284,0,25400.0,13,suburban,parttime,0,1,1,642.0
Female,37,under_55,GroupA,23000.0,14.8,8.4,544.0,0.4399,0,12000.0,16,suburban,parttime,0,0,0,520.0
Male,35,under_55,GroupA,32000.0,20.0,7.2,409.0,0.7204,1,10100.0,1,suburban,fulltime,0,1,1,408.0
Male,51,under_55,GroupC,35700.0,15.2,29.1,558.0,0.6234,0,21100.0,2,urban,fulltime,0,0,0,552.0
Male,52,under_55,GroupC,22000.0,14.5,33.0,607.0,0.2474,0,12100.0,2,urban,fulltime,0,1,1,586.0
Male,27,under_55,GroupB,16000.0,13.9,5.9,467.0,0.224,0,8800.0,2,urban,fulltime,0,1,1,476.0
Female,72,55_plus,GroupA,24800.0,13.5,45.0,604.0,0.1664,1,7900.0,2,rural,fulltime,0,1,1,602.0
Male,62,55_plus,GroupA,28300.0,17.2,35.0,467.0,0.7051,0,17200.0,2,suburban,parttime,0,0,0,466.0
Female,56,55_plus,GroupA,26500.0,13.2,34.4,444.0,0.5202,2,17600.0,9,suburban,parttime,1,0,0,426.0
Female,18,under_55,GroupB,20200.0,15.8,0.0,453.0,0.283,1,7900.0,10,urban,parttime,0,0,0,435.0
Male,49,under_55,GroupA,21600.0,16.5,28.1,612.0,0.2136,0,16700.0,0,rural,fulltime,0,1,1,604.0
Male,41,under_55,GroupC,21400.0,12.0,22.0,579.0,0.1466,1,15400.0,1,urban,parttime,0,0,0,588.0
Male,37,under_55,GroupB,34800.0,12.9,16.7,616.0,0.1668,1,16000.0,2,suburban,parttime,0,1,1,617.0
Female,36,under_55,GroupA,24600.0,12.9,15.9,649.0,0.2309,0,13800.0,15,suburban,parttime,0,0,0,619.0
Female,36,under_55,GroupA,30000.0,10.1,17.3,651.0,0.2449,0,13600.0,10,urban,parttime,0,1,1,647.0
Female,21,under_55,GroupA,17800.0,19.2,0.0,320.0,0.3296,1,7800.0,11,urban,parttime,0,0,0,362.0
Female,45,under_55,GroupA,17700.0,12.0,23.8,392.0,0.4861,2,15300.0,1,suburban,fulltime,0,0,0,416.0
Male,51,under_55,GroupB,42700.0,14.5,31.1,510.0,0.6846,0,32800.0,3,suburban,fulltime,0,0,0,517.0
Male,53,under_55,GroupA,38700.0,13.7,31.2,752.0,0.0303,0,37000.0,1,suburban,selfemployed,1,1,1,759.0
Male,39,under_55,GroupB,51200.0,13.8,22.2,552.0,0.3385,1,27500.0,2,urban,fulltime,0,0,1,577.0
Male,49,under_55,GroupC,33400.0,13.5,31.6,500.0,0.5019,1,16900.0,1,rural,fulltime,0,0,0,533.0
Female,39,under_55,GroupA,25800.0,11.8,20.8,512.0,0.5885,0,14600.0,13,suburban,fulltime,1,0,0,517.0
Male,52,under_55,GroupB,38100.0,15.2,29.8,612.0,0.1597,1,14200.0,16,urban,fulltime,0,1,1,628.0
Male,42,under_55,GroupA,38900.0,14.3,20.0,620.0,0.4658,0,18100.0,2,rural,selfemployed,1,1,1,623.0
Female,39,under_55,GroupA,15700.0,15.6,17.5,426.0,0.4058,2,10500.0,0,rural,parttime,0,0,0,403.0
Male,34,under_55,GroupA,35700.0,13.4,18.3,658.0,0.1135,1,15400.0,3,urban,fulltime,0,1,1,641.0
Female,47,under_55,GroupA,15100.0,10.9,27.3,554.0,0.2568,0,12700.0,17,suburban,parttime,0,1,1,551.0
Female,46,under_55,GroupA,22600.0,14.7,26.4,542.0,0.2759,1,12100.0,13,urban,fulltime,0,0,0,519.0
Female,45,under_55,GroupB,16800.0,16.3,25.0,300.0,0.7782,2,7100.0,9,urban,parttime,0,0,0,300.0
Female,36,under_55,GroupA,34000.0,18.2,11.4,430.0,0.8722,1,10300.0,11,suburban,fulltime,0,0,0,389.0
Male,59,55_plus,GroupA,47000.0,14.8,40.0,733.0,0.1885,0,25800.0,0,urban,parttime,0,0,0,731.0
Male,53,under_55,GroupB,42400.0,16.4,31.3,617.0,0.175,0,14500.0,0,suburban,fulltime,0,1,1,685.0
Male,38,under_55,GroupA,79100.0,17.4,8.2,769.0,0.0337,0,38500.0,2,suburban,selfemployed,1,1,1,781.0
Male,54,under_55,GroupA,31300.0,12.7,34.5,658.0,0.2188,0,14700.0,0,suburban,selfemployed,0,1,1,664.0
Female,49,under_55,GroupA,19100.0,14.3,25.1,548.0,0.4278,0,9500.0,12,urban,fulltime,1,1,1,536.0
Male,52,under_55,GroupA,15000.0,8.5,34.6,442.0,0.4731,1,8100.0,1,urban,fulltime,0,0,0,455.0
Female,48,under_55,GroupA,27100.0,14.9,28.8,587.0,0.4233,0,14800.0,2,urban,fulltime,0,0,0,570.0
Male,59,55_plus,GroupB,24000.0,13.8,36.6,626.0,0.2175,0,11100.0,2,suburban,fulltime,0,1,1,665.0
Male,32,under_55,GroupB,43100.0,16.4,11.8,707.0,0.2252,1,11700.0,1,suburban,fulltime,0,1,1,648.0
Female,20,under_55,GroupA,20900.0,16.3,0.0,368.0,0.3771,1,18500.0,16,urban,fulltime,0,0,0,379.0
Male,50,under_55,GroupA,25300.0,11.7,34.3,509.0,0.3369,1,30200.0,1,suburban,fulltime,1,0,0,500.0
Male,44,under_55,GroupC,23600.0,17.1,19.3,450.0,0.3183,1,14800.0,2,rural,selfemployed,1,1,1,486.0
Female,40,under_55,GroupA,43600.0,15.9,20.6,681.0,0.3382,0,22000.0,14,suburban,fulltime,0,1,1,696.0
Male,51,under_55,GroupC,47500.0,13.6,32.9,501.0,0.639,0,24000.0,3,urban,fulltime,0,0,1,533.0
Female,38,under_55,GroupA,36100.0,15.0,21.1,556.0,0.3367,1,23900.0,12,suburban,fulltime,1,0,0,546.0
Male,52,under_55,GroupA,25200.0,14.3,36.0,548.0,0.1978,1,23800.0,1,suburban,fulltime,0,0,0,550.0
Male,34,under_55,GroupA,31600.0,9.5,15.6,679.0,0.1858,0,20200.0,0,rural,fulltime,0,1,1,689.0
Female,28,under_55,GroupA,28200.0,16.0,7.0,535.0,0.2915,0,9900.0,8,suburban,fulltime,0,1,1,546.0
Male,18,under_55,GroupA,27100.0,15.4,0.0,376.0,0.4699,2,11000.0,1,suburban,fulltime,0,0,0,405.0
Male,61,55_plus,GroupB,29600.0,14.9,40.7,678.0,0.1754,0,13700.0,2,urban,selfemployed,1,1,1,693.0
Female,23,under_55,GroupA,36000.0,10.3,7.2,611.0,0.0832,1,35800.0,0,suburban,selfemployed,0,1,1,611.0
Male,36,under_55,GroupA,23400.0,13.0,16.6,459.0,0.5373,0,11400.0,2,suburban,parttime,0,0,0,463.0
Male,20,under_55,GroupA,25100.0,13.1,4.5,527.0,0.264,0,9600.0,1,suburban,parttime,0,1,1,551.0
Female,35,under_55,GroupB,17400.0,11.5,18.2,515.0,0.3643,1,11600.0,1,urban,fulltime,1,0,0,453.0
Male,57,55_plus,GroupA,28900.0,13.4,40.6,546.0,0.4996,0,19100.0,1,urban,fulltime,0,1,1,550.0
Female,49,under_55,GroupB,30300.0,11.6,36.4,517.0,0.4332,0,11600.0,0,urban,fulltime,0,0,0,598.0
Male,44,under_55,GroupB,32000.0,11.9,25.6,680.0,0.1248,0,10800.0,14,urban,selfemployed,0,1,1,674.0
Female,39,under_55,GroupB,16100.0,14.2,15.7,582.0,0.1228,1,17200.0,10,suburban,parttime,0,0,0,561.0
Male,24,under_55,GroupA,15700.0,12.8,0.0,300.0,0.4028,3,7300.0,6,urban,fulltime,1,0,0,300.0
Female,53,under_55,GroupA,22600.0,14.9,31.5,565.0,0.1831,1,16000.0,0,rural,fulltime,0,0,0,569.0
Male,55,55_plus,GroupA,27500.0,16.1,30.8,536.0,0.5437,0,12900.0,0,urban,fulltime,0,1,1,552.0
Male,49,under_55,GroupB,15000.0,14.3,23.7,482.0,0.4373,0,3100.0,15,urban,fulltime,0,0,0,522.0
Male,47,under_55,GroupB,29300.0,13.2,21.7,627.0,0.1646,0,16900.0,3,urban,fulltime,0,1,1,677.0
Male,46,under_55,GroupB,37500.0,18.6,16.7,428.0,0.4713,2,16000.0,2,urban,fulltime,1,1,1,471.0
Male,41,under_55,GroupB,22500.0,8.2,29.3,466.0,0.2941,1,12000.0,4,urban,fulltime,0,0,0,565.0
Female,34,under_55,GroupC,23100.0,12.0,17.7,603.0,0.2342,0,6000.0,18,urban,selfemployed,0,1,1,603.0
Male,49,under_55,GroupB,34200.0,12.8,35.7,553.0,0.1673,1,12200.0,1,rural,fulltime,0,0,0,594.0
Male,62,55_plus,GroupA,24700.0,8.0,45.0,514.0,0.287,2,12000.0,1,rural,fulltime,0,0,0,488.0
Female,52,under_55,GroupB,30900.0,16.5,30.3,336.0,0.7138,1,21500.0,24,urban,selfemployed,0,0,1,429.0
Male,35,under_55,GroupB,29900.0,15.2,15.1,569.0,0.5188,0,20200.0,1,urban,fulltime,0,1,1,542.0
Male,43,under_55,GroupA,22900.0,12.7,19.9,445.0,0.4074,2,23200.0,4,suburban,fulltime,0,0,0,432.0
Female,50,under_55,GroupA,35700.0,13.0,28.6,734.0,0.2819,0,49500.0,7,suburban,fulltime,0,1,1,695.0
Male,51,under_55,GroupB,46800.0,13.2,31.7,652.0,0.2779,0,21400.0,0,suburban,fulltime,0,1,1,621.0
Male,53,under_55,GroupA,18800.0,16.2,28.7,605.0,0.2475,1,12700.0,1,rural,selfemployed,0,1,1,587.0
Female,47,under_55,GroupA,19500.0,16.1,21.7,538.0,0.1116,1,7500.0,16,suburban,parttime,0,0,1,531.0
Female,52,under_55,GroupA,34500.0,13.9,28.2,470.0,0.5612,1,13100.0,10,suburban,fulltime,1,0,0,471.0
Female,44,under_55,GroupC,21000.0,15.9,18.0,676.0,0.1944,0,20300.0,10,suburban,fulltime,0,0,1,587.0
Male,46,under_55,GroupA,39100.0,13.8,25.5,665.0,0.3196,0,9100.0,0,suburban,selfemployed,0,1,1,637.0
Female,43,under_55,GroupA,19100.0,17.1,24.4,627.0,0.115,1,5800.0,18,urban,fulltime,0,1,1,603.0
Male,59,55_plus,GroupB,45600.0,12.4,40.4,495.0,0.6903,0,37400.0,3,suburban,fulltime,0,0,0,535.0
Male,18,under_55,GroupA,34100.0,16.6,0.0,532.0,0.3842,0,10000.0,1,suburban,parttime,0,1,1,519.0
Male,49,under_55,GroupB,24800.0,13.2,31.3,643.0,0.3374,0,15400.0,2,suburban,fulltime,0,1,1,601.0
Female,41,under_55,GroupB,27200.0,10.8,26.9,700.0,0.3311,0,25600.0,16,urban,fulltime,0,0,1,614.0
Female,59,55_plus,GroupB,25200.0,14.8,38.3,637.0,0.323,1,13100.0,20,urban,selfemployed,1,1,1,531.0
Male,18,under_55,GroupA,25100.0,15.0,0.0,505.0,0.2542,0,11100.0,0,urban,fulltime,0,0,0,507.0
Male,53,under_55,GroupA,28600.0,12.9,32.4,575.0,0.5628,0,25100.0,1,suburban,fulltime,1,1,1,555.0
Male,50,under_55,GroupB,40400.0,12.2,35.4,530.0,0.6152,0,23000.0,2,suburban,fulltime,0,0,1,509.0
Female,51,under_55,GroupB,20000.0,12.6,27.6,454.0,0.288,2,9800.0,13,urban,fulltime,1,0,0,445.0
Male,48,under_55,GroupA,30400.0,11.3,35.0,610.0,0.2732,0,23000.0,3,rural,selfemployed,1,1,1,603.0
Male,56,55_plus,GroupA,35300.0,13.7,38.6,538.0,0.4636,1,19200.0,2,urban,selfemployed,0,0,0,547.0
Female,24,under_55,GroupB,17100.0,16.0,0.2,359.0,0.3428,1,25600.0,21,urban,fulltime,0,0,0,409.0
Female,43,under_55,GroupA,35400.0,17.2,17.7,453.0,0.5726,2,38700.0,16,suburban,fulltime,0,0,0,428.0
Female,51,under_55,GroupA,30400.0,12.1,29.8,536.0,0.3422,0,29300.0,2,urban,parttime,0,1,1,603.0
Male,56,55_plus,GroupA,46100.0,15.9,31.6,334.0,0.95,2,27300.0,2,suburban,fulltime,0,0,0,350.0
Male,70,55_plus,GroupC,36500.0,14.0,45.0,578.0,0.3514,1,34900.0,1,urban,fulltime,0,0,0,540.0
Male,49,under_55,GroupB,17000.0,13.8,32.4,546.0,0.2849,0,4600.0,0,suburban,parttime,0,0,0,538.0
Male,54,under_55,GroupB,41100.0,13.9,38.9,589.0,0.5822,0,12800.0,2,suburban,fulltime,0,1,1,581.0
Female,47,under_55,GroupA,25300.0,14.4,28.4,404.0,0.6241,2,6100.0,18,urban,parttime,1,0,0,411.0
Male,52,under_55,GroupA,15400.0,11.5,31.5,593.0,0.084,0,8200.0,0,urban,fulltime,0,1,1,601.0
Male,44,under_55,GroupB,42000.0,12.7,26.1,745.0,0.0913,0,42700.0,11,urban,fulltime,0,1,1,746.0
Female,31,under_55,GroupA,19400.0,15.4,14.3,505.0,0.4282,0,8100.0,14,suburban,fulltime,0,0,0,496.0
Male,18,under_55,GroupB,19100.0,10.8,1.5,574.0,0.0797,0,21400.0,1,rural,fulltime,0,1,1,562.0
Male,24,under_55,GroupA,39200.0,14.0,5.4,501.0,0.6057,0,33100.0,2,suburban,fulltime,1,0,0,495.0
Male,63,55_plus,GroupB,19300.0,16.3,45.0,450.0,0.4255,2,10500.0,1,suburban,selfemployed,0,0,0,465.0
Female,56,55_plus,GroupC,19500.0,11.0,41.2,568.0,0.2603,1,15400.0,7,rural,fulltime,0,1,1,570.0
Male,45,under_55,GroupA,46500.0,16.6,22.1,557.0,0.5205,1,11100.0,0,suburban,fulltime,1,1,1,566.0
Male,29,under_55,GroupC,21700.0,11.6,14.9,478.0,0.3031,2,9500.0,4,urban,parttime,0,0,1,462.0
Female,23,under_55,GroupA,24200.0,11.0,2.0,386.0,0.8158,0,25000.0,7,rural,parttime,0,0,0,387.0
Male,46,under_55,GroupA,24100.0,15.4,20.5,530.0,0.2978,1,14600.0,2,suburban,fulltime,0,1,1,516.0
Female,23,under_55,GroupA,34000.0,18.7,2.7,403.0,0.7342,0,17400.0,2,suburban,selfemployed,1,0,0,410.0
Female,53,under_55,GroupB,17200.0,15.3,33.3,489.0,0.457,1,13200.0,0,urban,parttime,0,0,0,466.0
Male,36,under_55,GroupA,70600.0,16.6,17.9,627.0,0.5388,0,42300.0,4,suburban,fulltime,0,1,1,628.0
Male,40,under_55,GroupB,33600.0,14.9,26.4,443.0,0.7497,1,25100.0,2,suburban,fulltime,0,0,0,449.0
Male,47,under_55,GroupB,23400.0,13.7,27.1,608.0,0.218,0,14000.0,0,urban,fulltime,0,0,0,631.0
Female,29,under_55,GroupA,22000.0,14.5,10.3,531.0,0.2902,0,12700.0,8,rural,fulltime,0,1,1,585.0
Female,20,under_55,GroupB,19300.0,13.4,3.3,300.0,0.3414,3,15500.0,11,rural,selfemployed,0,0,0,300.0
Female,38,under_55,GroupB,20100.0,13.5,17.8,584.0,0.1705,0,18400.0,3,urban,parttime,0,1,1,590.0
Female,50,under_55,GroupA,23800.0,15.6,27.0,533.0,0.3166,1,17000.0,18,urban,parttime,0,1,1,539.0
Female,37,under_55,GroupA,22400.0,13.5,17.1,412.0,0.5315,2,31100.0,10,suburban,fulltime,1,0,0,395.0
Male,61,55_plus,GroupA,31100.0,13.2,42.7,645.0,0.1895,1,22700.0,1,suburban,fulltime,1,1,1,628.0
Male,21,under_55,GroupB,37800.0,14.0,1.7,515.0,0.3558,0,14400.0,1,urban,selfemployed,0,0,0,512.0
Male,45,under_55,GroupA,24000.0,15.4,21.0,604.0,0.2185,0,5400.0,3,suburban,selfemployed,0,1,1,610.0
Female,34,under_55,GroupA,24800.0,13.5,14.3,611.0,0.1753,0,11500.0,17,rural,fulltime,0,1,1,631.0
Male,78,55_plus,GroupA,29000.0,12.8,45.0,534.0,0.3059,1,17000.0,3,urban,fulltime,1,0,0,544.0
Male,44,under_55,GroupA,48300.0,14.5,25.9,736.0,0.1495,0,77600.0,13,rural,fulltime,0,1,1,748.0
Female,54,under_55,GroupB,20300.0,13.1,32.0,372.0,0.6099,0,7000.0,15,urban,parttime,0,0,0,443.0
Male,59,55_plus,GroupA,56500.0,14.9,31.3,742.0,0.144,0,17400.0,3,suburban,fulltime,0,1,1,747.0
Male,57,55_plus,GroupA,39500.0,14.0,44.0,704.0,0.1057,0,17500.0,2,urban,fulltime,0,1,1,713.0
Male,57,55_plus,GroupA,48200.0,14.2,40.2,735.0,0.1914,0,23800.0,2,rural,parttime,0,1,1,758.0
Female,44,under_55,GroupA,33300.0,12.7,24.8,531.0,0.4864,0,12800.0,1,suburban,fulltime,1,0,0,546.0
Female,63,55_plus,GroupA,14400.0,12.1,43.5,508.0,0.195,1,9400.0,12,suburban,fulltime,0,0,1,485.0
Female,58,55_plus,GroupA,30700.0,13.0,37.3,541.0,0.3341,1,23400.0,0,urban,selfemployed,0,1,1,552.0
Male,30,under_55,GroupC,25800.0,16.3,6.9,451.0,0.6177,2,19000.0,0,suburban,fulltime,1,0,0,378.0
Male,31,under_55,GroupC,57400.0,15.5,9.1,615.0,0.6334,0,18000.0,1,suburban,fulltime,0,1,1,587.0
Male,26,under_55,GroupB,31900.0,11.8,11.9,633.0,0.2377,0,11600.0,2,urban,fulltime,0,1,1,640.0
Male,41,under_55,GroupA,25000.0,10.1,28.3,429.0,0.4223,2,9400.0,1,rural,fulltime,0,1,1,427.0
Female,60,55_plus,GroupA,22000.0,14.7,38.5,407.0,0.5191,1,17400.0,1,urban,parttime,0,0,0,458.0
Male,47,under_55,GroupB,39800.0,15.0,27.6,646.0,0.1895,0,41900.0,0,urban,fulltime,1,0,1,656.0
Male,49,under_55,GroupA,28800.0,13.2,29.9,586.0,0.421,0,13400.0,4,rural,fulltime,0,1,1,597.0
Female,27,under_55,GroupA,43700.0,15.6,10.3,637.0,0.3728,0,71100.0,9,suburban,fulltime,0,1,1,629.0
Male,55,55_plus,GroupA,18300.0,15.0,29.2,378.0,0.9123,0,13900.0,2,rural,fulltime,1,0,0,391.0
Female,53,under_55,GroupA,69700.0,20.5,29.0,725.0,0.1759,0,80400.0,14,suburban,fulltime,0,1,1,733.0
Male,48,under_55,GroupA,25200.0,12.3,28.6,570.0,0.1796,1,21000.0,0,urban,parttime,0,1,1,583.0
Male,40,under_55,GroupB,33500.0,17.8,23.2,576.0,0.3953,1,22100.0,2,suburban,fulltime,0,0,0,525.0
Female,48,under_55,GroupA,23800.0,19.3,25.4,593.0,0.2151,0,8800.0,0,suburban,parttime,0,1,1,556.0
Female,55,55_plus,GroupA,20000.0,13.1,34.8,472.0,0.3636,1,20700.0,4,urban,fulltime,1,0,0,496.0
Female,61,55_plus,GroupA,21100.0,12.0,38.8,554.0,0.1496,0,8100.0,8,rural,fulltime,0,1,1,606.0
Female,30,under_55,GroupA,29100.0,14.5,10.1,608.0,0.2852,0,19500.0,21,suburban,selfemployed,0,1,1,600.0
Male,60,55_plus,GroupA,25200.0,15.3,40.1,545.0,0.3132,0,47600.0,3,urban,fulltime,0,0,1,552.0
Female,48,under_55,GroupA,15600.0,14.4,28.3,464.0,0.2721,1,9000.0,13,rural,fulltime,0,0,0,482.0
Male,58,55_plus,GroupA,29500.0,16.2,31.4,545.0,0.2624,1,35200.0,0,suburban,parttime,0,0,0,537.0
Female,26,under_55,GroupA,21200.0,12.0,9.4,445.0,0.3074,2,7900.0,7,suburban,parttime,0,0,0,441.0
Female,37,under_55,GroupA,23700.0,14.4,14.3,688.0,0.0519,0,9100.0,16,rural,fulltime,0,1,1,638.0
Male,19,under_55,GroupC,26200.0,17.1,0.0,526.0,0.1191,0,11900.0,1,urban,fulltime,0,0,0,529.0
Female,28,under_55,GroupA,20200.0,13.3,12.9,302.0,0.7703,2,8400.0,11,suburban,fulltime,0,0,0,309.0
Male,51,under_55,GroupC,26900.0,12.0,34.0,651.0,0.1367,1,24600.0,1,urban,selfemployed,0,1,1,612.0
Male,27,under_55,GroupB,11100.0,15.0,1.4,378.0,0.2666,3,3100.0,0,urban,fulltime,1,0,0,300.0
Male,40,under_55,GroupC,21800.0,13.4,18.6,569.0,0.1182,0,18200.0,4,suburban,selfemployed,0,1,1,664.0
Male,18,under_55,GroupA,32400.0,14.7,0.0,459.0,0.2843,2,18200.0,1,urban,fulltime,1,1,1,445.0
Male,45,under_55,GroupA,29000.0,17.3,18.5,433.0,0.4546,2,29000.0,0,urban,fulltime,0,0,0,442.0
Female,29,under_55,GroupA,20400.0,13.9,9.9,344.0,0.5759,4,24400.0,20,rural,selfemployed,0,0,0,300.0
Male,40,under_55,GroupA,61000.0,16.3,17.7,642.0,0.4003,0,29800.0,10,suburban,fulltime,0,1,1,619.0
Female,32,under_55,GroupA,64600.0,17.2,8.4,593.0,0.4862,0,56700.0,16,suburban,fulltime,0,1,1,604.0
Male,45,under_55,GroupB,35000.0,14.2,19.1,560.0,0.4487,1,22400.0,2,urban,fulltime,0,0,0,518.0
Female,44,under_55,GroupB,22000.0,13.0,27.0,548.0,0.1438,1,12100.0,6,urban,fulltime,0,0,1,599.0
Male,60,55_plus,GroupA,18700.0,13.0,40.5,559.0,0.2981,0,14400.0,1,rural,fulltime,0,1,1,547.0
Male,51,under_55,GroupC,65400.0,14.6,25.1,601.0,0.5916,0,26400.0,1,rural,fulltime,0,1,1,598.0
Female,42,under_55,GroupA,31800.0,13.4,25.9,743.0,0.0874,0,19100.0,2,rural,fulltime,1,0,1,708.0
Female,25,under_55,GroupC,23600.0,17.2,5.0,453.0,0.6333,2,14000.0,12,urban,selfemployed,0,0,0,334.0
Female,23,under_55,GroupA,30700.0,15.7,0.0,616.0,0.1371,0,22700.0,13,rural,fulltime,0,1,1,624.0
Male,51,under_55,GroupB,20400.0,14.0,31.9,573.0,0.1528,2,10700.0,1,urban,selfemployed,0,0,0,514.0
Male,29,under_55,GroupC,28000.0,15.0,3.3,565.0,0.334,0,11900.0,3,urban,fulltime,0,0,0,535.0
Male,32,under_55,GroupC,34000.0,12.0,14.2,588.0,0.4347,1,14900.0,1,urban,fulltime,0,0,0,513.0
Female,51,under_55,GroupA,26700.0,12.6,25.3,485.0,0.5904,0,18400.0,1,suburban,parttime,0,0,0,486.0
Male,42,under_55,GroupA,34700.0,17.4,17.3,544.0,0.5957,0,16400.0,1,suburban,fulltime,0,1,1,560.0
Female,41,under_55,GroupA,23000.0,13.8,19.5,547.0,0.349,1,23000.0,11,rural,parttime,1,0,0,504.0
Male,43,under_55,GroupA,36600.0,16.1,20.6,516.0,0.5924,0,17400.0,2,rural,fulltime,1,0,0,527.0
Male,72,55_plus,GroupA,21500.0,11.0,45.0,360.0,0.9051,0,13700.0,0,suburban,fulltime,0,0,0,373.0
Male,28,under_55,GroupA,55900.0,16.0,7.7,647.0,0.4561,0,29600.0,1,suburban,fulltime,0,1,1,646.0
Male,20,under_55,GroupA,20400.0,14.3,0.0,452.0,0.3775,0,10000.0,1,suburban,fulltime,1,0,0,454.0
Female,25,under_55,GroupB,19600.0,16.7,0.0,487.0,0.1794,0,10400.0,18,urban,parttime,1,0,0,486.0
Male,67,55_plus,GroupC,25500.0,14.2,45.0,593.0,0.1827,1,19000.0,2,urban,fulltime,0,0,1,595.0
Male,38,under_55,GroupA,25100.0,11.2,25.5,585.0,0.1642,1,12300.0,0,urban,fulltime,0,0,0,581.0
Female,39,under_55,GroupB,28300.0,11.0,21.5,551.0,0.3021,0,21600.0,2,urban,selfemployed,0,1,1,594.0
Female,49,under_55,GroupA,80600.0,17.0,25.5,767.0,0.3365,0,45100.0,17,suburban,fulltime,0,1,1,723.0
Female,49,under_55,GroupA,58400.0,16.0,23.6,535.0,0.7561,0,37900.0,1,suburban,selfemployed,0,1,1,567.0
Female,52,under_55,GroupC,30700.0,13.9,31.1,567.0,0.188,1,16300.0,11,urban,fulltime,0,0,0,590.0
Female,47,under_55,GroupA,13900.0,12.4,24.8,573.0,0.1904,0,6000.0,18,suburban,fulltime,0,1,1,554.0
Female,42,under_55,GroupA,27800.0,14.5,21.5,466.0,0.5066,0,34200.0,12,suburban,parttime,0,1,1,489.0
Female,37,under_55,GroupB,29600.0,12.7,17.6,540.0,0.526,0,13400.0,3,urban,fulltime,0,1,1,557.0
Male,37,under_55,GroupA,44800.0,18.1,20.9,550.0,0.6606,0,17600.0,3,suburban,fulltime,1,0,0,535.0
Female,42,under_55,GroupC,19700.0,12.1,22.1,641.0,0.2284,0,11600.0,18,urban,selfemployed,0,1,1,617.0
Female,45,under_55,GroupA,26400.0,17.7,24.3,419.0,0.8115,1,11200.0,18,suburban,fulltime,1,0,0,407.0
Male,32,under_55,GroupC,25400.0,13.7,13.1,450.0,0.3934,1,15700.0,0,urban,fulltime,1,0,0,501.0
Male,42,under_55,GroupA,47600.0,13.8,28.4,616.0,0.1923,1,43600.0,1,urban,fulltime,1,1,1,598.0
Female,51,under_55,GroupA,19300.0,14.9,30.9,535.0,0.2475,0,17500.0,9,suburban,fulltime,0,0,1,562.0
Female,57,55_plus,GroupB,26900.0,14.2,36.2,623.0,0.5108,0,8200.0,7,urban,fulltime,0,0,0,559.0
Male,18,under_55,GroupB,32000.0,15.6,0.0,544.0,0.1116,1,23700.0,0,urban,fulltime,0,0,0,549.0
Male,32,under_55,GroupB,33000.0,16.6,11.9,581.0,0.3606,0,17800.0,2,urban,fulltime,0,1,1,572.0
Female,37,under_55,GroupB,15500.0,9.5,18.9,454.0,0.5571,0,10200.0,0,urban,selfemployed,1,0,0,462.0
Male,18,under_55,GroupA,53200.0,17.6,0.0,562.0,0.1251,1,21500.0,2,suburban,selfemployed,0,1,1,576.0
Female,34,under_55,GroupC,61300.0,21.3,7.1,720.0,0.5059,0,69600.0,12,rural,selfemployed,0,0,1,614.0
Female,35,under_55,GroupB,35500.0,15.9,21.1,300.0,0.5478,3,11800.0,12,suburban,fulltime,1,0,0,370.0
Male,56,55_plus,GroupB,30300.0,14.1,33.6,365.0,0.5889,2,17100.0,1,suburban,selfemployed,0,0,0,398.0
Male,58,55_plus,GroupA,32700.0,14.3,30.7,618.0,0.2723,1,12500.0,1,suburban,fulltime,0,1,1,622.0
Male,42,under_55,GroupC,22100.0,13.1,23.8,486.0,0.5587,0,12000.0,9,rural,fulltime,0,0,0,512.0
Female,45,under_55,GroupB,26500.0,13.9,20.5,567.0,0.2864,1,28200.0,9,urban,fulltime,0,1,1,530.0
Male,53,under_55,GroupA,30900.0,17.5,34.0,576.0,0.2994,1,15700.0,2,suburban,selfemployed,0,1,1,569.0
Male,71,55_plus,GroupB,23100.0,12.5,45.0,644.0,0.1682,1,18900.0,1,rural,fulltime,1,1,1,601.0
Male,39,under_55,GroupA,12700.0,15.2,17.7,453.0,0.4141,0,8600.0,0,suburban,fulltime,0,0,0,440.0
Male,47,under_55,GroupA,35800.0,16.4,23.7,461.0,0.6303,2,26600.0,1,suburban,fulltime,1,0,0,464.0
Female,66,55_plus,GroupA,11400.0,15.4,42.9,300.0,0.4198,3,12700.0,9,rural,parttime,0,0,0,300.0
Female,40,under_55,GroupA,39300.0,15.0,20.0,421.0,0.7763,1,8400.0,14,rural,fulltime,1,1,1,475.0
Male,48,under_55,GroupC,22800.0,15.1,24.9,300.0,0.7053,2,15000.0,1,suburban,fulltime,0,0,0,339.0
Male,47,under_55,GroupA,67700.0,15.0,29.0,642.0,0.5414,0,56100.0,2,urban,fulltime,1,1,1,637.0
Male,45,under_55,GroupC,24900.0,15.3,20.9,300.0,0.5337,4,8300.0,4,rural,fulltime,0,0,0,300.0
Male,18,under_55,GroupA,36500.0,14.8,0.0,467.0,0.4612,0,46300.0,1,urban,fulltime,0,1,1,480.0
Male,36,under_55,GroupA,26200.0,15.5,18.5,490.0,0.3352,1,7900.0,15,suburban,fulltime,0,1,1,493.0
Female,49,under_55,GroupA,27600.0,15.1,29.2,598.0,0.3878,0,14900.0,13,rural,fulltime,0,0,1,608.0
Male,44,under_55,GroupA,53800.0,17.7,20.1,628.0,0.1828,1,32100.0,1,urban,selfemployed,0,1,1,644.0
Male,28,under_55,GroupC,22800.0,9.7,12.9,606.0,0.2335,0,13600.0,2,urban,fulltime,1,0,1,640.0
Male,35,under_55,GroupC,17100.0,13.9,9.8,455.0,0.5317,0,10300.0,2,rural,selfemployed,1,0,0,447.0
Female,56,55_plus,GroupC,28500.0,11.4,40.9,587.0,0.4026,1,18900.0,11,urban,parttime,1,0,0,494.0
Male,60,55_plus,GroupA,23300.0,10.0,37.0,349.0,0.7393,1,10900.0,1,suburban,selfemployed,0,0,0,373.0
Male,61,55_plus,GroupA,50600.0,12.6,45.0,717.0,0.2729,0,31700.0,3,suburban,fulltime,0,1,1,704.0
Male,32,under_55,GroupA,31100.0,11.6,13.7,474.0,0.6735,1,16500.0,1,suburban,parttime,0,0,0,462.0
Female,38,under_55,GroupA,17800.0,15.2,11.8,594.0,0.1897,0,10400.0,21,suburban,parttime,0,0,0,577.0
Male,47,under_55,GroupA,57400.0,16.1,23.4,736.0,0.249,0,45600.0,2,suburban,fulltime,1,1,1,732.0
Male,77,55_plus,GroupA,29300.0,12.2,45.0,449.0,0.4646,2,6100.0,1,urban,fulltime,0,0,0,474.0
Male,58,55_plus,GroupC,26000.0,12.7,40.0,617.0,0.3448,0,14800.0,6,urban,fulltime,0,0,0,613.0
Male,35,under_55,GroupB,51100.0,11.6,14.3,644.0,0.3832,0,59400.0,24,urban,fulltime,0,0,0,635.0
Male,39,under_55,GroupB,21200.0,10.3,25.6,653.0,0.0767,0,11500.0,3,suburban,parttime,0,1,1,646.0
Female,46,under_55,GroupA,37000.0,14.8,23.9,460.0,0.522,1,19100.0,2,urban,parttime,0,0,0,547.0
Female,45,under_55,GroupA,20100.0,13.0,25.9,402.0,0.5233,1,12700.0,16,suburban,parttime,1,0,0,422.0
Male,47,under_55,GroupA,24700.0,14.1,25.8,528.0,0.2353,1,18500.0,1,urban,fulltime,1,1,1,539.0
Male,48,under_55,GroupA,15800.0,12.8,27.2,483.0,0.5453,0,5400.0,4,rural,selfemployed,0,0,0,460.0
Female,48,under_55,GroupA,9600.0,10.3,35.1,323.0,0.6164,3,4300.0,10,rural,fulltime,1,0,0,300.0
Male,18,under_55,GroupB,20500.0,13.2,2.5,392.0,0.3005,2,10700.0,0,urban,fulltime,0,0,0,402.0
Male,68,55_plus,GroupA,21500.0,14.6,45.0,434.0,0.7229,1,27200.0,3,suburban,parttime,0,0,0,433.0
Female,44,under_55,GroupC,26300.0,11.5,25.3,542.0,0.2777,0,17600.0,7,rural,selfemployed,0,1,1,599.0
Male,20,under_55,GroupB,21000.0,11.9,4.3,491.0,0.3154,1,11400.0,0,suburban,fulltime,1,0,0,449.0
Male,31,under_55,GroupB,30400.0,12.9,8.8,645.0,0.1608,0,53300.0,0,suburban,fulltime,0,1,1,655.0
Female,37,under_55,GroupA,58700.0,19.2,12.8,562.0,0.5805,0,32600.0,1,urban,parttime,0,0,1,580.0
Male,46,under_55,GroupB,28900.0,13.6,28.6,738.0,0.0567,0,14600.0,4,urban,fulltime,0,0,1,654.0
Male,57,55_plus,GroupB,27000.0,14.6,29.9,575.0,0.3405,0,13700.0,0,suburban,fulltime,1,1,1,571.0
Male,18,under_55,GroupA,30300.0,14.8,0.0,511.0,0.4352,0,22100.0,2,urban,fulltime,0,1,1,501.0
Female,48,under_55,GroupA,26200.0,10.8,29.0,431.0,0.8675,0,22100.0,13,urban,parttime,1,0,0,427.0
Male,51,under_55,GroupA,42000.0,14.9,34.6,563.0,0.5592,1,22600.0,2,suburban,fulltime,1,1,1,546.0
Male,44,under_55,GroupB,35800.0,16.0,23.5,507.0,0.5668,0,23400.0,0,urban,fulltime,1,1,1,544.0
Male,36,under_55,GroupA,35800.0,14.8,20.1,635.0,0.3908,0,23600.0,1,urban,fulltime,0,1,1,634.0
Female,36,under_55,GroupB,22500.0,14.3,14.6,560.0,0.294,1,14700.0,12,urban,fulltime,0,0,0,565.0
Male,37,under_55,GroupB,24100.0,16.2,18.0,421.0,0.5338,2,29500.0,12,urban,fulltime,0,0,0,400.0
Male,40,under_55,GroupA,43800.0,13.4,21.9,481.0,0.7939,0,22400.0,11,suburban,fulltime,0,1,1,512.0
Male,18,under_55,GroupA,16200.0,11.4,0.0,356.0,0.3354,1,7700.0,4,suburban,parttime,0,0,0,378.0
Male,75,55_plus,GroupB,26200.0,13.6,45.0,353.0,0.4281,3,7200.0,2,urban,selfemployed,0,0,0,362.0
Male,69,55_plus,GroupB,22500.0,15.2,45.0,528.0,0.4475,1,5800.0,0,suburban,fulltime,1,0,0,512.0
Female,43,under_55,GroupA,14800.0,17.1,22.2,457.0,0.3902,0,5700.0,11,rural,parttime,0,0,1,526.0
Male,39,under_55,GroupA,23700.0,14.9,17.0,554.0,0.3762,0,4900.0,1,suburban,fulltime,0,1,1,548.0
Male,27,under_55,GroupA,64900.0,17.4,4.5,617.0,0.3757,0,31100.0,1,suburban,fulltime,0,1,1,622.0
Male,57,55_plus,GroupA,20700.0,12.4,43.0,450.0,0.318,2,23300.0,2,suburban,fulltime,0,0,0,454.0
Male,38,under_55,GroupA,53400.0,17.0,18.6,595.0,0.459,1,24100.0,1,urban,fulltime,0,1,1,585.0
Male,33,under_55,GroupA,54300.0,11.6,16.3,694.0,0.3179,0,37200.0,0,suburban,selfemployed,0,1,1,669.0
Female,37,under_55,GroupB,57000.0,16.9,15.0,599.0,0.4878,0,46000.0,14,rural,parttime,0,0,1,639.0
Male,51,under_55,GroupB,49700.0,14.5,25.5,634.0,0.396,0,24700.0,4,suburban,fulltime,1,1,1,633.0
Female,49,under_55,GroupA,49400.0,18.3,26.7,660.0,0.3281,1,38200.0,13,suburban,fulltime,0,1,1,629.0
Male,27,under_55,GroupA,39600.0,11.4,5.3,524.0,0.4859,0,11800.0,1,suburban,fulltime,0,0,0,524.0
Male,53,under_55,GroupA,31100.0,8.6,35.8,679.0,0.1976,0,9600.0,0,rural,fulltime,0,1,1,651.0
Male,21,under_55,GroupB,30000.0,11.3,4.8,575.0,0.3397,0,29300.0,17,urban,selfemployed,0,0,0,524.0
Male,64,55_plus,GroupA,28200.0,14.8,45.0,351.0,0.5587,3,6000.0,0,suburban,fulltime,0,0,0,370.0
Male,61,55_plus,GroupC,45300.0,10.8,45.0,534.0,0.1729,2,29600.0,1,rural,fulltime,1,1,1,529.0
Female,33,under_55,GroupA,18700.0,11.3,19.3,492.0,0.184,1,7900.0,12,suburban,fulltime,0,1,1,548.0
Male,42,under_55,GroupA,29000.0,16.3,21.2,535.0,0.3318,1,6100.0,1,urban,fulltime,0,1,1,538.0
Female,35,under_55,GroupB,23600.0,16.5,13.1,582.0,0.0877,0,11300.0,15,suburban,fulltime,0,1,1,661.0
Male,44,under_55,GroupB,27600.0,11.4,27.6,551.0,0.5647,0,15000.0,0,suburban,fulltime,0,0,0,533.0
Male,54,under_55,GroupB,59700.0,14.5,31.7,722.0,0.3122,0,77500.0,5,urban,fulltime,0,0,0,695.0
Male,39,under_55,GroupA,26800.0,12.4,15.2,550.0,0.2858,1,14200.0,1,urban,fulltime,0,0,0,559.0
Female,35,under_55,GroupB,25000.0,14.6,15.9,581.0,0.1684,1,13300.0,13,urban,selfemployed,0,0,0,577.0
Female,23,under_55,GroupA,11400.0,11.4,9.0,441.0,0.2593,1,5800.0,0,suburban,parttime,0,0,0,455.0
Female,36,under_55,GroupB,18500.0,11.6,21.3,604.0,0.3183,0,20000.0,13,urban,fulltime,0,1,1,587.0
Male,28,under_55,GroupA,21700.0,18.6,0.6,480.0,0.303,1,13000.0,0,rural,fulltime,1,0,0,475.0
Male,40,under_55,GroupA,30100.0,15.4,22.1,454.0,0.502,0,13700.0,2,rural,fulltime,0,0,0,475.0
Female,18,under_55,GroupA,27600.0,15.7,0.0,605.0,0.1297,0,15400.0,11,suburban,fulltime,0,1,1,587.0
Male,29,under_55,GroupB,24600.0,12.4,11.7,614.0,0.3028,0,15200.0,0,rural,selfemployed,0,0,0,595.0
Male,51,under_55,GroupA,42800.0,17.8,28.3,772.0,0.1197,0,31100.0,3,suburban,parttime,1,1,1,747.0
Female,51,under_55,GroupA,7000.0,8.0,37.5,321.0,0.6478,2,4100.0,13,urban,parttime,0,0,0,300.0
Male,31,under_55,GroupA,23400.0,15.9,11.0,446.0,0.3627,3,13300.0,0,urban,fulltime,0,0,0,422.0
Female,46,under_55,GroupA,20700.0,14.8,26.0,477.0,0.4238,1,12800.0,0,rural,fulltime,0,0,0,497.0
Male,56,55_plus,GroupA,13000.0,15.1,37.0,487.0,0.225,1,6500.0,2,urban,selfemployed,0,0,0,495.0
Male,60,55_plus,GroupB,29400.0,14.1,42.3,446.0,0.4008,2,24500.0,0,urban,fulltime,0,1,1,459.0
Male,25,under_55,GroupA,27500.0,16.7,3.7,422.0,0.4702,1,24500.0,1,suburban,fulltime,1,0,0,416.0
Female,38,under_55,GroupB,31900.0,13.0,15.1,635.0,0.3721,0,12700.0,19,urban,fulltime,0,0,1,605.0
Male,29,under_55,GroupA,35400.0,16.3,10.2,665.0,0.119,0,52400.0,1,suburban,fulltime,1,1,1,645.0
Female,50,under_55,GroupA,25300.0,12.1,27.2,529.0,0.3713,2,14700.0,18,suburban,fulltime,0,1,1,499.0
Male,67,55_plus,GroupA,32800.0,12.3,43.6,625.0,0.2548,0,19000.0,2,suburban,selfemployed,0,0,0,612.0
Female,58,55_plus,GroupA,11800.0,11.0,41.0,320.0,0.6779,2,6500.0,11,suburban,fulltime,0,0,0,301.0
Male,38,under_55,GroupA,22700.0,13.2,15.2,553.0,0.3605,1,22700.0,2,suburban,fulltime,1,1,1,557.0
Female,45,under_55,GroupA,27600.0,13.4,24.5,426.0,0.5082,2,17300.0,2,suburban,fulltime,0,0,0,392.0
Male,46,under_55,GroupA,50000.0,16.2,22.5,478.0,0.8086,0,36100.0,2,rural,fulltime,0,0,0,462.0
Female,44,under_55,GroupC,16500.0,13.6,23.9,416.0,0.3683,2,4200.0,11,urban,selfemployed,0,0,1,386.0
Male,57,55_plus,GroupB,29600.0,13.6,40.0,564.0,0.3611,1,10500.0,2,urban,fulltime,0,0,0,567.0
Male,70,55_plus,GroupA,20700.0,15.9,45.0,590.0,0.1506,1,31100.0,3,rural,fulltime,0,1,1,583.0
Male,52,under_55,GroupB,32700.0,15.2,32.3,491.0,0.3808,1,12400.0,4,rural,fulltime,0,1,1,533.0
Male,39,under_55,GroupC,10700.0,11.8,24.4,507.0,0.301,0,17300.0,11,urban,fulltime,0,0,0,477.0
Female,24,under_55,GroupA,22600.0,16.2,0.0,502.0,0.3937,0,22500.0,7,suburban,fulltime,0,1,1,474.0
Female,47,under_55,GroupA,18100.0,13.6,27.2,629.0,0.2844,0,16800.0,0,urban,fulltime,0,1,1,585.0
Male,18,under_55,GroupA,19000.0,11.7,3.5,514.0,0.1421,1,17900.0,2,suburban,selfemployed,1,0,0,507.0
Male,45,under_55,GroupA,25200.0,10.7,29.9,609.0,0.2884,0,9800.0,0,suburban,parttime,0,1,1,627.0
Male,41,under_55,GroupA,33000.0,14.8,14.8,455.0,0.6845,1,35900.0,1,suburban,fulltime,0,1,1,459.0
Male,19,under_55,GroupB,42300.0,14.4,1.7,645.0,0.0231,0,41700.0,2,urban,fulltime,0,1,1,702.0
Female,32,under_55,GroupC,39200.0,13.2,13.2,494.0,0.8179,1,30600.0,0,urban,selfemployed,0,0,0,442.0
Female,48,under_55,GroupB,34900.0,16.7,27.8,420.0,0.5548,1,24700.0,6,urban,parttime,0,0,0,502.0
